goal	target	indicator	seriesCode	seriesDesc	release	geoAreaCode	geoAreaName	parentCode	parentName	type	ISO3	UN_Member	X	Y	unitsCode	unitsDesc	unitmultiplierCode	unitmultiplierDesc	reportingTypeCode	reportingTypeDesc	footnotes	sources	timeDetails	nature_2015	value_numeric_part_2015	value_is_censored_2015	value_detail_2015	value_numeric_part_latest	value_is_censored_latest	value_detail_latest	latest_year
15	15.1	15.1.1	AG_LND_TOTL	Land area (thousands of hectares)	2019.Q1.G.03	004	Afghanistan	034	Southern Asia	Country	AFG	1	66.02688198	33.83160199	HA_TH	Thousands of hectares			G	Global		[2015]: FAOSTAT		E : Estimated data	65286.0	False	65286	65286.0	False	65286	2015
15	15.1	15.1.1	AG_LND_TOTL	Land area (thousands of hectares)	2019.Q1.G.03	008	Albania	039	Southern Europe	Country	ALB	1	20.06660928	41.13897007	HA_TH	Thousands of hectares			G	Global		[2015]: FAOSTAT		C : Country data	2740.0	False	2740	2740.0	False	2740	2015
15	15.1	15.1.1	AG_LND_TOTL	Land area (thousands of hectares)	2019.Q1.G.03	010	Antarctica	001	World	Country	ATA	0	21.47585697	-80.40897662																	
15	15.1	15.1.1	AG_LND_TOTL	Land area (thousands of hectares)	2019.Q1.G.03	012	Algeria	015	Northern Africa	Country	DZA	1	2.678164227	28.15940032	HA_TH	Thousands of hectares			G	Global		[2015]: FAOSTAT		C : Country data	238174.0	False	238174	238174.0	False	238174	2015
15	15.1	15.1.1	AG_LND_TOTL	Land area (thousands of hectares)	2019.Q1.G.03	016	American Samoa	061	Polynesia	Country	ASM	0	-170.7187269	-14.30587306	HA_TH	Thousands of hectares			G	Global		[2015]: FAOSTAT		C : Country data	20.0	False	20	20.0	False	20	2015
15	15.1	15.1.1	AG_LND_TOTL	Land area (thousands of hectares)	2019.Q1.G.03	020	Andorra	039	Southern Europe	Country	AND	1	1.576257417	42.54548611	HA_TH	Thousands of hectares			G	Global		[2015]: FAOSTAT		C : Country data	47.0	False	47	47.0	False	47	2015
15	15.1	15.1.1	AG_LND_TOTL	Land area (thousands of hectares)	2019.Q1.G.03	024	Angola	017	Middle Africa	Country	AGO	1	17.57817062	-12.33724746	HA_TH	Thousands of hectares			G	Global		[2015]: FAOSTAT		C : Country data	124670.0	False	124670	124670.0	False	124670	2015
15	15.1	15.1.1	AG_LND_TOTL	Land area (thousands of hectares)	2019.Q1.G.03	028	Antigua and Barbuda	029	Caribbean	Country	ATG	1	-61.7999755	17.07761471	HA_TH	Thousands of hectares			G	Global		[2015]: FAOSTAT		C : Country data	44.0	False	44	44.0	False	44	2015
15	15.1	15.1.1	AG_LND_TOTL	Land area (thousands of hectares)	2019.Q1.G.03	031	Azerbaijan	145	Western Asia	Country	AZE	1	50.01064725	40.39229544	HA_TH	Thousands of hectares			G	Global		[2015]: FAOSTAT		C : Country data	8266.3	False	8266.3	8266.3	False	8266.3	2015
15	15.1	15.1.1	AG_LND_TOTL	Land area (thousands of hectares)	2019.Q1.G.03	032	Argentina	005	South America	Country	ARG	1	-65.14563274	-35.19446255	HA_TH	Thousands of hectares			G	Global		[2015]: FAOSTAT		E : Estimated data	273669.0	False	273669	273669.0	False	273669	2015
15	15.1	15.1.1	AG_LND_TOTL	Land area (thousands of hectares)	2019.Q1.G.03	036	Australia	053	Australia and New Zealand	Country	AUS	1	134.3499412	-25.57717202	HA_TH	Thousands of hectares			G	Global		[2015]: FAOSTAT		C : Country data	768230.0	False	768230	768230.0	False	768230	2015
15	15.1	15.1.1	AG_LND_TOTL	Land area (thousands of hectares)	2019.Q1.G.03	040	Austria	155	Western Europe	Country	AUT	1	14.14172472	47.58704857	HA_TH	Thousands of hectares			G	Global		[2015]: FAOSTAT		E : Estimated data	8252.3	False	8252.3	8252.3	False	8252.3	2015
15	15.1	15.1.1	AG_LND_TOTL	Land area (thousands of hectares)	2019.Q1.G.03	044	Bahamas	029	Caribbean	Country	BHS	1	-78.05111663	24.69546597	HA_TH	Thousands of hectares			G	Global		[2015]: FAOSTAT		E : Estimated data	1001.0	False	1001	1001.0	False	1001	2015
15	15.1	15.1.1	AG_LND_TOTL	Land area (thousands of hectares)	2019.Q1.G.03	048	Bahrain	145	Western Asia	Country	BHR	1	50.5490754	26.04407747	HA_TH	Thousands of hectares			G	Global		[2015]: FAOSTAT		C : Country data	77.8	False	77.8	77.8	False	77.8	2015
15	15.1	15.1.1	AG_LND_TOTL	Land area (thousands of hectares)	2019.Q1.G.03	050	Bangladesh	034	Southern Asia	Country	BGD	1	89.17660788	22.86961622	HA_TH	Thousands of hectares			G	Global		[2015]: FAOSTAT		E : Estimated data	13017.0	False	13017	13017.0	False	13017	2015
15	15.1	15.1.1	AG_LND_TOTL	Land area (thousands of hectares)	2019.Q1.G.03	051	Armenia	145	Western Asia	Country	ARM	1	44.93839317	40.29499741	HA_TH	Thousands of hectares			G	Global		[2015]: FAOSTAT		E : Estimated data	2847.0	False	2847	2847.0	False	2847	2015
15	15.1	15.1.1	AG_LND_TOTL	Land area (thousands of hectares)	2019.Q1.G.03	052	Barbados	029	Caribbean	Country	BRB	1	-59.5346489	13.13648273	HA_TH	Thousands of hectares			G	Global		[2015]: FAOSTAT		C : Country data	43.0	False	43	43.0	False	43	2015
15	15.1	15.1.1	AG_LND_TOTL	Land area (thousands of hectares)	2019.Q1.G.03	056	Belgium	155	Western Europe	Country	BEL	1	4.660976456	50.64104975	HA_TH	Thousands of hectares			G	Global		[2015]: FAOSTAT		E : Estimated data	3028.0	False	3028	3028.0	False	3028	2015
15	15.1	15.1.1	AG_LND_TOTL	Land area (thousands of hectares)	2019.Q1.G.03	060	Bermuda	021	Northern America	Country	BMU	0	-64.78155012	32.27881922	HA_TH	Thousands of hectares			G	Global		[2015]: FAOSTAT		C : Country data	5.4	False	5.4	5.4	False	5.4	2015
15	15.1	15.1.1	AG_LND_TOTL	Land area (thousands of hectares)	2019.Q1.G.03	064	Bhutan	034	Southern Asia	Country	BTN	1	90.45098484	27.39598568	HA_TH	Thousands of hectares			G	Global		[2015]: FAOSTAT		C : Country data	3811.7	False	3811.7	3811.7	False	3811.7	2015
15	15.1	15.1.1	AG_LND_TOTL	Land area (thousands of hectares)	2019.Q1.G.03	068	Bolivia (Plurinational State of)	005	South America	Country	BOL	1	-64.66224284	-16.71273412	HA_TH	Thousands of hectares			G	Global		[2015]: FAOSTAT		E : Estimated data	108330.0	False	108330	108330.0	False	108330	2015
15	15.1	15.1.1	AG_LND_TOTL	Land area (thousands of hectares)	2019.Q1.G.03	070	Bosnia and Herzegovina	039	Southern Europe	Country	BIH	1	17.78584332	44.16845548	HA_TH	Thousands of hectares			G	Global		[2015]: FAOSTAT		C : Country data	5120.0	False	5120	5120.0	False	5120	2015
15	15.1	15.1.1	AG_LND_TOTL	Land area (thousands of hectares)	2019.Q1.G.03	072	Botswana	018	Southern Africa	Country	BWA	1	23.81380223	-22.18810073	HA_TH	Thousands of hectares			G	Global		[2015]: FAOSTAT		E : Estimated data	56673.0	False	56673	56673.0	False	56673	2015
15	15.1	15.1.1	AG_LND_TOTL	Land area (thousands of hectares)	2019.Q1.G.03	074	Bouvet Island	005	South America	Country	BVT	0	3.410732868	-54.43295905																	
15	15.1	15.1.1	AG_LND_TOTL	Land area (thousands of hectares)	2019.Q1.G.03	076	Brazil	005	South America	Country	BRA	1	-53.08432878	-10.77668561	HA_TH	Thousands of hectares			G	Global		[2015]: FAOSTAT		E : Estimated data	835814.0	False	835814	835814.0	False	835814	2015
15	15.1	15.1.1	AG_LND_TOTL	Land area (thousands of hectares)	2019.Q1.G.03	084	Belize	013	Central America	Country	BLZ	1	-88.70199554	17.19965901	HA_TH	Thousands of hectares			G	Global		[2015]: FAOSTAT		E : Estimated data	2281.0	False	2281	2281.0	False	2281	2015
15	15.1	15.1.1	AG_LND_TOTL	Land area (thousands of hectares)	2019.Q1.G.03	086	British Indian Ocean Territory	014	Eastern Africa	Country	IOT	0	72.38715553	-7.299281071	HA_TH	Thousands of hectares			G	Global		[2015]: Not in FAOSTAT. Data from national Website.		E : Estimated data	6.0	False	6	6.0	False	6	2015
15	15.1	15.1.1	AG_LND_TOTL	Land area (thousands of hectares)	2019.Q1.G.03	090	Solomon Islands	054	Melanesia	Country	SLB	1	160.1584117	-9.622391719	HA_TH	Thousands of hectares			G	Global		[2015]: FAOSTAT		E : Estimated data	2799.0	False	2799	2799.0	False	2799	2015
15	15.1	15.1.1	AG_LND_TOTL	Land area (thousands of hectares)	2019.Q1.G.03	092	British Virgin Islands	029	Caribbean	Country	VGB	0	-64.63294223	18.42256578	HA_TH	Thousands of hectares			G	Global		[2015]: FAOSTAT		C : Country data	15.0	False	15	15.0	False	15	2015
15	15.1	15.1.1	AG_LND_TOTL	Land area (thousands of hectares)	2019.Q1.G.03	096	Brunei Darussalam	035	South-Eastern Asia	Country	BRN	1	114.6288563	4.49736984	HA_TH	Thousands of hectares			G	Global		[2015]: FAOSTAT		E : Estimated data	527.0	False	527	527.0	False	527	2015
15	15.1	15.1.1	AG_LND_TOTL	Land area (thousands of hectares)	2019.Q1.G.03	100	Bulgaria	151	Eastern Europe	Country	BGR	1	25.23763153	42.75731323	HA_TH	Thousands of hectares			G	Global		[2015]: FAOSTAT		E : Estimated data	10856.0	False	10856	10856.0	False	10856	2015
15	15.1	15.1.1	AG_LND_TOTL	Land area (thousands of hectares)	2019.Q1.G.03	104	Myanmar	035	South-Eastern Asia	Country	MMR	1	96.51752295	21.19332882	HA_TH	Thousands of hectares			G	Global		[2015]: FAOSTAT		E : Estimated data	65308.0	False	65308	65308.0	False	65308	2015
15	15.1	15.1.1	AG_LND_TOTL	Land area (thousands of hectares)	2019.Q1.G.03	108	Burundi	014	Eastern Africa	Country	BDI	1	29.89080992	-3.366387428	HA_TH	Thousands of hectares			G	Global		[2015]: FAOSTAT		E : Estimated data	2568.0	False	2568	2568.0	False	2568	2015
15	15.1	15.1.1	AG_LND_TOTL	Land area (thousands of hectares)	2019.Q1.G.03	112	Belarus	151	Eastern Europe	Country	BLR	1	28.04940161	53.54193075	HA_TH	Thousands of hectares			G	Global		[2015]: FAOSTAT		C : Country data	20297.8	False	20297.8	20297.8	False	20297.8	2015
15	15.1	15.1.1	AG_LND_TOTL	Land area (thousands of hectares)	2019.Q1.G.03	116	Cambodia	035	South-Eastern Asia	Country	KHM	1	104.922836	12.71163737	HA_TH	Thousands of hectares			G	Global		[2015]: FAOSTAT		E : Estimated data	17652.0	False	17652	17652.0	False	17652	2015
15	15.1	15.1.1	AG_LND_TOTL	Land area (thousands of hectares)	2019.Q1.G.03	120	Cameroon	017	Middle Africa	Country	CMR	1	12.7419827	5.692387031	HA_TH	Thousands of hectares			G	Global		[2015]: FAOSTAT		E : Estimated data	47271.0	False	47271	47271.0	False	47271	2015
15	15.1	15.1.1	AG_LND_TOTL	Land area (thousands of hectares)	2019.Q1.G.03	124	Canada	021	Northern America	Country	CAN	1	-101.6575058	57.72360191	HA_TH	Thousands of hectares			G	Global		[2015]: FAOSTAT		C : Country data	909351.0	False	909351	909351.0	False	909351	2015
15	15.1	15.1.1	AG_LND_TOTL	Land area (thousands of hectares)	2019.Q1.G.03	132	Cabo Verde	011	Western Africa	Country	CPV	1	-23.63544151	15.07791834	HA_TH	Thousands of hectares			G	Global		[2015]: FAOSTAT		C : Country data	403.0	False	403	403.0	False	403	2015
15	15.1	15.1.1	AG_LND_TOTL	Land area (thousands of hectares)	2019.Q1.G.03	136	Cayman Islands	029	Caribbean	Country	CYM	0	-81.16740559	19.32266656	HA_TH	Thousands of hectares			G	Global		[2015]: FAOSTAT		C : Country data	24.0	False	24	24.0	False	24	2015
15	15.1	15.1.1	AG_LND_TOTL	Land area (thousands of hectares)	2019.Q1.G.03	140	Central African Republic	017	Middle Africa	Country	CAF	1	20.93559492	7.003720791	HA_TH	Thousands of hectares			G	Global		[2015]: FAOSTAT		C : Country data	62298.0	False	62298	62298.0	False	62298	2015
15	15.1	15.1.1	AG_LND_TOTL	Land area (thousands of hectares)	2019.Q1.G.03	144	Sri Lanka	034	Southern Asia	Country	LKA	1	80.70489654	7.614693343	HA_TH	Thousands of hectares			G	Global		[2015]: FAOSTAT		C : Country data	6271.0	False	6271	6271.0	False	6271	2015
15	15.1	15.1.1	AG_LND_TOTL	Land area (thousands of hectares)	2019.Q1.G.03	148	Chad	017	Middle Africa	Country	TCD	1	18.66618401	15.36279341	HA_TH	Thousands of hectares			G	Global		[2015]: FAOSTAT		E : Estimated data	125920.0	False	125920	125920.0	False	125920	2015
15	15.1	15.1.1	AG_LND_TOTL	Land area (thousands of hectares)	2019.Q1.G.03	152	Chile	005	South America	Country	CHL	1	-71.23029019	-35.2652885	HA_TH	Thousands of hectares			G	Global		[2015]: FAOSTAT		E : Estimated data	74353.2	False	74353.2	74353.2	False	74353.2	2015
15	15.1	15.1.1	AG_LND_TOTL	Land area (thousands of hectares)	2019.Q1.G.03	156	China	030	Eastern Asia	Country	CHN	1	104.1403375	32.30955217	HA_TH	Thousands of hectares			G	Global		[2015]: FAOSTAT		E : Estimated data	942470.14	False	942470.14	942470.14	False	942470.14	2015
15	15.1	15.1.1	AG_LND_TOTL	Land area (thousands of hectares)	2019.Q1.G.03	162	Christmas Island	053	Australia and New Zealand	Country	CXR	0	105.6426067	-10.4882473	HA_TH	Thousands of hectares			G	Global		[2015]: In FAOSTAT included in Australia. Data from Website.		E : Estimated data	13.5	False	13.5	13.5	False	13.5	2015
15	15.1	15.1.1	AG_LND_TOTL	Land area (thousands of hectares)	2019.Q1.G.03	166	Cocos (Keeling) Islands	053	Australia and New Zealand	Country	CCK	0	96.82633757	-12.18600682	HA_TH	Thousands of hectares			G	Global		[2015]: In FAOSTAT included in Australia. Data from Website.		E : Estimated data	1.37	False	1.37	1.37	False	1.37	2015
15	15.1	15.1.1	AG_LND_TOTL	Land area (thousands of hectares)	2019.Q1.G.03	170	Colombia	005	South America	Country	COL	1	-73.07446751	3.888209046	HA_TH	Thousands of hectares			G	Global		[2015]: FAOSTAT		C : Country data	110950.0	False	110950	110950.0	False	110950	2015
15	15.1	15.1.1	AG_LND_TOTL	Land area (thousands of hectares)	2019.Q1.G.03	174	Comoros	014	Eastern Africa	Country	COM	1	43.34234565	-11.66121732	HA_TH	Thousands of hectares			G	Global		[2015]: FAOSTAT		C : Country data	186.1	False	186.1	186.1	False	186.1	2015
15	15.1	15.1.1	AG_LND_TOTL	Land area (thousands of hectares)	2019.Q1.G.03	175	Mayotte	014	Eastern Africa	Country	MYT	0	45.14015057	-12.82217691	HA_TH	Thousands of hectares			G	Global		[2015]: FAOSTAT		C : Country data	37.4	False	37.4	37.4	False	37.4	2015
15	15.1	15.1.1	AG_LND_TOTL	Land area (thousands of hectares)	2019.Q1.G.03	178	Congo	011	Western Africa	Country	COG	1	15.22052612	-0.840544119	HA_TH	Thousands of hectares			G	Global		[2015]: FAOSTAT		E : Estimated data	34150.0	False	34150	34150.0	False	34150	2015
15	15.1	15.1.1	AG_LND_TOTL	Land area (thousands of hectares)	2019.Q1.G.03	180	Democratic Republic of the Congo	017	Middle Africa	Country	COD	1	23.65496507	-2.877154732	HA_TH	Thousands of hectares			G	Global		[2015]: FAOSTAT		E : Estimated data	226705.0	False	226705	226705.0	False	226705	2015
15	15.1	15.1.1	AG_LND_TOTL	Land area (thousands of hectares)	2019.Q1.G.03	184	Cook Islands	061	Polynesia	Country	COK	0	-159.7711391	-21.22696458	HA_TH	Thousands of hectares			G	Global		[2015]: FAOSTAT		C : Country data	24.0	False	24	24.0	False	24	2015
15	15.1	15.1.1	AG_LND_TOTL	Land area (thousands of hectares)	2019.Q1.G.03	188	Costa Rica	013	Central America	Country	CRI	1	-84.19712782	9.970998683	HA_TH	Thousands of hectares			G	Global		[2015]: FAOSTAT		E : Estimated data	5106.0	False	5106	5106.0	False	5106	2015
15	15.1	15.1.1	AG_LND_TOTL	Land area (thousands of hectares)	2019.Q1.G.03	191	Croatia	039	Southern Europe	Country	HRV	1	17.95874553	45.45172212	HA_TH	Thousands of hectares			G	Global		[2015]: FAOSTAT		E : Estimated data	5596.0	False	5596	5596.0	False	5596	2015
15	15.1	15.1.1	AG_LND_TOTL	Land area (thousands of hectares)	2019.Q1.G.03	192	Cuba	029	Caribbean	Country	CUB	1	-79.54460144	22.10030366	HA_TH	Thousands of hectares			G	Global		[2015]: FAOSTAT		E : Estimated data	10402.0	False	10402	10402.0	False	10402	2015
15	15.1	15.1.1	AG_LND_TOTL	Land area (thousands of hectares)	2019.Q1.G.03	196	Cyprus	145	Western Asia	Country	CYP	1	33.22285964	35.05659437	HA_TH	Thousands of hectares			G	Global		[2015]: FAOSTAT		C : Country data	924.0	False	924	924.0	False	924	2015
15	15.1	15.1.1	AG_LND_TOTL	Land area (thousands of hectares)	2019.Q1.G.03	203	Czechia	151	Eastern Europe	Country	CZE	1	15.33151382	49.73913871	HA_TH	Thousands of hectares			G	Global		[2015]: FAOSTAT		C : Country data	7721.0	False	7721	7721.0	False	7721	2015
15	15.1	15.1.1	AG_LND_TOTL	Land area (thousands of hectares)	2019.Q1.G.03	204	Benin	011	Western Africa	Country	BEN	1	2.339933594	9.65401646	HA_TH	Thousands of hectares			G	Global		[2015]: FAOSTAT		E : Estimated data	11276.0	False	11276	11276.0	False	11276	2015
15	15.1	15.1.1	AG_LND_TOTL	Land area (thousands of hectares)	2019.Q1.G.03	208	Denmark	154	Northern Europe	Country	DNK	1	9.326571283	56.03829721	HA_TH	Thousands of hectares			G	Global		[2015]: FAOSTAT		E : Estimated data	4199.0	False	4199	4199.0	False	4199	2015
15	15.1	15.1.1	AG_LND_TOTL	Land area (thousands of hectares)	2019.Q1.G.03	212	Dominica	029	Caribbean	Country	DMA	1	-61.3493756	15.43391378	HA_TH	Thousands of hectares			G	Global		[2015]: FAOSTAT		C : Country data	75.0	False	75	75.0	False	75	2015
15	15.1	15.1.1	AG_LND_TOTL	Land area (thousands of hectares)	2019.Q1.G.03	214	Dominican Republic	029	Caribbean	Country	DOM	1	-70.49847576	18.89832088	HA_TH	Thousands of hectares			G	Global		[2015]: FAOSTAT		E : Estimated data	4831.0	False	4831	4831.0	False	4831	2015
15	15.1	15.1.1	AG_LND_TOTL	Land area (thousands of hectares)	2019.Q1.G.03	218	Ecuador	005	South America	Country	ECU	1	-78.37005241	-1.447785891	HA_TH	Thousands of hectares			G	Global		[2015]: FAOSTAT		E : Estimated data	24836.0	False	24836	24836.0	False	24836	2015
15	15.1	15.1.1	AG_LND_TOTL	Land area (thousands of hectares)	2019.Q1.G.03	222	El Salvador	013	Central America	Country	SLV	1	-88.86862995	13.73603564	HA_TH	Thousands of hectares			G	Global		[2015]: FAOSTAT		E : Estimated data	2072.0	False	2072	2072.0	False	2072	2015
15	15.1	15.1.1	AG_LND_TOTL	Land area (thousands of hectares)	2019.Q1.G.03	226	Equatorial Guinea	017	Middle Africa	Country	GNQ	1	10.46535826	1.565792376	HA_TH	Thousands of hectares			G	Global		[2015]: FAOSTAT		C : Country data	2805.0	False	2805	2805.0	False	2805	2015
15	15.1	15.1.1	AG_LND_TOTL	Land area (thousands of hectares)	2019.Q1.G.03	231	Ethiopia	014	Eastern Africa	Country	ETH	1	39.63505296	8.631223181	HA_TH	Thousands of hectares			G	Global		[2015]: FAOSTAT		E : Estimated data	100000.0	False	100000	100000.0	False	100000	2015
15	15.1	15.1.1	AG_LND_TOTL	Land area (thousands of hectares)	2019.Q1.G.03	232	Eritrea	014	Eastern Africa	Country	ERI	1	38.11074289	16.12894644	HA_TH	Thousands of hectares			G	Global		[2015]: FAOSTAT		E : Estimated data	10100.0	False	10100	10100.0	False	10100	2015
15	15.1	15.1.1	AG_LND_TOTL	Land area (thousands of hectares)	2019.Q1.G.03	233	Estonia	154	Northern Europe	Country	EST	1	25.84093481	58.68487172	HA_TH	Thousands of hectares			G	Global		[2015]: FAOSTAT		C : Country data	4347.0	False	4347	4347.0	False	4347	2015
15	15.1	15.1.1	AG_LND_TOTL	Land area (thousands of hectares)	2019.Q1.G.03	234	Faroe Islands	154	Northern Europe	Country	FRO	0	-7.122044325	62.21228119	HA_TH	Thousands of hectares			G	Global		[2015]: FAOSTAT		C : Country data	139.6	False	139.6	139.6	False	139.6	2015
15	15.1	15.1.1	AG_LND_TOTL	Land area (thousands of hectares)	2019.Q1.G.03	238	Falkland Islands (Malvinas)	005	South America	Country	FLK	0	-58.75246778	-51.74562601	HA_TH	Thousands of hectares			G	Global		[2015]: FAOSTAT		C : Country data	1217.0	False	1217	1217.0	False	1217	2015
15	15.1	15.1.1	AG_LND_TOTL	Land area (thousands of hectares)	2019.Q1.G.03	239	South Georgia and the South Sandwich Islands	005	South America	Country	SGS	0	-36.90662765	-54.20736749	HA_TH	Thousands of hectares			G	Global		[2015]: Not in FAOSTAT. Data from Website.		E : Estimated data	390.3	False	390.3	390.3	False	390.3	2015
15	15.1	15.1.1	AG_LND_TOTL	Land area (thousands of hectares)	2019.Q1.G.03	242	Fiji	054	Melanesia	Country	FJI	1	177.9660884	-17.83301566	HA_TH	Thousands of hectares			G	Global		[2015]: FAOSTAT		E : Estimated data	1827.0	False	1827	1827.0	False	1827	2015
15	15.1	15.1.1	AG_LND_TOTL	Land area (thousands of hectares)	2019.Q1.G.03	246	Finland	154	Northern Europe	Country	FIN	1	23.308447	61.91586738	HA_TH	Thousands of hectares			G	Global		[2015]: FAOSTAT		C : Country data	30391.0	False	30391	30391.0	False	30391	2015
15	15.1	15.1.1	AG_LND_TOTL	Land area (thousands of hectares)	2019.Q1.G.03	248	Åland Islands	154	Northern Europe	Country	ALA	0	19.80945969	60.1544901	HA_TH	Thousands of hectares			G	Global		[2015]: In FAOSTAT included under Finland. Data from Website.		E : Estimated data	158.0	False	158	158.0	False	158	2015
15	15.1	15.1.1	AG_LND_TOTL	Land area (thousands of hectares)	2019.Q1.G.03	250	France	155	Western Europe	Country	FRA	1	2.457288129	46.62660861	HA_TH	Thousands of hectares			G	Global		[2015]: FAOSTAT		E : Estimated data	54755.5	False	54755.5	54755.5	False	54755.5	2015
15	15.1	15.1.1	AG_LND_TOTL	Land area (thousands of hectares)	2019.Q1.G.03	254	French Guiana	005	South America	Country	GUF	0	-53.23619089	3.922673437	HA_TH	Thousands of hectares			G	Global		[2015]: FAOSTAT		E : Estimated data	8220.0	False	8220	8220.0	False	8220	2015
15	15.1	15.1.1	AG_LND_TOTL	Land area (thousands of hectares)	2019.Q1.G.03	258	French Polynesia	061	Polynesia	Country	PYF	0	-149.4052367	-17.67709294	HA_TH	Thousands of hectares			G	Global		[2015]: FAOSTAT		E : Estimated data	366.0	False	366	366.0	False	366	2015
15	15.1	15.1.1	AG_LND_TOTL	Land area (thousands of hectares)	2019.Q1.G.03	260	French Southern Territories	014	Eastern Africa	Country	ATF	0	69.64849091	-49.6068576	HA_TH	Thousands of hectares			G	Global		[2015]: Not in FAOSTAT. Data from Website. Excludes the part on the Antarctic continent		E : Estimated data	778.1	False	778.1	778.1	False	778.1	2015
15	15.1	15.1.1	AG_LND_TOTL	Land area (thousands of hectares)	2019.Q1.G.03	262	Djibouti	014	Eastern Africa	Country	DJI	1	42.18274707	11.56004161	HA_TH	Thousands of hectares			G	Global		[2015]: FAOSTAT		E : Estimated data	2318.0	False	2318	2318.0	False	2318	2015
15	15.1	15.1.1	AG_LND_TOTL	Land area (thousands of hectares)	2019.Q1.G.03	266	Gabon	017	Middle Africa	Country	GAB	1	11.78727747	-0.60687619	HA_TH	Thousands of hectares			G	Global		[2015]: FAOSTAT		C : Country data	25767.0	False	25767	25767.0	False	25767	2015
15	15.1	15.1.1	AG_LND_TOTL	Land area (thousands of hectares)	2019.Q1.G.03	268	Georgia	145	Western Asia	Country	GEO	1	43.3713615	42.04813028	HA_TH	Thousands of hectares			G	Global		[2015]: FAOSTAT		E : Estimated data	6949.0	False	6949	6949.0	False	6949	2015
15	15.1	15.1.1	AG_LND_TOTL	Land area (thousands of hectares)	2019.Q1.G.03	270	Gambia	011	Western Africa	Country	GMB	1	-15.39944785	13.45295927	HA_TH	Thousands of hectares			G	Global		[2015]: FAOSTAT		E : Estimated data	1012.0	False	1012	1012.0	False	1012	2015
15	15.1	15.1.1	AG_LND_TOTL	Land area (thousands of hectares)	2019.Q1.G.03	275	State of Palestine	145	Western Asia	Country	PSE	0	35.25694122	31.94347933	HA_TH	Thousands of hectares			G	Global		[2015]: FAOSTAT		C : Country data	602.0	False	602	602.0	False	602	2015
15	15.1	15.1.1	AG_LND_TOTL	Land area (thousands of hectares)	2019.Q1.G.03	276	Germany	155	Western Europe	Country	DEU	1	10.3806066	51.08862743	HA_TH	Thousands of hectares			G	Global		[2015]: FAOSTAT		E : Estimated data	34885.9	False	34885.9	34885.9	False	34885.9	2015
15	15.1	15.1.1	AG_LND_TOTL	Land area (thousands of hectares)	2019.Q1.G.03	288	Ghana	011	Western Africa	Country	GHA	1	-1.205623522	7.964825185	HA_TH	Thousands of hectares			G	Global		[2015]: FAOSTAT		E : Estimated data	22754.0	False	22754	22754.0	False	22754	2015
15	15.1	15.1.1	AG_LND_TOTL	Land area (thousands of hectares)	2019.Q1.G.03	292	Gibraltar	039	Southern Europe	Country	GIB	0	-5.347561686	36.13895036	HA_TH	Thousands of hectares			G	Global		[2015]: FAOSTAT		C : Country data	1.0	False	1	1.0	False	1	2015
15	15.1	15.1.1	AG_LND_TOTL	Land area (thousands of hectares)	2019.Q1.G.03	296	Kiribati	057	Micronesia	Country	KIR	1	-157.5643005	1.768837732	HA_TH	Thousands of hectares			G	Global		[2015]: FAOSTAT		E : Estimated data	81.0	False	81	81.0	False	81	2015
15	15.1	15.1.1	AG_LND_TOTL	Land area (thousands of hectares)	2019.Q1.G.03	300	Greece	039	Southern Europe	Country	GRC	1	22.58307827	39.47301873	HA_TH	Thousands of hectares			G	Global		[2015]: FAOSTAT		E : Estimated data	12890.0	False	12890	12890.0	False	12890	2015
15	15.1	15.1.1	AG_LND_TOTL	Land area (thousands of hectares)	2019.Q1.G.03	304	Greenland	021	Northern America	Country	GRL	0	-41.39371316	74.75625681	HA_TH	Thousands of hectares			G	Global		[2015]: FAOSTAT		C : Country data	41045.0	False	41045	41045.0	False	41045	2015
15	15.1	15.1.1	AG_LND_TOTL	Land area (thousands of hectares)	2019.Q1.G.03	308	Grenada	029	Caribbean	Country	GRD	1	-61.68248568	12.11238395	HA_TH	Thousands of hectares			G	Global		[2015]: FAOSTAT		C : Country data	34.0	False	34	34.0	False	34	2015
15	15.1	15.1.1	AG_LND_TOTL	Land area (thousands of hectares)	2019.Q1.G.03	312	Guadeloupe	029	Caribbean	Country	GLP	0	-61.64762115	16.14416917	HA_TH	Thousands of hectares			G	Global		[2015]: FAOSTAT		E : Estimated data	161.6	False	161.6	161.6	False	161.6	2015
15	15.1	15.1.1	AG_LND_TOTL	Land area (thousands of hectares)	2019.Q1.G.03	316	Guam	057	Micronesia	Country	GUM	0	144.7029305	13.35485404	HA_TH	Thousands of hectares			G	Global		[2015]: FAOSTAT		C : Country data	54.0	False	54	54.0	False	54	2015
15	15.1	15.1.1	AG_LND_TOTL	Land area (thousands of hectares)	2019.Q1.G.03	320	Guatemala	013	Central America	Country	GTM	1	-91.2312746	15.00273719	HA_TH	Thousands of hectares			G	Global		[2015]: FAOSTAT		E : Estimated data	10716.0	False	10716	10716.0	False	10716	2015
15	15.1	15.1.1	AG_LND_TOTL	Land area (thousands of hectares)	2019.Q1.G.03	324	Guinea	011	Western Africa	Country	GIN	1	-11.28173419	11.00210343	HA_TH	Thousands of hectares			G	Global		[2015]: FAOSTAT		E : Estimated data	24572.0	False	24572	24572.0	False	24572	2015
15	15.1	15.1.1	AG_LND_TOTL	Land area (thousands of hectares)	2019.Q1.G.03	328	Guyana	005	South America	Country	GUY	1	-58.97322037	4.788012784	HA_TH	Thousands of hectares			G	Global		[2015]: FAOSTAT		E : Estimated data	19685.0	False	19685	19685.0	False	19685	2015
15	15.1	15.1.1	AG_LND_TOTL	Land area (thousands of hectares)	2019.Q1.G.03	332	Haiti	029	Caribbean	Country	HTI	1	-72.33640958	18.40426539	HA_TH	Thousands of hectares			G	Global		[2015]: FAOSTAT		E : Estimated data	2756.0	False	2756	2756.0	False	2756	2015
15	15.1	15.1.1	AG_LND_TOTL	Land area (thousands of hectares)	2019.Q1.G.03	334	Heard Island and McDonald Islands	053	Australia and New Zealand	Country	HMD	0	73.52633626	-53.09106147	HA_TH	Thousands of hectares			G	Global		[2015]: Not in FAOSTAT. Data from Website.		E : Estimated data	36.8	False	36.8	36.8	False	36.8	2015
15	15.1	15.1.1	AG_LND_TOTL	Land area (thousands of hectares)	2019.Q1.G.03	336	Holy See	039	Southern Europe	Country	VAT	0	12.45315803	41.90343751	HA_TH	Thousands of hectares			G	Global		[2015]: Not in FAOSTAT. Data from national website		C : Country data	0.0439	False	0.0439	0.0439	False	0.0439	2015
15	15.1	15.1.1	AG_LND_TOTL	Land area (thousands of hectares)	2019.Q1.G.03	340	Honduras	013	Central America	Country	HND	1	-86.59974381	14.82243161	HA_TH	Thousands of hectares			G	Global		[2015]: FAOSTAT		E : Estimated data	11189.0	False	11189	11189.0	False	11189	2015
15	15.1	15.1.1	AG_LND_TOTL	Land area (thousands of hectares)	2019.Q1.G.03	344	China, Hong Kong Special Administrative Region	030	Eastern Asia	Country	HKG	0	114.0266445	22.41749934	HA_TH	Thousands of hectares			G	Global		[2015]: FAOSTAT		E : Estimated data	105.0	False	105	105.0	False	105	2015
15	15.1	15.1.1	AG_LND_TOTL	Land area (thousands of hectares)	2019.Q1.G.03	348	Hungary	151	Eastern Europe	Country	HUN	1	19.41221519	47.1651448	HA_TH	Thousands of hectares			G	Global		[2015]: FAOSTAT		C : Country data	9053.0	False	9053	9053.0	False	9053	2015
15	15.1	15.1.1	AG_LND_TOTL	Land area (thousands of hectares)	2019.Q1.G.03	352	Iceland	154	Northern Europe	Country	ISL	1	-19.02116966	64.79134763	HA_TH	Thousands of hectares			G	Global		[2015]: FAOSTAT		E : Estimated data	10025.0	False	10025	10025.0	False	10025	2015
15	15.1	15.1.1	AG_LND_TOTL	Land area (thousands of hectares)	2019.Q1.G.03	356	India	034	Southern Asia	Country	IND	1	79.3608464	22.34642074	HA_TH	Thousands of hectares			G	Global		[2015]: FAOSTAT		E : Estimated data	297319.0	False	297319	297319.0	False	297319	2015
15	15.1	15.1.1	AG_LND_TOTL	Land area (thousands of hectares)	2019.Q1.G.03	360	Indonesia	035	South-Eastern Asia	Country	IDN	1	113.9174	-0.994582204	HA_TH	Thousands of hectares			G	Global		[2015]: FAOSTAT		E : Estimated data	181157.0	False	181157	181157.0	False	181157	2015
15	15.1	15.1.1	AG_LND_TOTL	Land area (thousands of hectares)	2019.Q1.G.03	364	Iran (Islamic Republic of)	034	Southern Asia	Country	IRN	1	54.19766348	32.74370885	HA_TH	Thousands of hectares			G	Global		[2015]: FAOSTAT		C : Country data	162876.0	False	162876	162876.0	False	162876	2015
15	15.1	15.1.1	AG_LND_TOTL	Land area (thousands of hectares)	2019.Q1.G.03	368	Iraq	145	Western Asia	Country	IRQ	1	43.76606267	33.05013795	HA_TH	Thousands of hectares			G	Global		[2015]: FAOSTAT		C : Country data	43412.8	False	43412.8	43412.8	False	43412.8	2015
15	15.1	15.1.1	AG_LND_TOTL	Land area (thousands of hectares)	2019.Q1.G.03	372	Ireland	154	Northern Europe	Country	IRL	1	-7.121425272	53.25274054	HA_TH	Thousands of hectares			G	Global		[2015]: FAOSTAT		C : Country data	6889.0	False	6889	6889.0	False	6889	2015
15	15.1	15.1.1	AG_LND_TOTL	Land area (thousands of hectares)	2019.Q1.G.03	376	Israel	145	Western Asia	Country	ISR	1	34.62277992	31.06164552	HA_TH	Thousands of hectares			G	Global		[2015]: FAOSTAT		C : Country data	2164.0	False	2164	2164.0	False	2164	2015
15	15.1	15.1.1	AG_LND_TOTL	Land area (thousands of hectares)	2019.Q1.G.03	380	Italy	039	Southern Europe	Country	ITA	1	12.57022427	42.79917282	HA_TH	Thousands of hectares			G	Global		[2015]: FAOSTAT		E : Estimated data	29414.0	False	29414	29414.0	False	29414	2015
15	15.1	15.1.1	AG_LND_TOTL	Land area (thousands of hectares)	2019.Q1.G.03	384	Côte d'Ivoire	011	Western Africa	Country	CIV	1	-5.552690016	7.62211586	HA_TH	Thousands of hectares			G	Global		[2015]: FAOSTAT		E : Estimated data	31800.0	False	31800	31800.0	False	31800	2015
15	15.1	15.1.1	AG_LND_TOTL	Land area (thousands of hectares)	2019.Q1.G.03	388	Jamaica	029	Caribbean	Country	JAM	1	-77.31068409	18.15616857	HA_TH	Thousands of hectares			G	Global		[2015]: FAOSTAT		E : Estimated data	1083.0	False	1083	1083.0	False	1083	2015
15	15.1	15.1.1	AG_LND_TOTL	Land area (thousands of hectares)	2019.Q1.G.03	392	Japan	030	Eastern Asia	Country	JPN	1	139.2716103	36.6554539	HA_TH	Thousands of hectares			G	Global		[2015]: FAOSTAT		E : Estimated data	36456.0	False	36456	36456.0	False	36456	2015
15	15.1	15.1.1	AG_LND_TOTL	Land area (thousands of hectares)	2019.Q1.G.03	398	Kazakhstan	143	Central Asia	Country	KAZ	1	66.65359159	48.01963494	HA_TH	Thousands of hectares			G	Global		[2015]: FAOSTAT		E : Estimated data	269970.0	False	269970	269970.0	False	269970	2015
15	15.1	15.1.1	AG_LND_TOTL	Land area (thousands of hectares)	2019.Q1.G.03	400	Jordan	145	Western Asia	Country	JOR	1	37.13024774	30.65365973	HA_TH	Thousands of hectares			G	Global		[2015]: FAOSTAT		E : Estimated data	8878.0	False	8878	8878.0	False	8878	2015
15	15.1	15.1.1	AG_LND_TOTL	Land area (thousands of hectares)	2019.Q1.G.03	404	Kenya	014	Eastern Africa	Country	KEN	1	37.86096816	0.534797278	HA_TH	Thousands of hectares			G	Global		[2015]: FAOSTAT		E : Estimated data	56914.0	False	56914	56914.0	False	56914	2015
15	15.1	15.1.1	AG_LND_TOTL	Land area (thousands of hectares)	2019.Q1.G.03	408	Democratic People's Republic of Korea	030	Eastern Asia	Country	PRK	1	127.1803633	40.1462645	HA_TH	Thousands of hectares			G	Global		[2015]: FAOSTAT		E : Estimated data	12041.0	False	12041	12041.0	False	12041	2015
15	15.1	15.1.1	AG_LND_TOTL	Land area (thousands of hectares)	2019.Q1.G.03	410	Republic of Korea	030	Eastern Asia	Country	KOR	1	127.8610254	36.45201023	HA_TH	Thousands of hectares			G	Global		[2015]: FAOSTAT		E : Estimated data	9744.5	False	9744.5	9744.5	False	9744.5	2015
15	15.1	15.1.1	AG_LND_TOTL	Land area (thousands of hectares)	2019.Q1.G.03	414	Kuwait	145	Western Asia	Country	KWT	1	47.49305029	29.53949468	HA_TH	Thousands of hectares			G	Global		[2015]: FAOSTAT		C : Country data	1782.0	False	1782	1782.0	False	1782	2015
15	15.1	15.1.1	AG_LND_TOTL	Land area (thousands of hectares)	2019.Q1.G.03	417	Kyrgyzstan	143	Central Asia	Country	KGZ	1	74.52324839	41.46204516	HA_TH	Thousands of hectares			G	Global		[2015]: FAOSTAT		E : Estimated data	19180.0	False	19180	19180.0	False	19180	2015
15	15.1	15.1.1	AG_LND_TOTL	Land area (thousands of hectares)	2019.Q1.G.03	418	Lao People's Democratic Republic	035	South-Eastern Asia	Country	LAO	1	101.9901968	20.27482773	HA_TH	Thousands of hectares			G	Global		[2015]: FAOSTAT		E : Estimated data	23080.0	False	23080	23080.0	False	23080	2015
15	15.1	15.1.1	AG_LND_TOTL	Land area (thousands of hectares)	2019.Q1.G.03	422	Lebanon	145	Western Asia	Country	LBN	1	35.89391711	33.92152458	HA_TH	Thousands of hectares			G	Global		[2015]: FAOSTAT		E : Estimated data	1023.0	False	1023	1023.0	False	1023	2015
15	15.1	15.1.1	AG_LND_TOTL	Land area (thousands of hectares)	2019.Q1.G.03	426	Lesotho	018	Southern Africa	Country	LSO	1	28.25362195	-29.58041814	HA_TH	Thousands of hectares			G	Global		[2015]: FAOSTAT		C : Country data	3036.0	False	3036	3036.0	False	3036	2015
15	15.1	15.1.1	AG_LND_TOTL	Land area (thousands of hectares)	2019.Q1.G.03	428	Latvia	154	Northern Europe	Country	LVA	1	26.42461876	56.64196636	HA_TH	Thousands of hectares			G	Global		[2015]: FAOSTAT		E : Estimated data	6218.0	False	6218	6218.0	False	6218	2015
15	15.1	15.1.1	AG_LND_TOTL	Land area (thousands of hectares)	2019.Q1.G.03	430	Liberia	011	Western Africa	Country	LBR	1	-9.311879038	6.448381009	HA_TH	Thousands of hectares			G	Global		[2015]: FAOSTAT		C : Country data	9632.0	False	9632	9632.0	False	9632	2015
15	15.1	15.1.1	AG_LND_TOTL	Land area (thousands of hectares)	2019.Q1.G.03	434	Libya	015	Northern Africa	Country	LBY	1	18.0295985	27.04042819	HA_TH	Thousands of hectares			G	Global		[2015]: FAOSTAT		E : Estimated data	175954.0	False	175954	175954.0	False	175954	2015
15	15.1	15.1.1	AG_LND_TOTL	Land area (thousands of hectares)	2019.Q1.G.03	438	Liechtenstein	155	Western Europe	Country	LIE	1	9.552985019	47.14167005	HA_TH	Thousands of hectares			G	Global		[2015]: FAOSTAT		C : Country data	16.0	False	16	16.0	False	16	2015
15	15.1	15.1.1	AG_LND_TOTL	Land area (thousands of hectares)	2019.Q1.G.03	440	Lithuania	154	Northern Europe	Country	LTU	1	23.90517807	55.33680309	HA_TH	Thousands of hectares			G	Global		[2015]: FAOSTAT		C : Country data	6265.0	False	6265	6265.0	False	6265	2015
15	15.1	15.1.1	AG_LND_TOTL	Land area (thousands of hectares)	2019.Q1.G.03	442	Luxembourg	155	Western Europe	Country	LUX	1	6.092656563	49.77679538	HA_TH	Thousands of hectares			G	Global		[2015]: FAOSTAT		C : Country data	243.0	False	243	243.0	False	243	2015
15	15.1	15.1.1	AG_LND_TOTL	Land area (thousands of hectares)	2019.Q1.G.03	446	China, Macao Special Administrative Region	030	Eastern Asia	Country	MAC	0	113.5665388	22.1237259	HA_TH	Thousands of hectares			G	Global		[2015]: FAOSTAT		C : Country data	3.04	False	3.04	3.04	False	3.04	2015
15	15.1	15.1.1	AG_LND_TOTL	Land area (thousands of hectares)	2019.Q1.G.03	450	Madagascar	014	Eastern Africa	Country	MDG	1	46.6982339	-19.38514785	HA_TH	Thousands of hectares			G	Global		[2015]: FAOSTAT		E : Estimated data	58180.0	False	58180	58180.0	False	58180	2015
15	15.1	15.1.1	AG_LND_TOTL	Land area (thousands of hectares)	2019.Q1.G.03	454	Malawi	014	Eastern Africa	Country	MWI	1	33.4884625	-13.40819859	HA_TH	Thousands of hectares			G	Global		[2015]: FAOSTAT		E : Estimated data	9428.0	False	9428	9428.0	False	9428	2015
15	15.1	15.1.1	AG_LND_TOTL	Land area (thousands of hectares)	2019.Q1.G.03	458	Malaysia	035	South-Eastern Asia	Country	MYS	1	116.8346314	5.452415309	HA_TH	Thousands of hectares			G	Global		[2015]: FAOSTAT		E : Estimated data	32855.0	False	32855	32855.0	False	32855	2015
15	15.1	15.1.1	AG_LND_TOTL	Land area (thousands of hectares)	2019.Q1.G.03	462	Maldives	034	Southern Asia	Country	MDV	1	73.09672546	-0.614385021	HA_TH	Thousands of hectares			G	Global		[2015]: FAOSTAT		C : Country data	30.0	False	30	30.0	False	30	2015
15	15.1	15.1.1	AG_LND_TOTL	Land area (thousands of hectares)	2019.Q1.G.03	466	Mali	011	Western Africa	Country	MLI	1	-3.522016039	17.35311254	HA_TH	Thousands of hectares			G	Global		[2015]: FAOSTAT		E : Estimated data	122019.0	False	122019	122019.0	False	122019	2015
15	15.1	15.1.1	AG_LND_TOTL	Land area (thousands of hectares)	2019.Q1.G.03	470	Malta	039	Southern Europe	Country	MLT	1	14.44617519	35.89194275	HA_TH	Thousands of hectares			G	Global		[2015]: FAOSTAT		C : Country data	32.0	False	32	32.0	False	32	2015
15	15.1	15.1.1	AG_LND_TOTL	Land area (thousands of hectares)	2019.Q1.G.03	474	Martinique	029	Caribbean	Country	MTQ	0	-60.91544135	14.56086108	HA_TH	Thousands of hectares			G	Global		[2015]: FAOSTAT		E : Estimated data	106.0	False	106	106.0	False	106	2015
15	15.1	15.1.1	AG_LND_TOTL	Land area (thousands of hectares)	2019.Q1.G.03	478	Mauritania	011	Western Africa	Country	MRT	1	-10.33187259	20.26089546	HA_TH	Thousands of hectares			G	Global		[2015]: FAOSTAT		C : Country data	103070.0	False	103070	103070.0	False	103070	2015
15	15.1	15.1.1	AG_LND_TOTL	Land area (thousands of hectares)	2019.Q1.G.03	480	Mauritius	014	Eastern Africa	Country	MUS	1	57.568022	-20.28581998	HA_TH	Thousands of hectares			G	Global		[2015]: FAOSTAT		C : Country data	203.0	False	203	203.0	False	203	2015
15	15.1	15.1.1	AG_LND_TOTL	Land area (thousands of hectares)	2019.Q1.G.03	484	Mexico	013	Central America	Country	MEX	1	-102.5148166	23.93378032	HA_TH	Thousands of hectares			G	Global		[2015]: FAOSTAT		C : Country data	194395.0	False	194395	194395.0	False	194395	2015
15	15.1	15.1.1	AG_LND_TOTL	Land area (thousands of hectares)	2019.Q1.G.03	492	Monaco	155	Western Europe	Country	MCO	1	7.424214814	43.73532918	HA_TH	Thousands of hectares			G	Global		[2015]: Not in FAOSTAT. Data from national website		C : Country data	0.2027	False	0.2027	0.2027	False	0.2027	2015
15	15.1	15.1.1	AG_LND_TOTL	Land area (thousands of hectares)	2019.Q1.G.03	496	Mongolia	030	Eastern Asia	Country	MNG	1	103.0728057	46.83892054	HA_TH	Thousands of hectares			G	Global		[2015]: FAOSTAT		E : Estimated data	155356.0	False	155356	155356.0	False	155356	2015
15	15.1	15.1.1	AG_LND_TOTL	Land area (thousands of hectares)	2019.Q1.G.03	498	Republic of Moldova	151	Eastern Europe	Country	MDA	1	28.4650624	47.20236795	HA_TH	Thousands of hectares			G	Global		[2015]: FAOSTAT		E : Estimated data	3288.0	False	3288	3288.0	False	3288	2015
15	15.1	15.1.1	AG_LND_TOTL	Land area (thousands of hectares)	2019.Q1.G.03	499	Montenegro	039	Southern Europe	Country	MNE	1	19.25214024	42.78717043	HA_TH	Thousands of hectares			G	Global		[2015]: FAOSTAT		E : Estimated data	1345.0	False	1345	1345.0	False	1345	2015
15	15.1	15.1.1	AG_LND_TOTL	Land area (thousands of hectares)	2019.Q1.G.03	500	Montserrat	029	Caribbean	Country	MSR	0	-62.19261223	16.73558313	HA_TH	Thousands of hectares			G	Global		[2015]: FAOSTAT		C : Country data	10.0	False	10	10.0	False	10	2015
15	15.1	15.1.1	AG_LND_TOTL	Land area (thousands of hectares)	2019.Q1.G.03	504	Morocco	015	Northern Africa	Country	MAR	1	-6.281942841	31.8440131	HA_TH	Thousands of hectares			G	Global		[2015]: FAOSTAT		E : Estimated data	44630.0	False	44630	44630.0	False	44630	2015
15	15.1	15.1.1	AG_LND_TOTL	Land area (thousands of hectares)	2019.Q1.G.03	508	Mozambique	014	Eastern Africa	Country	MOZ	1	38.18479941	-14.27963886	HA_TH	Thousands of hectares			G	Global		[2015]: FAOSTAT		C : Country data	78638.0	False	78638	78638.0	False	78638	2015
15	15.1	15.1.1	AG_LND_TOTL	Land area (thousands of hectares)	2019.Q1.G.03	512	Oman	145	Western Asia	Country	OMN	1	57.87743482	21.98805614	HA_TH	Thousands of hectares			G	Global		[2015]: FAOSTAT		C : Country data	30950.0	False	30950	30950.0	False	30950	2015
15	15.1	15.1.1	AG_LND_TOTL	Land area (thousands of hectares)	2019.Q1.G.03	516	Namibia	018	Southern Africa	Country	NAM	1	17.21907885	-22.13817068	HA_TH	Thousands of hectares			G	Global		[2015]: FAOSTAT		E : Estimated data	82329.0	False	82329	82329.0	False	82329	2015
15	15.1	15.1.1	AG_LND_TOTL	Land area (thousands of hectares)	2019.Q1.G.03	520	Nauru	057	Micronesia	Country	NRU	1	166.92313	-0.528742623	HA_TH	Thousands of hectares			G	Global		[2015]: FAOSTAT		C : Country data	2.0	False	2	2.0	False	2	2015
15	15.1	15.1.1	AG_LND_TOTL	Land area (thousands of hectares)	2019.Q1.G.03	524	Nepal	034	Southern Asia	Country	NPL	1	83.94678863	28.25866332	HA_TH	Thousands of hectares			G	Global		[2015]: FAOSTAT		C : Country data	14335.0	False	14335	14335.0	False	14335	2015
15	15.1	15.1.1	AG_LND_TOTL	Land area (thousands of hectares)	2019.Q1.G.03	528	Netherlands	155	Western Europe	Country	NLD	1	5.331480568	51.86728884	HA_TH	Thousands of hectares			G	Global		[2015]: FAOSTAT		E : Estimated data	3369.0	False	3369	3369.0	False	3369	2015
15	15.1	15.1.1	AG_LND_TOTL	Land area (thousands of hectares)	2019.Q1.G.03	530	Netherlands Antilles	029	Caribbean	Country	ANT	0	-68.30676179	12.22720635																	
15	15.1	15.1.1	AG_LND_TOTL	Land area (thousands of hectares)	2019.Q1.G.03	531	Curaçao	029	Caribbean	Country	CUW	0	-68.95033464	12.15058042	HA_TH	Thousands of hectares			G	Global		[2015]: Not in FAOSTAT. Data from national website		C : Country data	44.4	False	44.4	44.4	False	44.4	2015
15	15.1	15.1.1	AG_LND_TOTL	Land area (thousands of hectares)	2019.Q1.G.03	533	Aruba	029	Caribbean	Country	ABW	0	-69.97050586	12.50878756	HA_TH	Thousands of hectares			G	Global		[2015]: FAOSTAT		C : Country data	18.0	False	18	18.0	False	18	2015
15	15.1	15.1.1	AG_LND_TOTL	Land area (thousands of hectares)	2019.Q1.G.03	534	Sint Maarten (Dutch part)	029	Caribbean	Country	SXM	0	-63.06198692	18.03926508	HA_TH	Thousands of hectares			G	Global		[2015]: Not in FAOSTAT. Data from national website		C : Country data	3.4	False	3.4	3.4	False	3.4	2015
15	15.1	15.1.1	AG_LND_TOTL	Land area (thousands of hectares)	2019.Q1.G.03	540	New Caledonia	054	Melanesia	Country	NCL	0	165.5067368	-21.41742531	HA_TH	Thousands of hectares			G	Global		[2015]: FAOSTAT		C : Country data	1828.0	False	1828	1828.0	False	1828	2015
15	15.1	15.1.1	AG_LND_TOTL	Land area (thousands of hectares)	2019.Q1.G.03	548	Vanuatu	054	Melanesia	Country	VUT	1	167.0679779	-15.34445547	HA_TH	Thousands of hectares			G	Global		[2015]: FAOSTAT		E : Estimated data	1219.0	False	1219	1219.0	False	1219	2015
15	15.1	15.1.1	AG_LND_TOTL	Land area (thousands of hectares)	2019.Q1.G.03	554	New Zealand	053	Australia and New Zealand	Country	NZL	1	170.4755673	-43.98721568	HA_TH	Thousands of hectares			G	Global		[2015]: FAOSTAT		C : Country data	26331.0	False	26331	26331.0	False	26331	2015
15	15.1	15.1.1	AG_LND_TOTL	Land area (thousands of hectares)	2019.Q1.G.03	558	Nicaragua	013	Central America	Country	NIC	1	-85.03060315	12.84210839	HA_TH	Thousands of hectares			G	Global		[2015]: FAOSTAT		C : Country data	12034.0	False	12034	12034.0	False	12034	2015
15	15.1	15.1.1	AG_LND_TOTL	Land area (thousands of hectares)	2019.Q1.G.03	562	Niger	011	Western Africa	Country	NER	1	9.400167877	17.42143036	HA_TH	Thousands of hectares			G	Global		[2015]: FAOSTAT		E : Estimated data	126670.0	False	126670	126670.0	False	126670	2015
15	15.1	15.1.1	AG_LND_TOTL	Land area (thousands of hectares)	2019.Q1.G.03	566	Nigeria	011	Western Africa	Country	NGA	1	8.097363256	9.585789025	HA_TH	Thousands of hectares			G	Global		[2015]: FAOSTAT		E : Estimated data	91077.0	False	91077	91077.0	False	91077	2015
15	15.1	15.1.1	AG_LND_TOTL	Land area (thousands of hectares)	2019.Q1.G.03	570	Niue	061	Polynesia	Country	NIU	0	-169.8601693	-19.05000475	HA_TH	Thousands of hectares			G	Global		[2015]: FAOSTAT		C : Country data	26.0	False	26	26.0	False	26	2015
15	15.1	15.1.1	AG_LND_TOTL	Land area (thousands of hectares)	2019.Q1.G.03	574	Norfolk Island	053	Australia and New Zealand	Country	NFK	0	167.9515548	-29.03230018	HA_TH	Thousands of hectares			G	Global		[2015]: FAOSTAT		C : Country data	4.0	False	4	4.0	False	4	2015
15	15.1	15.1.1	AG_LND_TOTL	Land area (thousands of hectares)	2019.Q1.G.03	578	Norway	154	Northern Europe	Country	NOR	1	11.47846389	61.34311134	HA_TH	Thousands of hectares			G	Global		[2015]: FAOSTAT		E : Estimated data	30412.5	False	30412.5	30412.5	False	30412.5	2015
15	15.1	15.1.1	AG_LND_TOTL	Land area (thousands of hectares)	2019.Q1.G.03	580	Northern Mariana Islands	057	Micronesia	Country	MNP	0	145.7582114	15.19099517	HA_TH	Thousands of hectares			G	Global		[2015]: FAOSTAT		C : Country data	46.0	False	46	46.0	False	46	2015
15	15.1	15.1.1	AG_LND_TOTL	Land area (thousands of hectares)	2019.Q1.G.03	581	United States Minor Outlying Islands	057	Micronesia	Country	UMI	0	-162.4343752	5.874443968	HA_TH	Thousands of hectares			G	Global		[2015]: Not in FAOSTAT. Data from Website.		E : Estimated data	3.42	False	3.42	3.42	False	3.42	2015
15	15.1	15.1.1	AG_LND_TOTL	Land area (thousands of hectares)	2019.Q1.G.03	583	Micronesia (Federated States of)	057	Micronesia	Country	FSM	1	158.225216	6.880670092	HA_TH	Thousands of hectares			G	Global		[2015]: FAOSTAT		C : Country data	70.0	False	70	70.0	False	70	2015
15	15.1	15.1.1	AG_LND_TOTL	Land area (thousands of hectares)	2019.Q1.G.03	584	Marshall Islands	057	Micronesia	Country	MHL	1	171.0839119	7.110213497	HA_TH	Thousands of hectares			G	Global		[2015]: FAOSTAT		C : Country data	18.0	False	18	18.0	False	18	2015
15	15.1	15.1.1	AG_LND_TOTL	Land area (thousands of hectares)	2019.Q1.G.03	585	Palau	057	Micronesia	Country	PLW	1	134.5733878	7.502307591	HA_TH	Thousands of hectares			G	Global		[2015]: FAOSTAT		E : Estimated data	46.0	False	46	46.0	False	46	2015
15	15.1	15.1.1	AG_LND_TOTL	Land area (thousands of hectares)	2019.Q1.G.03	586	Pakistan	034	Southern Asia	Country	PAK	1	68.80479684	29.36491634	HA_TH	Thousands of hectares			G	Global		[2015]: FAOSTAT		E : Estimated data	77088.0	False	77088	77088.0	False	77088	2015
15	15.1	15.1.1	AG_LND_TOTL	Land area (thousands of hectares)	2019.Q1.G.03	591	Panama	013	Central America	Country	PAN	1	-81.26616623	8.450965746	HA_TH	Thousands of hectares			G	Global		[2015]: FAOSTAT		E : Estimated data	7434.0	False	7434	7434.0	False	7434	2015
15	15.1	15.1.1	AG_LND_TOTL	Land area (thousands of hectares)	2019.Q1.G.03	598	Papua New Guinea	054	Melanesia	Country	PNG	1	145.8587761	-6.756057077	HA_TH	Thousands of hectares			G	Global		[2015]: FAOSTAT		E : Estimated data	45286.0	False	45286	45286.0	False	45286	2015
15	15.1	15.1.1	AG_LND_TOTL	Land area (thousands of hectares)	2019.Q1.G.03	600	Paraguay	005	South America	Country	PRY	1	-60.54854225	-21.70216237	HA_TH	Thousands of hectares			G	Global		[2015]: FAOSTAT		E : Estimated data	39730.0	False	39730	39730.0	False	39730	2015
15	15.1	15.1.1	AG_LND_TOTL	Land area (thousands of hectares)	2019.Q1.G.03	604	Peru	005	South America	Country	PER	1	-71.82093277	-13.58939705	HA_TH	Thousands of hectares			G	Global		[2015]: FAOSTAT		E : Estimated data	128000.0	False	128000	128000.0	False	128000	2015
15	15.1	15.1.1	AG_LND_TOTL	Land area (thousands of hectares)	2019.Q1.G.03	608	Philippines	035	South-Eastern Asia	Country	PHL	1	120.8601418	14.16591706	HA_TH	Thousands of hectares			G	Global		[2015]: FAOSTAT		C : Country data	29817.0	False	29817	29817.0	False	29817	2015
15	15.1	15.1.1	AG_LND_TOTL	Land area (thousands of hectares)	2019.Q1.G.03	612	Pitcairn	061	Polynesia	Country	PCN	0	-128.3225873	-24.37538456	HA_TH	Thousands of hectares			G	Global		[2015]: FAOSTAT		C : Country data	4.7	False	4.7	4.7	False	4.7	2015
15	15.1	15.1.1	AG_LND_TOTL	Land area (thousands of hectares)	2019.Q1.G.03	616	Poland	151	Eastern Europe	Country	POL	1	19.40660158	52.1226733	HA_TH	Thousands of hectares			G	Global		[2015]: FAOSTAT		C : Country data	30619.0	False	30619	30619.0	False	30619	2015
15	15.1	15.1.1	AG_LND_TOTL	Land area (thousands of hectares)	2019.Q1.G.03	620	Portugal	039	Southern Europe	Country	PRT	1	-7.961599811	39.68509315	HA_TH	Thousands of hectares			G	Global		[2015]: FAOSTAT		E : Estimated data	9160.56	False	9160.56	9160.56	False	9160.56	2015
15	15.1	15.1.1	AG_LND_TOTL	Land area (thousands of hectares)	2019.Q1.G.03	624	Guinea-Bissau	011	Western Africa	Country	GNB	1	-14.40182514	12.11760394	HA_TH	Thousands of hectares			G	Global		[2015]: FAOSTAT		E : Estimated data	2812.0	False	2812	2812.0	False	2812	2015
15	15.1	15.1.1	AG_LND_TOTL	Land area (thousands of hectares)	2019.Q1.G.03	626	Timor-Leste	035	South-Eastern Asia	Country	TLS	1	125.9451052	-8.797497247	HA_TH	Thousands of hectares			G	Global		[2015]: FAOSTAT		E : Estimated data	1487.0	False	1487	1487.0	False	1487	2015
15	15.1	15.1.1	AG_LND_TOTL	Land area (thousands of hectares)	2019.Q1.G.03	630	Puerto Rico	029	Caribbean	Country	PRI	0	-66.47591017	18.22753799	HA_TH	Thousands of hectares			G	Global		[2015]: FAOSTAT		E : Estimated data	887.0	False	887	887.0	False	887	2015
15	15.1	15.1.1	AG_LND_TOTL	Land area (thousands of hectares)	2019.Q1.G.03	634	Qatar	145	Western Asia	Country	QAT	1	51.19152467	25.28355379	HA_TH	Thousands of hectares			G	Global		[2015]: FAOSTAT		E : Estimated data	1161.0	False	1161	1161.0	False	1161	2015
15	15.1	15.1.1	AG_LND_TOTL	Land area (thousands of hectares)	2019.Q1.G.03	638	Réunion	014	Eastern Africa	Country	REU	0	55.53171398	-21.13183266	HA_TH	Thousands of hectares			G	Global		[2015]: FAOSTAT		E : Estimated data	251.0	False	251	251.0	False	251	2015
15	15.1	15.1.1	AG_LND_TOTL	Land area (thousands of hectares)	2019.Q1.G.03	642	Romania	151	Eastern Europe	Country	ROU	1	24.98481009	45.83893563	HA_TH	Thousands of hectares			G	Global		[2015]: FAOSTAT		C : Country data	23008.0	False	23008	23008.0	False	23008	2015
15	15.1	15.1.1	AG_LND_TOTL	Land area (thousands of hectares)	2019.Q1.G.03	643	Russian Federation	151	Eastern Europe	Country	RUS	1	99.01404926	61.61899849	HA_TH	Thousands of hectares			G	Global		[2015]: FAOSTAT		E : Estimated data	1637687.0	False	1637687	1637687.0	False	1637687	2015
15	15.1	15.1.1	AG_LND_TOTL	Land area (thousands of hectares)	2019.Q1.G.03	646	Rwanda	014	Eastern Africa	Country	RWA	1	29.92310194	-1.999842114	HA_TH	Thousands of hectares			G	Global		[2015]: FAOSTAT		E : Estimated data	2467.0	False	2467	2467.0	False	2467	2015
15	15.1	15.1.1	AG_LND_TOTL	Land area (thousands of hectares)	2019.Q1.G.03	652	Saint Barthélemy	029	Caribbean	Country	BLM	0	-62.83173536	17.89513362	HA_TH	Thousands of hectares			G	Global		[2015]: Not in FAOSTAT. Data from national website		E : Estimated data	2.1	False	2.1	2.1	False	2.1	2015
15	15.1	15.1.1	AG_LND_TOTL	Land area (thousands of hectares)	2019.Q1.G.03	654	Saint Helena	011	Western Africa	Country	SHN	0	-5.705752501	-15.96503946	HA_TH	Thousands of hectares			G	Global		[2015]: FAOSTAT		E : Estimated data	39.0	False	39	39.0	False	39	2015
15	15.1	15.1.1	AG_LND_TOTL	Land area (thousands of hectares)	2019.Q1.G.03	659	Saint Kitts and Nevis	029	Caribbean	Country	KNA	1	-62.76628613	17.33994219	HA_TH	Thousands of hectares			G	Global		[2015]: FAOSTAT		E : Estimated data	26.0	False	26	26.0	False	26	2015
15	15.1	15.1.1	AG_LND_TOTL	Land area (thousands of hectares)	2019.Q1.G.03	660	Anguilla	029	Caribbean	Country	AIA	0	-63.05651612	18.21525315	HA_TH	Thousands of hectares			G	Global		[2015]: FAOSTAT		C : Country data	9.0	False	9	9.0	False	9	2015
15	15.1	15.1.1	AG_LND_TOTL	Land area (thousands of hectares)	2019.Q1.G.03	662	Saint Lucia	029	Caribbean	Country	LCA	1	-60.96529553	13.89405601	HA_TH	Thousands of hectares			G	Global		[2015]: FAOSTAT		E : Estimated data	61.0	False	61	61.0	False	61	2015
15	15.1	15.1.1	AG_LND_TOTL	Land area (thousands of hectares)	2019.Q1.G.03	663	Saint Martin (French Part)	029	Caribbean	Country	MAF	0	-63.04505461	18.0882685	HA_TH	Thousands of hectares			G	Global		[2015]: Not in FAOSTAT. Data from national website		E : Estimated data	5.3	False	5.3	5.3	False	5.3	2015
15	15.1	15.1.1	AG_LND_TOTL	Land area (thousands of hectares)	2019.Q1.G.03	666	Saint Pierre and Miquelon	021	Northern America	Country	SPM	0	-56.33682442	46.85812735	HA_TH	Thousands of hectares			G	Global		[2015]: FAOSTAT		E : Estimated data	23.0	False	23	23.0	False	23	2015
15	15.1	15.1.1	AG_LND_TOTL	Land area (thousands of hectares)	2019.Q1.G.03	670	Saint Vincent and the Grenadines	029	Caribbean	Country	VCT	1	-61.19024321	13.24627968	HA_TH	Thousands of hectares			G	Global		[2015]: FAOSTAT		C : Country data	39.0	False	39	39.0	False	39	2015
15	15.1	15.1.1	AG_LND_TOTL	Land area (thousands of hectares)	2019.Q1.G.03	674	San Marino	039	Southern Europe	Country	SMR	1	12.46329038	43.93841766	HA_TH	Thousands of hectares			G	Global		[2015]: FAOSTAT		C : Country data	6.0	False	6	6.0	False	6	2015
15	15.1	15.1.1	AG_LND_TOTL	Land area (thousands of hectares)	2019.Q1.G.03	678	Sao Tome and Principe	017	Middle Africa	Country	STP	1	6.609772265	0.241554875	HA_TH	Thousands of hectares			G	Global		[2015]: FAOSTAT		E : Estimated data	96.0	False	96	96.0	False	96	2015
15	15.1	15.1.1	AG_LND_TOTL	Land area (thousands of hectares)	2019.Q1.G.03	682	Saudi Arabia	145	Western Asia	Country	SAU	1	44.54763347	24.12594211	HA_TH	Thousands of hectares			G	Global		[2015]: FAOSTAT		C : Country data	214969.0	False	214969	214969.0	False	214969	2015
15	15.1	15.1.1	AG_LND_TOTL	Land area (thousands of hectares)	2019.Q1.G.03	686	Senegal	011	Western Africa	Country	SEN	1	-14.46636926	14.35920905	HA_TH	Thousands of hectares			G	Global		[2015]: FAOSTAT		E : Estimated data	19253.0	False	19253	19253.0	False	19253	2015
15	15.1	15.1.1	AG_LND_TOTL	Land area (thousands of hectares)	2019.Q1.G.03	688	Serbia	039	Southern Europe	Country	SRB	1	20.805876	44.03145697	HA_TH	Thousands of hectares			G	Global		[2015]: FAOSTAT		E : Estimated data	8746.0	False	8746	8746.0	False	8746	2015
15	15.1	15.1.1	AG_LND_TOTL	Land area (thousands of hectares)	2019.Q1.G.03	690	Seychelles	014	Eastern Africa	Country	SYC	1	55.46561591	-4.678053059	HA_TH	Thousands of hectares			G	Global		[2015]: FAOSTAT		E : Estimated data	46.0	False	46	46.0	False	46	2015
15	15.1	15.1.1	AG_LND_TOTL	Land area (thousands of hectares)	2019.Q1.G.03	694	Sierra Leone	011	Western Africa	Country	SLE	1	-11.78306584	8.568604164	HA_TH	Thousands of hectares			G	Global		[2015]: FAOSTAT		E : Estimated data	7218.0	False	7218	7218.0	False	7218	2015
15	15.1	15.1.1	AG_LND_TOTL	Land area (thousands of hectares)	2019.Q1.G.03	702	Singapore	035	South-Eastern Asia	Country	SGP	1	103.8107883	1.361009155	HA_TH	Thousands of hectares			G	Global		[2015]: FAOSTAT		E : Estimated data	70.9	False	70.9	70.9	False	70.9	2015
15	15.1	15.1.1	AG_LND_TOTL	Land area (thousands of hectares)	2019.Q1.G.03	703	Slovakia	151	Eastern Europe	Country	SVK	1	19.48495604	48.70741446	HA_TH	Thousands of hectares			G	Global		[2015]: FAOSTAT		C : Country data	4808.2	False	4808.2	4808.2	False	4808.2	2015
15	15.1	15.1.1	AG_LND_TOTL	Land area (thousands of hectares)	2019.Q1.G.03	704	Viet Nam	035	South-Eastern Asia	Country	VNM	1	105.802499	10.09643079	HA_TH	Thousands of hectares			G	Global		[2015]: FAOSTAT		E : Estimated data	31007.0	False	31007	31007.0	False	31007	2015
15	15.1	15.1.1	AG_LND_TOTL	Land area (thousands of hectares)	2019.Q1.G.03	705	Slovenia	039	Southern Europe	Country	SVN	1	14.82209486	46.11958061	HA_TH	Thousands of hectares			G	Global		[2015]: FAOSTAT		C : Country data	2014.26	False	2014.26	2014.26	False	2014.26	2015
15	15.1	15.1.1	AG_LND_TOTL	Land area (thousands of hectares)	2019.Q1.G.03	706	Somalia	014	Eastern Africa	Country	SOM	1	46.20367477	4.406485729	HA_TH	Thousands of hectares			G	Global		[2015]: FAOSTAT		E : Estimated data	62734.0	False	62734	62734.0	False	62734	2015
15	15.1	15.1.1	AG_LND_TOTL	Land area (thousands of hectares)	2019.Q1.G.03	710	South Africa	018	Southern Africa	Country	ZAF	1	24.67184355	-29.99957544	HA_TH	Thousands of hectares			G	Global		[2015]: FAOSTAT		E : Estimated data	121309.0	False	121309	121309.0	False	121309	2015
15	15.1	15.1.1	AG_LND_TOTL	Land area (thousands of hectares)	2019.Q1.G.03	716	Zimbabwe	014	Eastern Africa	Country	ZWE	1	29.86909584	-19.00075492	HA_TH	Thousands of hectares			G	Global		[2015]: FAOSTAT		E : Estimated data	38685.0	False	38685	38685.0	False	38685	2015
15	15.1	15.1.1	AG_LND_TOTL	Land area (thousands of hectares)	2019.Q1.G.03	724	Spain	039	Southern Europe	Country	ESP	1	-3.554078296	40.39211472	HA_TH	Thousands of hectares			G	Global		[2015]: FAOSTAT		C : Country data	49966.1	False	49966.1	49966.1	False	49966.1	2015
15	15.1	15.1.1	AG_LND_TOTL	Land area (thousands of hectares)	2019.Q1.G.03	728	South Sudan	014	Eastern Africa	Country	SSD	1	30.32618773	7.290839152	HA_TH	Thousands of hectares			G	Global		[2015]: Not in FAOSTAT. Data from FRA 2015 based on GIS analysis.		E : Estimated data	63173.0	False	63173	63173.0	False	63173	2015
15	15.1	15.1.1	AG_LND_TOTL	Land area (thousands of hectares)	2019.Q1.G.03	729	Sudan	015	Northern Africa	Country	SDN	0	29.95650159	16.02643066	HA_TH	Thousands of hectares			G	Global		[2015]: Not in FAOSTAT. Data from FRA 2015 based on GIS analysis.		E : Estimated data	186665.312	False	186665.312	186665.312	False	186665.312	2015
15	15.1	15.1.1	AG_LND_TOTL	Land area (thousands of hectares)	2019.Q1.G.03	732	Western Sahara	015	Northern Africa	Country	ESH	0	-13.13515523	24.66265342	HA_TH	Thousands of hectares			G	Global		[2015]: FAOSTAT		C : Country data	26600.0	False	26600	26600.0	False	26600	2015
15	15.1	15.1.1	AG_LND_TOTL	Land area (thousands of hectares)	2019.Q1.G.03	740	Suriname	005	South America	Country	SUR	1	-55.90626394	4.132603197	HA_TH	Thousands of hectares			G	Global		[2015]: FAOSTAT		E : Estimated data	15600.0	False	15600	15600.0	False	15600	2015
15	15.1	15.1.1	AG_LND_TOTL	Land area (thousands of hectares)	2019.Q1.G.03	744	Svalbard and Jan Mayen Islands	154	Northern Europe	Country	SJM	0	13.38071013	78.82894131	HA_TH	Thousands of hectares			G	Global		[2015]: Not in FAOSTAT. Data from national website (Statistics Norway)		C : Country data	6099.8	False	6099.8	6099.8	False	6099.8	2015
15	15.1	15.1.1	AG_LND_TOTL	Land area (thousands of hectares)	2019.Q1.G.03	748	Eswatini	018	Southern Africa	Country	SWZ	1	31.50149288	-26.56471011	HA_TH	Thousands of hectares			G	Global		[2015]: FAOSTAT		E : Estimated data	1720.0	False	1720	1720.0	False	1720	2015
15	15.1	15.1.1	AG_LND_TOTL	Land area (thousands of hectares)	2019.Q1.G.03	752	Sweden	154	Northern Europe	Country	SWE	1	14.3775338	60.60103109	HA_TH	Thousands of hectares			G	Global		[2015]: FAOSTAT		C : Country data	40731.0	False	40731	40731.0	False	40731	2015
15	15.1	15.1.1	AG_LND_TOTL	Land area (thousands of hectares)	2019.Q1.G.03	756	Switzerland	155	Western Europe	Country	CHE	1	8.223158	46.96617097	HA_TH	Thousands of hectares			G	Global		[2015]: FAOSTAT		C : Country data	3951.6	False	3951.6	3951.6	False	3951.6	2015
15	15.1	15.1.1	AG_LND_TOTL	Land area (thousands of hectares)	2019.Q1.G.03	760	Syrian Arab Republic	145	Western Asia	Country	SYR	1	38.50466565	35.01676176	HA_TH	Thousands of hectares			G	Global		[2015]: FAOSTAT		E : Estimated data	18363.0	False	18363	18363.0	False	18363	2015
15	15.1	15.1.1	AG_LND_TOTL	Land area (thousands of hectares)	2019.Q1.G.03	762	Tajikistan	143	Central Asia	Country	TJK	1	69.294998	38.43069666	HA_TH	Thousands of hectares			G	Global		[2015]: FAOSTAT		E : Estimated data	13879.0	False	13879	13879.0	False	13879	2015
15	15.1	15.1.1	AG_LND_TOTL	Land area (thousands of hectares)	2019.Q1.G.03	764	Thailand	035	South-Eastern Asia	Country	THA	1	101.0202951	15.13089239	HA_TH	Thousands of hectares			G	Global		[2015]: FAOSTAT		E : Estimated data	51089.0	False	51089	51089.0	False	51089	2015
15	15.1	15.1.1	AG_LND_TOTL	Land area (thousands of hectares)	2019.Q1.G.03	768	Togo	011	Western Africa	Country	TGO	1	0.97835765	8.532096072	HA_TH	Thousands of hectares			G	Global		[2015]: FAOSTAT		E : Estimated data	5439.0	False	5439	5439.0	False	5439	2015
15	15.1	15.1.1	AG_LND_TOTL	Land area (thousands of hectares)	2019.Q1.G.03	772	Tokelau	061	Polynesia	Country	TKL	0	-171.8154473	-9.214545558	HA_TH	Thousands of hectares			G	Global		[2015]: FAOSTAT		C : Country data	1.0	False	1	1.0	False	1	2015
15	15.1	15.1.1	AG_LND_TOTL	Land area (thousands of hectares)	2019.Q1.G.03	776	Tonga	061	Polynesia	Country	TON	1	-175.1959991	-21.19511329	HA_TH	Thousands of hectares			G	Global		[2015]: FAOSTAT		C : Country data	72.0	False	72	72.0	False	72	2015
15	15.1	15.1.1	AG_LND_TOTL	Land area (thousands of hectares)	2019.Q1.G.03	780	Trinidad and Tobago	029	Caribbean	Country	TTO	1	-61.29389504	10.41877263	HA_TH	Thousands of hectares			G	Global		[2015]: FAOSTAT		C : Country data	513.0	False	513	513.0	False	513	2015
15	15.1	15.1.1	AG_LND_TOTL	Land area (thousands of hectares)	2019.Q1.G.03	784	United Arab Emirates	145	Western Asia	Country	ARE	1	53.98279159	23.43322219	HA_TH	Thousands of hectares			G	Global		[2015]: FAOSTAT		C : Country data	7102.0	False	7102	7102.0	False	7102	2015
15	15.1	15.1.1	AG_LND_TOTL	Land area (thousands of hectares)	2019.Q1.G.03	788	Tunisia	015	Northern Africa	Country	TUN	1	9.572737411	34.11439971	HA_TH	Thousands of hectares			G	Global		[2015]: FAOSTAT		E : Estimated data	15536.0	False	15536	15536.0	False	15536	2015
15	15.1	15.1.1	AG_LND_TOTL	Land area (thousands of hectares)	2019.Q1.G.03	792	Turkey	145	Western Asia	Country	TUR	1	35.42890329	38.9899684	HA_TH	Thousands of hectares			G	Global		[2015]: FAOSTAT		C : Country data	76963.0	False	76963	76963.0	False	76963	2015
15	15.1	15.1.1	AG_LND_TOTL	Land area (thousands of hectares)	2019.Q1.G.03	795	Turkmenistan	143	Central Asia	Country	TKM	1	58.9787665	40.0912346	HA_TH	Thousands of hectares			G	Global		[2015]: FAOSTAT		E : Estimated data	46993.0	False	46993	46993.0	False	46993	2015
15	15.1	15.1.1	AG_LND_TOTL	Land area (thousands of hectares)	2019.Q1.G.03	796	Turks and Caicos Islands	029	Caribbean	Country	TCA	0	-71.745121	21.80780585	HA_TH	Thousands of hectares			G	Global		[2015]: FAOSTAT		C : Country data	95.0	False	95	95.0	False	95	2015
15	15.1	15.1.1	AG_LND_TOTL	Land area (thousands of hectares)	2019.Q1.G.03	798	Tuvalu	061	Polynesia	Country	TUV	1	178.6679611	-7.460048071	HA_TH	Thousands of hectares			G	Global		[2015]: FAOSTAT		C : Country data	3.0	False	3	3.0	False	3	2015
15	15.1	15.1.1	AG_LND_TOTL	Land area (thousands of hectares)	2019.Q1.G.03	800	Uganda	014	Eastern Africa	Country	UGA	1	32.39100438	1.279557331	HA_TH	Thousands of hectares			G	Global		[2015]: FAOSTAT		C : Country data	20052.0	False	20052	20052.0	False	20052	2015
15	15.1	15.1.1	AG_LND_TOTL	Land area (thousands of hectares)	2019.Q1.G.03	804	Ukraine	151	Eastern Europe	Country	UKR	1	31.40270802	49.00735945	HA_TH	Thousands of hectares			G	Global		[2015]: FAOSTAT		C : Country data	57929.0	False	57929	57929.0	False	57929	2015
15	15.1	15.1.1	AG_LND_TOTL	Land area (thousands of hectares)	2019.Q1.G.03	807	North Macedonia	039	Southern Europe	Country	MKD	1	21.7007909	41.60048068	HA_TH	Thousands of hectares			G	Global		[2015]: FAOSTAT		C : Country data	2522.0	False	2522	2522.0	False	2522	2015
15	15.1	15.1.1	AG_LND_TOTL	Land area (thousands of hectares)	2019.Q1.G.03	818	Egypt	015	Northern Africa	Country	EGY	1	29.77468534	26.57438204	HA_TH	Thousands of hectares			G	Global		[2015]: FAOSTAT		E : Estimated data	99545.0	False	99545	99545.0	False	99545	2015
15	15.1	15.1.1	AG_LND_TOTL	Land area (thousands of hectares)	2019.Q1.G.03	826	United Kingdom of Great Britain and Northern Ireland	154	Northern Europe	Country	GBR	1	-2.23830539	53.27691757	HA_TH	Thousands of hectares			G	Global		[2015]: FAOSTAT		C : Country data	24193.0	False	24193	24193.0	False	24193	2015
15	15.1	15.1.1	AG_LND_TOTL	Land area (thousands of hectares)	2019.Q1.G.03	831	Guernsey	830	Channel Islands	Country	GGY	0	-2.200712402	49.71561166	HA_TH	Thousands of hectares			G	Global		[2015]: Not in FAOSTAT. Data fron national website. Refers to the Bailiwick of Guernsey, which includes the island of Guernsey, SARK and some minor islands, same as in FRA 2015 and previous SDG submissions		C : Country data	7.8	False	7.8	7.8	False	7.8	2015
15	15.1	15.1.1	AG_LND_TOTL	Land area (thousands of hectares)	2019.Q1.G.03	832	Jersey	830	Channel Islands	Country	JEY	0	-2.136773508	49.22353354	HA_TH	Thousands of hectares			G	Global		[2015]: Not in FAOSTAT. Data from national website		C : Country data	12.0	False	12	12.0	False	12	2015
15	15.1	15.1.1	AG_LND_TOTL	Land area (thousands of hectares)	2019.Q1.G.03	833	Isle of Man	154	Northern Europe	Country	IMN	0	-4.538190305	54.22880901	HA_TH	Thousands of hectares			G	Global		[2015]: FAOSTAT		C : Country data	57.0	False	57	57.0	False	57	2015
15	15.1	15.1.1	AG_LND_TOTL	Land area (thousands of hectares)	2019.Q1.G.03	834	United Republic of Tanzania	014	Eastern Africa	Country	TZA	1	34.80521182	-6.265332606	HA_TH	Thousands of hectares			G	Global		[2015]: FAOSTAT		E : Estimated data	88580.0	False	88580	88580.0	False	88580	2015
15	15.1	15.1.1	AG_LND_TOTL	Land area (thousands of hectares)	2019.Q1.G.03	840	United States of America	021	Northern America	Country	USA	1	-99.13830311	39.5277871	HA_TH	Thousands of hectares			G	Global		[2015]: FAOSTAT		E : Estimated data	914742.0	False	914742	914742.0	False	914742	2015
15	15.1	15.1.1	AG_LND_TOTL	Land area (thousands of hectares)	2019.Q1.G.03	850	United States Virgin Islands	029	Caribbean	Country	VIR	0	-64.76960113	17.73297693	HA_TH	Thousands of hectares			G	Global		[2015]: FAOSTAT		C : Country data	35.0	False	35	35.0	False	35	2015
15	15.1	15.1.1	AG_LND_TOTL	Land area (thousands of hectares)	2019.Q1.G.03	854	Burkina Faso	011	Western Africa	Country	BFA	1	-1.742843829	12.27491081	HA_TH	Thousands of hectares			G	Global		[2015]: FAOSTAT		E : Estimated data	27360.0	False	27360	27360.0	False	27360	2015
15	15.1	15.1.1	AG_LND_TOTL	Land area (thousands of hectares)	2019.Q1.G.03	858	Uruguay	005	South America	Country	URY	1	-56.01387025	-32.8002838	HA_TH	Thousands of hectares			G	Global		[2015]: FAOSTAT		C : Country data	17502.0	False	17502	17502.0	False	17502	2015
15	15.1	15.1.1	AG_LND_TOTL	Land area (thousands of hectares)	2019.Q1.G.03	860	Uzbekistan	143	Central Asia	Country	UZB	1	63.11944558	41.77560518	HA_TH	Thousands of hectares			G	Global		[2015]: FAOSTAT		E : Estimated data	42540.0	False	42540	42540.0	False	42540	2015
15	15.1	15.1.1	AG_LND_TOTL	Land area (thousands of hectares)	2019.Q1.G.03	862	Venezuela (Bolivarian Republic of)	005	South America	Country	VEN	1	-66.15642084	7.121324748	HA_TH	Thousands of hectares			G	Global		[2015]: FAOSTAT		E : Estimated data	88205.0	False	88205	88205.0	False	88205	2015
15	15.1	15.1.1	AG_LND_TOTL	Land area (thousands of hectares)	2019.Q1.G.03	876	Wallis and Futuna Islands	061	Polynesia	Country	WLF	0	-176.2034788	-13.28471201	HA_TH	Thousands of hectares			G	Global		[2015]: FAOSTAT		C : Country data	14.0	False	14	14.0	False	14	2015
15	15.1	15.1.1	AG_LND_TOTL	Land area (thousands of hectares)	2019.Q1.G.03	882	Samoa	061	Polynesia	Country	WSM	1	-172.4430749	-13.61541469	HA_TH	Thousands of hectares			G	Global		[2015]: FAOSTAT		E : Estimated data	283.0	False	283	283.0	False	283	2015
15	15.1	15.1.1	AG_LND_TOTL	Land area (thousands of hectares)	2019.Q1.G.03	887	Yemen	145	Western Asia	Country	YEM	1	45.22389143	15.22242099	HA_TH	Thousands of hectares			G	Global		[2015]: FAOSTAT		E : Estimated data	52797.0	False	52797	52797.0	False	52797	2015
15	15.1	15.1.1	AG_LND_TOTL	Land area (thousands of hectares)	2019.Q1.G.03	894	Zambia	014	Eastern Africa	Country	ZMB	1	27.850329	-14.59701056	HA_TH	Thousands of hectares			G	Global		[2015]: FAOSTAT		E : Estimated data	74339.0	False	74339	74339.0	False	74339	2015
