goal	target	indicator	seriesCode	seriesDesc	release	geoAreaCode	geoAreaName	parentCode	parentName	type	ISO3	UN_Member	X	Y	unitsCode	unitsDesc	unitmultiplierCode	unitmultiplierDesc	reportingTypeCode	reportingTypeDesc	valueDetails	footnotes	sources	timeDetails	nature	value_2000	value_2001	value_2002	value_2003	value_2004	value_2005	value_2006	value_2007	value_2008	value_2009	value_2010	value_2011	value_2012	value_2013	value_2014	value_2015	value_2016	value_2017	value_latest_year	latest_year
3	3.b	3.b.1	SH_ACS_MCV2	Proportion of the target population with access to measles-containing-vaccine second-dose (MCV2) (%)	2019.Q1.G.03	004	Afghanistan	034	Southern Asia	Country	AFG	1	66.02688198	33.83160199	PERCENT	Percentage			G	Global			WHO/UNICEF coverage estimates 2017 revision, July 2018		E: Estimated data					2.0	9.0	18.0	4.0	23.0	24.0	29.0	31.0	33.0	35.0	39.0	39.0	39.0	39.0	39.0	2017
3	3.b	3.b.1	SH_ACS_MCV2	Proportion of the target population with access to measles-containing-vaccine second-dose (MCV2) (%)	2019.Q1.G.03	008	Albania	039	Southern Europe	Country	ALB	1	20.06660928	41.13897007	PERCENT	Percentage			G	Global			WHO/UNICEF coverage estimates 2017 revision, July 2018		E: Estimated data		90.0	93.0	93.0	96.0	97.0	94.0	95.0	98.0	98.0	98.0	99.0	99.0	99.0	98.0	98.0	98.0	98.0	98.0	2017
3	3.b	3.b.1	SH_ACS_MCV2	Proportion of the target population with access to measles-containing-vaccine second-dose (MCV2) (%)	2019.Q1.G.03	010	Antarctica	001	World	Country	ATA	0	21.47585697	-80.40897662																															
3	3.b	3.b.1	SH_ACS_MCV2	Proportion of the target population with access to measles-containing-vaccine second-dose (MCV2) (%)	2019.Q1.G.03	012	Algeria	015	Northern Africa	Country	DZA	1	2.678164227	28.15940032	PERCENT	Percentage			G	Global			WHO/UNICEF coverage estimates 2017 revision, July 2018		E: Estimated data	78.0	73.0	93.0	96.0	94.0	94.0	98.0	95.0	96.0	98.0	95.0	96.0	95.0	93.0	99.0	99.0	96.0	92.0	92.0	2017
3	3.b	3.b.1	SH_ACS_MCV2	Proportion of the target population with access to measles-containing-vaccine second-dose (MCV2) (%)	2019.Q1.G.03	016	American Samoa	061	Polynesia	Country	ASM	0	-170.7187269	-14.30587306																															
3	3.b	3.b.1	SH_ACS_MCV2	Proportion of the target population with access to measles-containing-vaccine second-dose (MCV2) (%)	2019.Q1.G.03	020	Andorra	039	Southern Europe	Country	AND	1	1.576257417	42.54548611	PERCENT	Percentage			G	Global			WHO/UNICEF coverage estimates 2017 revision, July 2018		E: Estimated data								80.0	86.0	82.0	86.0	82.0	89.0	91.0	90.0	88.0	90.0	94.0	94.0	2017
3	3.b	3.b.1	SH_ACS_MCV2	Proportion of the target population with access to measles-containing-vaccine second-dose (MCV2) (%)	2019.Q1.G.03	024	Angola	017	Middle Africa	Country	AGO	1	17.57817062	-12.33724746	PERCENT	Percentage			G	Global			WHO/UNICEF coverage estimates 2017 revision, July 2018		E: Estimated data																26.0	26.0	30.0	30.0	2017
3	3.b	3.b.1	SH_ACS_MCV2	Proportion of the target population with access to measles-containing-vaccine second-dose (MCV2) (%)	2019.Q1.G.03	028	Antigua and Barbuda	029	Caribbean	Country	ATG	1	-61.7999755	17.07761471	PERCENT	Percentage			G	Global			WHO/UNICEF coverage estimates 2017 revision, July 2018		E: Estimated data						46.0	68.0	78.0	83.0	94.0	92.0	89.0	90.0	87.0	99.0	84.0	68.0	68.0	68.0	2017
3	3.b	3.b.1	SH_ACS_MCV2	Proportion of the target population with access to measles-containing-vaccine second-dose (MCV2) (%)	2019.Q1.G.03	031	Azerbaijan	145	Western Asia	Country	AZE	1	50.01064725	40.39229544	PERCENT	Percentage			G	Global			WHO/UNICEF coverage estimates 2017 revision, July 2018		E: Estimated data		65.0	67.0	66.0	67.0	67.0	68.0	75.0	79.0	83.0	89.0	92.0	95.0	98.0	98.0	98.0	98.0	97.0	97.0	2017
3	3.b	3.b.1	SH_ACS_MCV2	Proportion of the target population with access to measles-containing-vaccine second-dose (MCV2) (%)	2019.Q1.G.03	032	Argentina	005	South America	Country	ARG	1	-65.14563274	-35.19446255	PERCENT	Percentage			G	Global			WHO/UNICEF coverage estimates 2017 revision, July 2018		E: Estimated data	56.0	56.0	83.0	80.0	93.0	88.0	91.0	84.0	88.0	96.0	94.0	91.0	89.0	83.0	96.0	87.0	88.0	89.0	89.0	2017
3	3.b	3.b.1	SH_ACS_MCV2	Proportion of the target population with access to measles-containing-vaccine second-dose (MCV2) (%)	2019.Q1.G.03	036	Australia	053	Australia and New Zealand	Country	AUS	1	134.3499412	-25.57717202	PERCENT	Percentage			G	Global			WHO/UNICEF coverage estimates 2017 revision, July 2018		E: Estimated data					85.0	85.0	87.0	89.0	80.0	82.0	88.0	90.0	91.0	92.0	93.0	93.0	94.0	93.0	93.0	2017
3	3.b	3.b.1	SH_ACS_MCV2	Proportion of the target population with access to measles-containing-vaccine second-dose (MCV2) (%)	2019.Q1.G.03	040	Austria	155	Western Europe	Country	AUT	1	14.14172472	47.58704857	PERCENT	Percentage			G	Global			WHO/UNICEF coverage estimates 2017 revision, July 2018		E: Estimated data	35.0	34.0	39.0	46.0	47.0	54.0	61.0	56.0	62.0	64.0	69.0	73.0	78.0	82.0	87.0	88.0	89.0	84.0	84.0	2017
3	3.b	3.b.1	SH_ACS_MCV2	Proportion of the target population with access to measles-containing-vaccine second-dose (MCV2) (%)	2019.Q1.G.03	044	Bahamas	029	Caribbean	Country	BHS	1	-78.05111663	24.69546597	PERCENT	Percentage			G	Global			WHO/UNICEF coverage estimates 2017 revision, July 2018		E: Estimated data					95.0	88.0	88.0	84.0	80.0	76.0	78.0	79.0	73.0	69.0	72.0	76.0	74.0	76.0	76.0	2017
3	3.b	3.b.1	SH_ACS_MCV2	Proportion of the target population with access to measles-containing-vaccine second-dose (MCV2) (%)	2019.Q1.G.03	048	Bahrain	145	Western Asia	Country	BHR	1	50.5490754	26.04407747	PERCENT	Percentage			G	Global			WHO/UNICEF coverage estimates 2017 revision, July 2018		E: Estimated data	92.0	99.0	97.0	99.0	99.0	99.0	99.0	99.0	97.0	99.0	98.0	98.0	99.0	99.0	99.0	99.0	99.0	99.0	99.0	2017
3	3.b	3.b.1	SH_ACS_MCV2	Proportion of the target population with access to measles-containing-vaccine second-dose (MCV2) (%)	2019.Q1.G.03	050	Bangladesh	034	Southern Asia	Country	BGD	1	89.17660788	22.86961622	PERCENT	Percentage			G	Global			WHO/UNICEF coverage estimates 2017 revision, July 2018		E: Estimated data													35.0	70.0	83.0	83.0	93.0	96.0	96.0	2017
3	3.b	3.b.1	SH_ACS_MCV2	Proportion of the target population with access to measles-containing-vaccine second-dose (MCV2) (%)	2019.Q1.G.03	051	Armenia	145	Western Asia	Country	ARM	1	44.93839317	40.29499741	PERCENT	Percentage			G	Global			WHO/UNICEF coverage estimates 2017 revision, July 2018		E: Estimated data	94.0	96.0	95.0	93.0	94.0	92.0	85.0	93.0	94.0	96.0	97.0	98.0	97.0	97.0	97.0	97.0	97.0	97.0	97.0	2017
3	3.b	3.b.1	SH_ACS_MCV2	Proportion of the target population with access to measles-containing-vaccine second-dose (MCV2) (%)	2019.Q1.G.03	052	Barbados	029	Caribbean	Country	BRB	1	-59.5346489	13.13648273	PERCENT	Percentage			G	Global			WHO/UNICEF coverage estimates 2017 revision, July 2018		E: Estimated data		12.0	41.0	71.0	99.0	98.0	94.0	96.0	97.0	97.0	96.0	94.0	90.0	89.0	91.0	89.0	87.0	77.0	77.0	2017
3	3.b	3.b.1	SH_ACS_MCV2	Proportion of the target population with access to measles-containing-vaccine second-dose (MCV2) (%)	2019.Q1.G.03	056	Belgium	155	Western Europe	Country	BEL	1	4.660976456	50.64104975	PERCENT	Percentage			G	Global			WHO/UNICEF coverage estimates 2017 revision, July 2018		E: Estimated data							78.0	78.0	81.0	83.0	83.0	83.0	85.0	85.0	85.0	85.0	85.0	85.0	85.0	2017
3	3.b	3.b.1	SH_ACS_MCV2	Proportion of the target population with access to measles-containing-vaccine second-dose (MCV2) (%)	2019.Q1.G.03	060	Bermuda	021	Northern America	Country	BMU	0	-64.78155012	32.27881922																															
3	3.b	3.b.1	SH_ACS_MCV2	Proportion of the target population with access to measles-containing-vaccine second-dose (MCV2) (%)	2019.Q1.G.03	064	Bhutan	034	Southern Asia	Country	BTN	1	90.45098484	27.39598568	PERCENT	Percentage			G	Global			WHO/UNICEF coverage estimates 2017 revision, July 2018		E: Estimated data									72.0	79.0	85.0	95.0	90.0	89.0	92.0	94.0	90.0	99.0	99.0	2017
3	3.b	3.b.1	SH_ACS_MCV2	Proportion of the target population with access to measles-containing-vaccine second-dose (MCV2) (%)	2019.Q1.G.03	068	Bolivia (Plurinational State of)	005	South America	Country	BOL	1	-64.66224284	-16.71273412																															
3	3.b	3.b.1	SH_ACS_MCV2	Proportion of the target population with access to measles-containing-vaccine second-dose (MCV2) (%)	2019.Q1.G.03	070	Bosnia and Herzegovina	039	Southern Europe	Country	BIH	1	17.78584332	44.16845548	PERCENT	Percentage			G	Global			WHO/UNICEF coverage estimates 2017 revision, July 2018		E: Estimated data	74.0	86.0	90.0	85.0	88.0	90.0	93.0	95.0	92.0	88.0	91.0	88.0	94.0	93.0	92.0	88.0	78.0	80.0	80.0	2017
3	3.b	3.b.1	SH_ACS_MCV2	Proportion of the target population with access to measles-containing-vaccine second-dose (MCV2) (%)	2019.Q1.G.03	072	Botswana	018	Southern Africa	Country	BWA	1	23.81380223	-22.18810073	PERCENT	Percentage			G	Global			WHO/UNICEF coverage estimates 2017 revision, July 2018		E: Estimated data														83.0	85.0	80.0	74.0	74.0	74.0	2017
3	3.b	3.b.1	SH_ACS_MCV2	Proportion of the target population with access to measles-containing-vaccine second-dose (MCV2) (%)	2019.Q1.G.03	074	Bouvet Island	005	South America	Country	BVT	0	3.410732868	-54.43295905																															
3	3.b	3.b.1	SH_ACS_MCV2	Proportion of the target population with access to measles-containing-vaccine second-dose (MCV2) (%)	2019.Q1.G.03	076	Brazil	005	South America	Country	BRA	1	-53.08432878	-10.77668561	PERCENT	Percentage			G	Global			WHO/UNICEF coverage estimates 2017 revision, July 2018		E: Estimated data	95.0	95.0	80.0	74.0	68.0	61.0	55.0	49.0	56.0	55.0	53.0	71.0	70.0	69.0	89.0	80.0	77.0	41.0	41.0	2017
3	3.b	3.b.1	SH_ACS_MCV2	Proportion of the target population with access to measles-containing-vaccine second-dose (MCV2) (%)	2019.Q1.G.03	084	Belize	013	Central America	Country	BLZ	1	-88.70199554	17.19965901	PERCENT	Percentage			G	Global			WHO/UNICEF coverage estimates 2017 revision, July 2018		E: Estimated data						87.0	92.0	89.0	90.0	92.0	91.0	98.0	93.0	92.0	92.0	95.0	96.0	88.0	88.0	2017
3	3.b	3.b.1	SH_ACS_MCV2	Proportion of the target population with access to measles-containing-vaccine second-dose (MCV2) (%)	2019.Q1.G.03	086	British Indian Ocean Territory	014	Eastern Africa	Country	IOT	0	72.38715553	-7.299281071																															
3	3.b	3.b.1	SH_ACS_MCV2	Proportion of the target population with access to measles-containing-vaccine second-dose (MCV2) (%)	2019.Q1.G.03	090	Solomon Islands	054	Melanesia	Country	SLB	1	160.1584117	-9.622391719																															
3	3.b	3.b.1	SH_ACS_MCV2	Proportion of the target population with access to measles-containing-vaccine second-dose (MCV2) (%)	2019.Q1.G.03	092	British Virgin Islands	029	Caribbean	Country	VGB	0	-64.63294223	18.42256578																															
3	3.b	3.b.1	SH_ACS_MCV2	Proportion of the target population with access to measles-containing-vaccine second-dose (MCV2) (%)	2019.Q1.G.03	096	Brunei Darussalam	035	South-Eastern Asia	Country	BRN	1	114.6288563	4.49736984	PERCENT	Percentage			G	Global			WHO/UNICEF coverage estimates 2017 revision, July 2018		E: Estimated data	95.0	95.0	96.0	96.0	97.0	95.0	94.0	92.0	90.0	99.0	93.0	93.0	96.0	92.0	96.0	97.0	97.0	98.0	98.0	2017
3	3.b	3.b.1	SH_ACS_MCV2	Proportion of the target population with access to measles-containing-vaccine second-dose (MCV2) (%)	2019.Q1.G.03	100	Bulgaria	151	Eastern Europe	Country	BGR	1	25.23763153	42.75731323	PERCENT	Percentage			G	Global			WHO/UNICEF coverage estimates 2017 revision, July 2018		E: Estimated data	83.0	85.0	79.0	89.0	91.0	92.0	93.0	94.0	94.0	93.0	96.0	94.0	94.0	94.0	89.0	87.0	88.0	92.0	92.0	2017
3	3.b	3.b.1	SH_ACS_MCV2	Proportion of the target population with access to measles-containing-vaccine second-dose (MCV2) (%)	2019.Q1.G.03	104	Myanmar	035	South-Eastern Asia	Country	MMR	1	96.51752295	21.19332882	PERCENT	Percentage			G	Global			WHO/UNICEF coverage estimates 2017 revision, July 2018		E: Estimated data									57.0	65.0	75.0	80.0		80.0	82.0	78.0	86.0	80.0	80.0	2017
3	3.b	3.b.1	SH_ACS_MCV2	Proportion of the target population with access to measles-containing-vaccine second-dose (MCV2) (%)	2019.Q1.G.03	108	Burundi	014	Eastern Africa	Country	BDI	1	29.89080992	-3.366387428	PERCENT	Percentage			G	Global			WHO/UNICEF coverage estimates 2017 revision, July 2018		E: Estimated data														51.0	60.0	65.0	72.0	75.0	75.0	2017
3	3.b	3.b.1	SH_ACS_MCV2	Proportion of the target population with access to measles-containing-vaccine second-dose (MCV2) (%)	2019.Q1.G.03	112	Belarus	151	Eastern Europe	Country	BLR	1	28.04940161	53.54193075	PERCENT	Percentage			G	Global			WHO/UNICEF coverage estimates 2017 revision, July 2018		E: Estimated data	92.0	97.0	98.0	98.0	98.0	98.0	95.0	99.0	99.0	99.0	99.0	99.0	97.0	99.0	98.0	99.0	98.0	98.0	98.0	2017
3	3.b	3.b.1	SH_ACS_MCV2	Proportion of the target population with access to measles-containing-vaccine second-dose (MCV2) (%)	2019.Q1.G.03	116	Cambodia	035	South-Eastern Asia	Country	KHM	1	104.922836	12.71163737	PERCENT	Percentage			G	Global			WHO/UNICEF coverage estimates 2017 revision, July 2018		E: Estimated data													41.0	52.0	62.0	61.0	61.0	61.0	61.0	2017
3	3.b	3.b.1	SH_ACS_MCV2	Proportion of the target population with access to measles-containing-vaccine second-dose (MCV2) (%)	2019.Q1.G.03	120	Cameroon	017	Middle Africa	Country	CMR	1	12.7419827	5.692387031																															
3	3.b	3.b.1	SH_ACS_MCV2	Proportion of the target population with access to measles-containing-vaccine second-dose (MCV2) (%)	2019.Q1.G.03	124	Canada	021	Northern America	Country	CAN	1	-101.6575058	57.72360191	PERCENT	Percentage			G	Global			WHO/UNICEF coverage estimates 2017 revision, July 2018		E: Estimated data													94.0	92.0	90.0	88.0	86.0	86.0	86.0	2017
3	3.b	3.b.1	SH_ACS_MCV2	Proportion of the target population with access to measles-containing-vaccine second-dose (MCV2) (%)	2019.Q1.G.03	132	Cabo Verde	011	Western Africa	Country	CPV	1	-23.63544151	15.07791834	PERCENT	Percentage			G	Global			WHO/UNICEF coverage estimates 2017 revision, July 2018		E: Estimated data												99.0	94.0	89.0	79.0	95.0	92.0	85.0	85.0	2017
3	3.b	3.b.1	SH_ACS_MCV2	Proportion of the target population with access to measles-containing-vaccine second-dose (MCV2) (%)	2019.Q1.G.03	136	Cayman Islands	029	Caribbean	Country	CYM	0	-81.16740559	19.32266656																															
3	3.b	3.b.1	SH_ACS_MCV2	Proportion of the target population with access to measles-containing-vaccine second-dose (MCV2) (%)	2019.Q1.G.03	140	Central African Republic	017	Middle Africa	Country	CAF	1	20.93559492	7.003720791																															
3	3.b	3.b.1	SH_ACS_MCV2	Proportion of the target population with access to measles-containing-vaccine second-dose (MCV2) (%)	2019.Q1.G.03	144	Sri Lanka	034	Southern Asia	Country	LKA	1	80.70489654	7.614693343	PERCENT	Percentage			G	Global			WHO/UNICEF coverage estimates 2017 revision, July 2018		E: Estimated data		52.0	92.0	90.0	95.0	99.0	98.0	97.0	97.0	97.0	99.0	99.0	99.0	99.0	99.0	99.0	99.0	99.0	99.0	2017
3	3.b	3.b.1	SH_ACS_MCV2	Proportion of the target population with access to measles-containing-vaccine second-dose (MCV2) (%)	2019.Q1.G.03	148	Chad	017	Middle Africa	Country	TCD	1	18.66618401	15.36279341																															
3	3.b	3.b.1	SH_ACS_MCV2	Proportion of the target population with access to measles-containing-vaccine second-dose (MCV2) (%)	2019.Q1.G.03	152	Chile	005	South America	Country	CHL	1	-71.23029019	-35.2652885	PERCENT	Percentage			G	Global			WHO/UNICEF coverage estimates 2017 revision, July 2018		E: Estimated data					96.0	96.0	95.0	95.0	89.0	89.0	84.0	77.0	74.0	78.0	88.0	89.0	87.0	90.0	90.0	2017
3	3.b	3.b.1	SH_ACS_MCV2	Proportion of the target population with access to measles-containing-vaccine second-dose (MCV2) (%)	2019.Q1.G.03	156	China	030	Eastern Asia	Country	CHN	1	104.1403375	32.30955217	PERCENT	Percentage			G	Global			WHO/UNICEF coverage estimates 2017 revision, July 2018		E: Estimated data						84.0	94.0	92.0	95.0	98.0	99.0	99.0	99.0	99.0	99.0	99.0	99.0	99.0	99.0	2017
3	3.b	3.b.1	SH_ACS_MCV2	Proportion of the target population with access to measles-containing-vaccine second-dose (MCV2) (%)	2019.Q1.G.03	162	Christmas Island	053	Australia and New Zealand	Country	CXR	0	105.6426067	-10.4882473																															
3	3.b	3.b.1	SH_ACS_MCV2	Proportion of the target population with access to measles-containing-vaccine second-dose (MCV2) (%)	2019.Q1.G.03	166	Cocos (Keeling) Islands	053	Australia and New Zealand	Country	CCK	0	96.82633757	-12.18600682																															
3	3.b	3.b.1	SH_ACS_MCV2	Proportion of the target population with access to measles-containing-vaccine second-dose (MCV2) (%)	2019.Q1.G.03	170	Colombia	005	South America	Country	COL	1	-73.07446751	3.888209046	PERCENT	Percentage			G	Global			WHO/UNICEF coverage estimates 2017 revision, July 2018		E: Estimated data	84.0	83.0	93.0	70.0	70.0	73.0	85.0	93.0	70.0	71.0	74.0	76.0	80.0	72.0	88.0	86.0	87.0	89.0	89.0	2017
3	3.b	3.b.1	SH_ACS_MCV2	Proportion of the target population with access to measles-containing-vaccine second-dose (MCV2) (%)	2019.Q1.G.03	174	Comoros	014	Eastern Africa	Country	COM	1	43.34234565	-11.66121732																															
3	3.b	3.b.1	SH_ACS_MCV2	Proportion of the target population with access to measles-containing-vaccine second-dose (MCV2) (%)	2019.Q1.G.03	175	Mayotte	014	Eastern Africa	Country	MYT	0	45.14015057	-12.82217691																															
3	3.b	3.b.1	SH_ACS_MCV2	Proportion of the target population with access to measles-containing-vaccine second-dose (MCV2) (%)	2019.Q1.G.03	178	Congo	011	Western Africa	Country	COG	1	15.22052612	-0.840544119																															
3	3.b	3.b.1	SH_ACS_MCV2	Proportion of the target population with access to measles-containing-vaccine second-dose (MCV2) (%)	2019.Q1.G.03	180	Democratic Republic of the Congo	017	Middle Africa	Country	COD	1	23.65496507	-2.877154732																															
3	3.b	3.b.1	SH_ACS_MCV2	Proportion of the target population with access to measles-containing-vaccine second-dose (MCV2) (%)	2019.Q1.G.03	184	Cook Islands	061	Polynesia	Country	COK	0	-159.7711391	-21.22696458	PERCENT	Percentage			G	Global			WHO/UNICEF coverage estimates 2017 revision, July 2018		E: Estimated data	70.0	50.0	61.0	88.0	86.0	97.0	99.0	98.0	95.0	61.0	98.0	96.0	98.0	95.0	98.0	95.0	90.0	95.0	95.0	2017
3	3.b	3.b.1	SH_ACS_MCV2	Proportion of the target population with access to measles-containing-vaccine second-dose (MCV2) (%)	2019.Q1.G.03	188	Costa Rica	013	Central America	Country	CRI	1	-84.19712782	9.970998683	PERCENT	Percentage			G	Global			WHO/UNICEF coverage estimates 2017 revision, July 2018		E: Estimated data									89.0	84.0	79.0	80.0	95.0	92.0	90.0	90.0	87.0	93.0	93.0	2017
3	3.b	3.b.1	SH_ACS_MCV2	Proportion of the target population with access to measles-containing-vaccine second-dose (MCV2) (%)	2019.Q1.G.03	191	Croatia	039	Southern Europe	Country	HRV	1	17.95874553	45.45172212	PERCENT	Percentage			G	Global			WHO/UNICEF coverage estimates 2017 revision, July 2018		E: Estimated data		98.0	98.0	98.0	98.0	98.0	98.0	98.0	98.0	98.0	98.0	98.0	97.0	97.0	97.0	96.0	96.0	95.0	95.0	2017
3	3.b	3.b.1	SH_ACS_MCV2	Proportion of the target population with access to measles-containing-vaccine second-dose (MCV2) (%)	2019.Q1.G.03	192	Cuba	029	Caribbean	Country	CUB	1	-79.54460144	22.10030366	PERCENT	Percentage			G	Global			WHO/UNICEF coverage estimates 2017 revision, July 2018		E: Estimated data						53.0	97.0	99.0	98.0	95.0	98.0	95.0	96.0	97.0	98.0	99.0	99.0	99.0	99.0	2017
3	3.b	3.b.1	SH_ACS_MCV2	Proportion of the target population with access to measles-containing-vaccine second-dose (MCV2) (%)	2019.Q1.G.03	196	Cyprus	145	Western Asia	Country	CYP	1	33.22285964	35.05659437	PERCENT	Percentage			G	Global			WHO/UNICEF coverage estimates 2017 revision, July 2018		E: Estimated data								93.0	89.0	88.0	88.0	88.0	88.0	88.0	88.0	88.0	88.0	88.0	88.0	2017
3	3.b	3.b.1	SH_ACS_MCV2	Proportion of the target population with access to measles-containing-vaccine second-dose (MCV2) (%)	2019.Q1.G.03	203	Czechia	151	Eastern Europe	Country	CZE	1	15.33151382	49.73913871	PERCENT	Percentage			G	Global			WHO/UNICEF coverage estimates 2017 revision, July 2018		E: Estimated data	98.0	98.0	98.0	98.0	98.0	98.0	98.0	98.0	98.0	98.0	98.0	98.0	99.0	99.0	96.0	99.0	93.0	90.0	90.0	2017
3	3.b	3.b.1	SH_ACS_MCV2	Proportion of the target population with access to measles-containing-vaccine second-dose (MCV2) (%)	2019.Q1.G.03	204	Benin	011	Western Africa	Country	BEN	1	2.339933594	9.65401646																															
3	3.b	3.b.1	SH_ACS_MCV2	Proportion of the target population with access to measles-containing-vaccine second-dose (MCV2) (%)	2019.Q1.G.03	208	Denmark	154	Northern Europe	Country	DNK	1	9.326571283	56.03829721	PERCENT	Percentage			G	Global			WHO/UNICEF coverage estimates 2017 revision, July 2018		E: Estimated data		87.0	92.0	88.0	88.0	91.0	91.0	88.0	87.0	85.0	85.0	86.0	87.0	86.0	84.0	80.0	85.0	88.0	88.0	2017
3	3.b	3.b.1	SH_ACS_MCV2	Proportion of the target population with access to measles-containing-vaccine second-dose (MCV2) (%)	2019.Q1.G.03	212	Dominica	029	Caribbean	Country	DMA	1	-61.3493756	15.43391378	PERCENT	Percentage			G	Global			WHO/UNICEF coverage estimates 2017 revision, July 2018		E: Estimated data		62.0	99.0	99.0	99.0	99.0	99.0	95.0	95.0	95.0	95.0	94.0	94.0	91.0	89.0	94.0	92.0	81.0	81.0	2017
3	3.b	3.b.1	SH_ACS_MCV2	Proportion of the target population with access to measles-containing-vaccine second-dose (MCV2) (%)	2019.Q1.G.03	214	Dominican Republic	029	Caribbean	Country	DOM	1	-70.49847576	18.89832088																															
3	3.b	3.b.1	SH_ACS_MCV2	Proportion of the target population with access to measles-containing-vaccine second-dose (MCV2) (%)	2019.Q1.G.03	218	Ecuador	005	South America	Country	ECU	1	-78.37005241	-1.447785891	PERCENT	Percentage			G	Global			WHO/UNICEF coverage estimates 2017 revision, July 2018		E: Estimated data										99.0	91.0	92.0	81.0	70.0	59.0	76.0	64.0	73.0	73.0	2017
3	3.b	3.b.1	SH_ACS_MCV2	Proportion of the target population with access to measles-containing-vaccine second-dose (MCV2) (%)	2019.Q1.G.03	222	El Salvador	013	Central America	Country	SLV	1	-88.86862995	13.73603564	PERCENT	Percentage			G	Global			WHO/UNICEF coverage estimates 2017 revision, July 2018		E: Estimated data				77.0	80.0	85.0	89.0	86.0	79.0	82.0	78.0	81.0	95.0	85.0	85.0	88.0	87.0	86.0	86.0	2017
3	3.b	3.b.1	SH_ACS_MCV2	Proportion of the target population with access to measles-containing-vaccine second-dose (MCV2) (%)	2019.Q1.G.03	226	Equatorial Guinea	017	Middle Africa	Country	GNQ	1	10.46535826	1.565792376																															
3	3.b	3.b.1	SH_ACS_MCV2	Proportion of the target population with access to measles-containing-vaccine second-dose (MCV2) (%)	2019.Q1.G.03	231	Ethiopia	014	Eastern Africa	Country	ETH	1	39.63505296	8.631223181																															
3	3.b	3.b.1	SH_ACS_MCV2	Proportion of the target population with access to measles-containing-vaccine second-dose (MCV2) (%)	2019.Q1.G.03	232	Eritrea	014	Eastern Africa	Country	ERI	1	38.11074289	16.12894644	PERCENT	Percentage			G	Global			WHO/UNICEF coverage estimates 2017 revision, July 2018		E: Estimated data																88.0	88.0	88.0	88.0	2017
3	3.b	3.b.1	SH_ACS_MCV2	Proportion of the target population with access to measles-containing-vaccine second-dose (MCV2) (%)	2019.Q1.G.03	233	Estonia	154	Northern Europe	Country	EST	1	25.84093481	58.68487172	PERCENT	Percentage			G	Global			WHO/UNICEF coverage estimates 2017 revision, July 2018		E: Estimated data	89.0	84.0	94.0	96.0	97.0	98.0	98.0	96.0	97.0	96.0	95.0	95.0	94.0	92.0	93.0	92.0	92.0	91.0	91.0	2017
3	3.b	3.b.1	SH_ACS_MCV2	Proportion of the target population with access to measles-containing-vaccine second-dose (MCV2) (%)	2019.Q1.G.03	234	Faroe Islands	154	Northern Europe	Country	FRO	0	-7.122044325	62.21228119																															
3	3.b	3.b.1	SH_ACS_MCV2	Proportion of the target population with access to measles-containing-vaccine second-dose (MCV2) (%)	2019.Q1.G.03	238	Falkland Islands (Malvinas)	005	South America	Country	FLK	0	-58.75246778	-51.74562601																															
3	3.b	3.b.1	SH_ACS_MCV2	Proportion of the target population with access to measles-containing-vaccine second-dose (MCV2) (%)	2019.Q1.G.03	239	South Georgia and the South Sandwich Islands	005	South America	Country	SGS	0	-36.90662765	-54.20736749																															
3	3.b	3.b.1	SH_ACS_MCV2	Proportion of the target population with access to measles-containing-vaccine second-dose (MCV2) (%)	2019.Q1.G.03	242	Fiji	054	Melanesia	Country	FJI	1	177.9660884	-17.83301566	PERCENT	Percentage			G	Global			WHO/UNICEF coverage estimates 2017 revision, July 2018		E: Estimated data						74.0	94.0	94.0	94.0	94.0	94.0	94.0	94.0	94.0	94.0	94.0	94.0	94.0	94.0	2017
3	3.b	3.b.1	SH_ACS_MCV2	Proportion of the target population with access to measles-containing-vaccine second-dose (MCV2) (%)	2019.Q1.G.03	246	Finland	154	Northern Europe	Country	FIN	1	23.308447	61.91586738	PERCENT	Percentage			G	Global			WHO/UNICEF coverage estimates 2017 revision, July 2018		E: Estimated data																	85.0	92.0	92.0	2017
3	3.b	3.b.1	SH_ACS_MCV2	Proportion of the target population with access to measles-containing-vaccine second-dose (MCV2) (%)	2019.Q1.G.03	248	Åland Islands	154	Northern Europe	Country	ALA	0	19.80945969	60.1544901																															
3	3.b	3.b.1	SH_ACS_MCV2	Proportion of the target population with access to measles-containing-vaccine second-dose (MCV2) (%)	2019.Q1.G.03	250	France	155	Western Europe	Country	FRA	1	2.457288129	46.62660861	PERCENT	Percentage			G	Global			WHO/UNICEF coverage estimates 2017 revision, July 2018		E: Estimated data											61.0	67.0	72.0	75.0	77.0	79.0	80.0	80.0	80.0	2017
3	3.b	3.b.1	SH_ACS_MCV2	Proportion of the target population with access to measles-containing-vaccine second-dose (MCV2) (%)	2019.Q1.G.03	254	French Guiana	005	South America	Country	GUF	0	-53.23619089	3.922673437																															
3	3.b	3.b.1	SH_ACS_MCV2	Proportion of the target population with access to measles-containing-vaccine second-dose (MCV2) (%)	2019.Q1.G.03	258	French Polynesia	061	Polynesia	Country	PYF	0	-149.4052367	-17.67709294																															
3	3.b	3.b.1	SH_ACS_MCV2	Proportion of the target population with access to measles-containing-vaccine second-dose (MCV2) (%)	2019.Q1.G.03	260	French Southern Territories	014	Eastern Africa	Country	ATF	0	69.64849091	-49.6068576																															
3	3.b	3.b.1	SH_ACS_MCV2	Proportion of the target population with access to measles-containing-vaccine second-dose (MCV2) (%)	2019.Q1.G.03	262	Djibouti	014	Eastern Africa	Country	DJI	1	42.18274707	11.56004161	PERCENT	Percentage			G	Global			WHO/UNICEF coverage estimates 2017 revision, July 2018		E: Estimated data													82.0	82.0	82.0	82.0	82.0	82.0	82.0	2017
3	3.b	3.b.1	SH_ACS_MCV2	Proportion of the target population with access to measles-containing-vaccine second-dose (MCV2) (%)	2019.Q1.G.03	266	Gabon	017	Middle Africa	Country	GAB	1	11.78727747	-0.60687619																															
3	3.b	3.b.1	SH_ACS_MCV2	Proportion of the target population with access to measles-containing-vaccine second-dose (MCV2) (%)	2019.Q1.G.03	268	Georgia	145	Western Asia	Country	GEO	1	43.3713615	42.04813028	PERCENT	Percentage			G	Global			WHO/UNICEF coverage estimates 2017 revision, July 2018		E: Estimated data		8.0	40.0	57.0	75.0	87.0	88.0	92.0	87.0	71.0	84.0	77.0	79.0	89.0	87.0	91.0	85.0	90.0	90.0	2017
3	3.b	3.b.1	SH_ACS_MCV2	Proportion of the target population with access to measles-containing-vaccine second-dose (MCV2) (%)	2019.Q1.G.03	270	Gambia	011	Western Africa	Country	GMB	1	-15.39944785	13.45295927	PERCENT	Percentage			G	Global			WHO/UNICEF coverage estimates 2017 revision, July 2018		E: Estimated data													56.0	53.0	73.0	81.0	79.0	68.0	68.0	2017
3	3.b	3.b.1	SH_ACS_MCV2	Proportion of the target population with access to measles-containing-vaccine second-dose (MCV2) (%)	2019.Q1.G.03	275	State of Palestine	145	Western Asia	Country	PSE	0	35.25694122	31.94347933	PERCENT	Percentage			G	Global			WHO/UNICEF coverage estimates 2017 revision, July 2018		E: Estimated data	95.0	94.0	93.0	94.0	94.0	97.0	92.0	87.0	99.0	97.0	94.0	95.0	97.0	98.0	99.0	99.0	99.0	99.0	99.0	2017
3	3.b	3.b.1	SH_ACS_MCV2	Proportion of the target population with access to measles-containing-vaccine second-dose (MCV2) (%)	2019.Q1.G.03	276	Germany	155	Western Europe	Country	DEU	1	10.3806066	51.08862743	PERCENT	Percentage			G	Global			WHO/UNICEF coverage estimates 2017 revision, July 2018		E: Estimated data			77.0	83.0	89.0	91.0	90.0	92.0	92.0	93.0	93.0	93.0	93.0	93.0	93.0	93.0	93.0	93.0	93.0	2017
3	3.b	3.b.1	SH_ACS_MCV2	Proportion of the target population with access to measles-containing-vaccine second-dose (MCV2) (%)	2019.Q1.G.03	288	Ghana	011	Western Africa	Country	GHA	1	-1.205623522	7.964825185	PERCENT	Percentage			G	Global			WHO/UNICEF coverage estimates 2017 revision, July 2018		E: Estimated data													52.0	54.0	67.0	63.0	75.0	83.0	83.0	2017
3	3.b	3.b.1	SH_ACS_MCV2	Proportion of the target population with access to measles-containing-vaccine second-dose (MCV2) (%)	2019.Q1.G.03	292	Gibraltar	039	Southern Europe	Country	GIB	0	-5.347561686	36.13895036																															
3	3.b	3.b.1	SH_ACS_MCV2	Proportion of the target population with access to measles-containing-vaccine second-dose (MCV2) (%)	2019.Q1.G.03	296	Kiribati	057	Micronesia	Country	KIR	1	-157.5643005	1.768837732	PERCENT	Percentage			G	Global			WHO/UNICEF coverage estimates 2017 revision, July 2018		E: Estimated data										35.0	21.0	61.0	9.0	84.0	80.0	76.0	79.0	79.0	79.0	2017
3	3.b	3.b.1	SH_ACS_MCV2	Proportion of the target population with access to measles-containing-vaccine second-dose (MCV2) (%)	2019.Q1.G.03	300	Greece	039	Southern Europe	Country	GRC	1	22.58307827	39.47301873	PERCENT	Percentage			G	Global			WHO/UNICEF coverage estimates 2017 revision, July 2018		E: Estimated data								77.0	77.0	77.0	77.0	77.0	83.0	83.0	83.0	83.0	83.0	83.0	83.0	2017
3	3.b	3.b.1	SH_ACS_MCV2	Proportion of the target population with access to measles-containing-vaccine second-dose (MCV2) (%)	2019.Q1.G.03	304	Greenland	021	Northern America	Country	GRL	0	-41.39371316	74.75625681																															
3	3.b	3.b.1	SH_ACS_MCV2	Proportion of the target population with access to measles-containing-vaccine second-dose (MCV2) (%)	2019.Q1.G.03	308	Grenada	029	Caribbean	Country	GRD	1	-61.68248568	12.11238395	PERCENT	Percentage			G	Global			WHO/UNICEF coverage estimates 2017 revision, July 2018		E: Estimated data			74.0	68.0	61.0	81.0	87.0	86.0	86.0	78.0	86.0	85.0	75.0	85.0	92.0	89.0	85.0	79.0	79.0	2017
3	3.b	3.b.1	SH_ACS_MCV2	Proportion of the target population with access to measles-containing-vaccine second-dose (MCV2) (%)	2019.Q1.G.03	312	Guadeloupe	029	Caribbean	Country	GLP	0	-61.64762115	16.14416917																															
3	3.b	3.b.1	SH_ACS_MCV2	Proportion of the target population with access to measles-containing-vaccine second-dose (MCV2) (%)	2019.Q1.G.03	316	Guam	057	Micronesia	Country	GUM	0	144.7029305	13.35485404																															
3	3.b	3.b.1	SH_ACS_MCV2	Proportion of the target population with access to measles-containing-vaccine second-dose (MCV2) (%)	2019.Q1.G.03	320	Guatemala	013	Central America	Country	GTM	1	-91.2312746	15.00273719	PERCENT	Percentage			G	Global			WHO/UNICEF coverage estimates 2017 revision, July 2018		E: Estimated data																	65.0	81.0	81.0	2017
3	3.b	3.b.1	SH_ACS_MCV2	Proportion of the target population with access to measles-containing-vaccine second-dose (MCV2) (%)	2019.Q1.G.03	324	Guinea	011	Western Africa	Country	GIN	1	-11.28173419	11.00210343																															
3	3.b	3.b.1	SH_ACS_MCV2	Proportion of the target population with access to measles-containing-vaccine second-dose (MCV2) (%)	2019.Q1.G.03	328	Guyana	005	South America	Country	GUY	1	-58.97322037	4.788012784	PERCENT	Percentage			G	Global			WHO/UNICEF coverage estimates 2017 revision, July 2018		E: Estimated data		88.0	80.0	71.0	63.0	72.0	74.0	90.0	84.0	84.0	82.0	84.0	90.0	95.0	91.0	95.0	94.0	93.0	93.0	2017
3	3.b	3.b.1	SH_ACS_MCV2	Proportion of the target population with access to measles-containing-vaccine second-dose (MCV2) (%)	2019.Q1.G.03	332	Haiti	029	Caribbean	Country	HTI	1	-72.33640958	18.40426539	PERCENT	Percentage			G	Global			WHO/UNICEF coverage estimates 2017 revision, July 2018		E: Estimated data																	26.0	25.0	25.0	2017
3	3.b	3.b.1	SH_ACS_MCV2	Proportion of the target population with access to measles-containing-vaccine second-dose (MCV2) (%)	2019.Q1.G.03	334	Heard Island and McDonald Islands	053	Australia and New Zealand	Country	HMD	0	73.52633626	-53.09106147																															
3	3.b	3.b.1	SH_ACS_MCV2	Proportion of the target population with access to measles-containing-vaccine second-dose (MCV2) (%)	2019.Q1.G.03	336	Holy See	039	Southern Europe	Country	VAT	0	12.45315803	41.90343751																															
3	3.b	3.b.1	SH_ACS_MCV2	Proportion of the target population with access to measles-containing-vaccine second-dose (MCV2) (%)	2019.Q1.G.03	340	Honduras	013	Central America	Country	HND	1	-86.59974381	14.82243161																															
3	3.b	3.b.1	SH_ACS_MCV2	Proportion of the target population with access to measles-containing-vaccine second-dose (MCV2) (%)	2019.Q1.G.03	344	China, Hong Kong Special Administrative Region	030	Eastern Asia	Country	HKG	0	114.0266445	22.41749934																															
3	3.b	3.b.1	SH_ACS_MCV2	Proportion of the target population with access to measles-containing-vaccine second-dose (MCV2) (%)	2019.Q1.G.03	348	Hungary	151	Eastern Europe	Country	HUN	1	19.41221519	47.1651448	PERCENT	Percentage			G	Global			WHO/UNICEF coverage estimates 2017 revision, July 2018		E: Estimated data	99.0	99.0	99.0	99.0	99.0	99.0	99.0	99.0	99.0	99.0	99.0	99.0	99.0	99.0	99.0	99.0	99.0	99.0	99.0	2017
3	3.b	3.b.1	SH_ACS_MCV2	Proportion of the target population with access to measles-containing-vaccine second-dose (MCV2) (%)	2019.Q1.G.03	352	Iceland	154	Northern Europe	Country	ISL	1	-19.02116966	64.79134763	PERCENT	Percentage			G	Global			WHO/UNICEF coverage estimates 2017 revision, July 2018		E: Estimated data				92.0	89.0	90.0	93.0	95.0	94.0	93.0	92.0	90.0	97.0	94.0	93.0	94.0	95.0	95.0	95.0	2017
3	3.b	3.b.1	SH_ACS_MCV2	Proportion of the target population with access to measles-containing-vaccine second-dose (MCV2) (%)	2019.Q1.G.03	356	India	034	Southern Asia	Country	IND	1	79.3608464	22.34642074	PERCENT	Percentage			G	Global			WHO/UNICEF coverage estimates 2017 revision, July 2018		E: Estimated data												27.0	36.0	51.0	60.0	69.0	76.0	77.0	77.0	2017
3	3.b	3.b.1	SH_ACS_MCV2	Proportion of the target population with access to measles-containing-vaccine second-dose (MCV2) (%)	2019.Q1.G.03	360	Indonesia	035	South-Eastern Asia	Country	IDN	1	113.9174	-0.994582204	PERCENT	Percentage			G	Global			WHO/UNICEF coverage estimates 2017 revision, July 2018		E: Estimated data				21.0	29.0	23.0	50.0	73.0	66.0	67.0	74.0	76.0	78.0	76.0	28.0	31.0	55.0	63.0	63.0	2017
3	3.b	3.b.1	SH_ACS_MCV2	Proportion of the target population with access to measles-containing-vaccine second-dose (MCV2) (%)	2019.Q1.G.03	364	Iran (Islamic Republic of)	034	Southern Asia	Country	IRN	1	54.19766348	32.74370885	PERCENT	Percentage			G	Global			WHO/UNICEF coverage estimates 2017 revision, July 2018		E: Estimated data	99.0	94.0	96.0	96.0	99.0	92.0	98.0	97.0	96.0	99.0	99.0	99.0	97.0	97.0	98.0	98.0	98.0	98.0	98.0	2017
3	3.b	3.b.1	SH_ACS_MCV2	Proportion of the target population with access to measles-containing-vaccine second-dose (MCV2) (%)	2019.Q1.G.03	368	Iraq	145	Western Asia	Country	IRQ	1	43.76606267	33.05013795	PERCENT	Percentage			G	Global			WHO/UNICEF coverage estimates 2017 revision, July 2018		E: Estimated data		52.0	48.0	45.0	41.0	58.0	52.0	64.0	76.0	87.0	77.0	77.0	68.0	57.0	60.0	62.0	64.0	74.0	74.0	2017
3	3.b	3.b.1	SH_ACS_MCV2	Proportion of the target population with access to measles-containing-vaccine second-dose (MCV2) (%)	2019.Q1.G.03	372	Ireland	154	Northern Europe	Country	IRL	1	-7.121425272	53.25274054																															
3	3.b	3.b.1	SH_ACS_MCV2	Proportion of the target population with access to measles-containing-vaccine second-dose (MCV2) (%)	2019.Q1.G.03	376	Israel	145	Western Asia	Country	ISR	1	34.62277992	31.06164552	PERCENT	Percentage			G	Global			WHO/UNICEF coverage estimates 2017 revision, July 2018		E: Estimated data		97.0	97.0	97.0	97.0	96.0	96.0	90.0	91.0	92.0	93.0	87.0	89.0	95.0	96.0	97.0	97.0	96.0	96.0	2017
3	3.b	3.b.1	SH_ACS_MCV2	Proportion of the target population with access to measles-containing-vaccine second-dose (MCV2) (%)	2019.Q1.G.03	380	Italy	039	Southern Europe	Country	ITA	1	12.57022427	42.79917282	PERCENT	Percentage			G	Global			WHO/UNICEF coverage estimates 2017 revision, July 2018		E: Estimated data														84.0	83.0	83.0	85.0	86.0	86.0	2017
3	3.b	3.b.1	SH_ACS_MCV2	Proportion of the target population with access to measles-containing-vaccine second-dose (MCV2) (%)	2019.Q1.G.03	384	Côte d'Ivoire	011	Western Africa	Country	CIV	1	-5.552690016	7.62211586																															
3	3.b	3.b.1	SH_ACS_MCV2	Proportion of the target population with access to measles-containing-vaccine second-dose (MCV2) (%)	2019.Q1.G.03	388	Jamaica	029	Caribbean	Country	JAM	1	-77.31068409	18.15616857	PERCENT	Percentage			G	Global			WHO/UNICEF coverage estimates 2017 revision, July 2018		E: Estimated data		96.0	96.0	95.0	95.0	91.0	88.0	84.0	80.0	78.0	56.0	60.0	76.0	71.0	72.0	83.0	85.0	95.0	95.0	2017
3	3.b	3.b.1	SH_ACS_MCV2	Proportion of the target population with access to measles-containing-vaccine second-dose (MCV2) (%)	2019.Q1.G.03	392	Japan	030	Eastern Asia	Country	JPN	1	139.2716103	36.6554539	PERCENT	Percentage			G	Global			WHO/UNICEF coverage estimates 2017 revision, July 2018		E: Estimated data									78.0	92.0	97.0	92.0	92.0	93.0	94.0	93.0	93.0	95.0	95.0	2017
3	3.b	3.b.1	SH_ACS_MCV2	Proportion of the target population with access to measles-containing-vaccine second-dose (MCV2) (%)	2019.Q1.G.03	398	Kazakhstan	143	Central Asia	Country	KAZ	1	66.65359159	48.01963494	PERCENT	Percentage			G	Global			WHO/UNICEF coverage estimates 2017 revision, July 2018		E: Estimated data	98.0	95.0	98.0	99.0	99.0	96.0	99.0	99.0	99.0	99.0	99.0	99.0	97.0	99.0	99.0	98.0	99.0	99.0	99.0	2017
3	3.b	3.b.1	SH_ACS_MCV2	Proportion of the target population with access to measles-containing-vaccine second-dose (MCV2) (%)	2019.Q1.G.03	400	Jordan	145	Western Asia	Country	JOR	1	37.13024774	30.65365973	PERCENT	Percentage			G	Global			WHO/UNICEF coverage estimates 2017 revision, July 2018		E: Estimated data	83.0	87.0	90.0	91.0	98.0	92.0	88.0	97.0	90.0	90.0	95.0	95.0	96.0	98.0	98.0	96.0	99.0	99.0	99.0	2017
3	3.b	3.b.1	SH_ACS_MCV2	Proportion of the target population with access to measles-containing-vaccine second-dose (MCV2) (%)	2019.Q1.G.03	404	Kenya	014	Eastern Africa	Country	KEN	1	37.86096816	0.534797278	PERCENT	Percentage			G	Global			WHO/UNICEF coverage estimates 2017 revision, July 2018		E: Estimated data																28.0	32.0	35.0	35.0	2017
3	3.b	3.b.1	SH_ACS_MCV2	Proportion of the target population with access to measles-containing-vaccine second-dose (MCV2) (%)	2019.Q1.G.03	408	Democratic People's Republic of Korea	030	Eastern Asia	Country	PRK	1	127.1803633	40.1462645	PERCENT	Percentage			G	Global			WHO/UNICEF coverage estimates 2017 revision, July 2018		E: Estimated data									98.0	98.0	99.0	99.0	99.0	99.0	99.0	97.0	98.0	98.0	98.0	2017
3	3.b	3.b.1	SH_ACS_MCV2	Proportion of the target population with access to measles-containing-vaccine second-dose (MCV2) (%)	2019.Q1.G.03	410	Republic of Korea	030	Eastern Asia	Country	KOR	1	127.8610254	36.45201023	PERCENT	Percentage			G	Global			WHO/UNICEF coverage estimates 2017 revision, July 2018		E: Estimated data	39.0	67.0	95.0	95.0	99.0	99.0	99.0	99.0	99.0	99.0	98.0	98.0	97.0	95.0	96.0	97.0	97.0	97.0	97.0	2017
3	3.b	3.b.1	SH_ACS_MCV2	Proportion of the target population with access to measles-containing-vaccine second-dose (MCV2) (%)	2019.Q1.G.03	414	Kuwait	145	Western Asia	Country	KWT	1	47.49305029	29.53949468	PERCENT	Percentage			G	Global			WHO/UNICEF coverage estimates 2017 revision, July 2018		E: Estimated data						77.0	96.0	90.0	86.0	94.0	99.0	99.0	99.0	99.0	86.0	96.0	99.0	99.0	99.0	2017
3	3.b	3.b.1	SH_ACS_MCV2	Proportion of the target population with access to measles-containing-vaccine second-dose (MCV2) (%)	2019.Q1.G.03	417	Kyrgyzstan	143	Central Asia	Country	KGZ	1	74.52324839	41.46204516	PERCENT	Percentage			G	Global			WHO/UNICEF coverage estimates 2017 revision, July 2018		E: Estimated data	96.0	98.0	98.0	98.0	98.0	98.0	97.0	95.0	97.0	98.0	98.0	98.0	98.0	97.0	97.0	96.0	98.0	96.0	96.0	2017
3	3.b	3.b.1	SH_ACS_MCV2	Proportion of the target population with access to measles-containing-vaccine second-dose (MCV2) (%)	2019.Q1.G.03	418	Lao People's Democratic Republic	035	South-Eastern Asia	Country	LAO	1	101.9901968	20.27482773																															
3	3.b	3.b.1	SH_ACS_MCV2	Proportion of the target population with access to measles-containing-vaccine second-dose (MCV2) (%)	2019.Q1.G.03	422	Lebanon	145	Western Asia	Country	LBN	1	35.89391711	33.92152458	PERCENT	Percentage			G	Global			WHO/UNICEF coverage estimates 2017 revision, July 2018		E: Estimated data	56.0	42.0	28.0	14.0	24.0	34.0	45.0	55.0	65.0	75.0	74.0	72.0	71.0	69.0	68.0	68.0	68.0	68.0	68.0	2017
3	3.b	3.b.1	SH_ACS_MCV2	Proportion of the target population with access to measles-containing-vaccine second-dose (MCV2) (%)	2019.Q1.G.03	426	Lesotho	018	Southern Africa	Country	LSO	1	28.25362195	-29.58041814	PERCENT	Percentage			G	Global			WHO/UNICEF coverage estimates 2017 revision, July 2018		E: Estimated data		46.0	50.0	47.0	56.0	68.0	80.0	80.0	80.0	81.0	81.0	82.0	82.0	82.0	82.0	82.0	82.0	82.0	82.0	2017
3	3.b	3.b.1	SH_ACS_MCV2	Proportion of the target population with access to measles-containing-vaccine second-dose (MCV2) (%)	2019.Q1.G.03	428	Latvia	154	Northern Europe	Country	LVA	1	26.42461876	56.64196636	PERCENT	Percentage			G	Global			WHO/UNICEF coverage estimates 2017 revision, July 2018		E: Estimated data	90.0	95.0	96.0	97.0	98.0	99.0	99.0	98.0	94.0	92.0	93.0	92.0	92.0	92.0	89.0	92.0	89.0	89.0	89.0	2017
3	3.b	3.b.1	SH_ACS_MCV2	Proportion of the target population with access to measles-containing-vaccine second-dose (MCV2) (%)	2019.Q1.G.03	430	Liberia	011	Western Africa	Country	LBR	1	-9.311879038	6.448381009																															
3	3.b	3.b.1	SH_ACS_MCV2	Proportion of the target population with access to measles-containing-vaccine second-dose (MCV2) (%)	2019.Q1.G.03	434	Libya	015	Northern Africa	Country	LBY	1	18.0295985	27.04042819	PERCENT	Percentage			G	Global			WHO/UNICEF coverage estimates 2017 revision, July 2018		E: Estimated data		81.0	86.0	90.0	95.0	95.0	96.0	97.0	97.0	97.0	97.0	97.0	97.0	95.0	92.0	97.0	96.0	94.0	94.0	2017
3	3.b	3.b.1	SH_ACS_MCV2	Proportion of the target population with access to measles-containing-vaccine second-dose (MCV2) (%)	2019.Q1.G.03	438	Liechtenstein	155	Western Europe	Country	LIE	1	9.552985019	47.14167005																															
3	3.b	3.b.1	SH_ACS_MCV2	Proportion of the target population with access to measles-containing-vaccine second-dose (MCV2) (%)	2019.Q1.G.03	440	Lithuania	154	Northern Europe	Country	LTU	1	23.90517807	55.33680309	PERCENT	Percentage			G	Global			WHO/UNICEF coverage estimates 2017 revision, July 2018		E: Estimated data	97.0	96.0	95.0	93.0	93.0	95.0	94.0	96.0	96.0	94.0	95.0	94.0	93.0	92.0	92.0	92.0	92.0	92.0	92.0	2017
3	3.b	3.b.1	SH_ACS_MCV2	Proportion of the target population with access to measles-containing-vaccine second-dose (MCV2) (%)	2019.Q1.G.03	442	Luxembourg	155	Western Europe	Country	LUX	1	6.092656563	49.77679538	PERCENT	Percentage			G	Global			WHO/UNICEF coverage estimates 2017 revision, July 2018		E: Estimated data													86.0	86.0	86.0	86.0	86.0	86.0	86.0	2017
3	3.b	3.b.1	SH_ACS_MCV2	Proportion of the target population with access to measles-containing-vaccine second-dose (MCV2) (%)	2019.Q1.G.03	446	China, Macao Special Administrative Region	030	Eastern Asia	Country	MAC	0	113.5665388	22.1237259																															
3	3.b	3.b.1	SH_ACS_MCV2	Proportion of the target population with access to measles-containing-vaccine second-dose (MCV2) (%)	2019.Q1.G.03	450	Madagascar	014	Eastern Africa	Country	MDG	1	46.6982339	-19.38514785																															
3	3.b	3.b.1	SH_ACS_MCV2	Proportion of the target population with access to measles-containing-vaccine second-dose (MCV2) (%)	2019.Q1.G.03	454	Malawi	014	Eastern Africa	Country	MWI	1	33.4884625	-13.40819859	PERCENT	Percentage			G	Global			WHO/UNICEF coverage estimates 2017 revision, July 2018		E: Estimated data																8.0	61.0	67.0	67.0	2017
3	3.b	3.b.1	SH_ACS_MCV2	Proportion of the target population with access to measles-containing-vaccine second-dose (MCV2) (%)	2019.Q1.G.03	458	Malaysia	035	South-Eastern Asia	Country	MYS	1	116.8346314	5.452415309	PERCENT	Percentage			G	Global			WHO/UNICEF coverage estimates 2017 revision, July 2018		E: Estimated data						91.0	90.0	92.0	93.0	95.0	95.0	95.0	99.0	99.0	99.0	99.0	99.0	99.0	99.0	2017
3	3.b	3.b.1	SH_ACS_MCV2	Proportion of the target population with access to measles-containing-vaccine second-dose (MCV2) (%)	2019.Q1.G.03	462	Maldives	034	Southern Asia	Country	MDV	1	73.09672546	-0.614385021	PERCENT	Percentage			G	Global			WHO/UNICEF coverage estimates 2017 revision, July 2018		E: Estimated data								56.0	76.0	96.0	96.0	96.0	99.0	99.0	97.0	99.0	99.0	99.0	99.0	2017
3	3.b	3.b.1	SH_ACS_MCV2	Proportion of the target population with access to measles-containing-vaccine second-dose (MCV2) (%)	2019.Q1.G.03	466	Mali	011	Western Africa	Country	MLI	1	-3.522016039	17.35311254																															
3	3.b	3.b.1	SH_ACS_MCV2	Proportion of the target population with access to measles-containing-vaccine second-dose (MCV2) (%)	2019.Q1.G.03	470	Malta	039	Southern Europe	Country	MLT	1	14.44617519	35.89194275	PERCENT	Percentage			G	Global			WHO/UNICEF coverage estimates 2017 revision, July 2018		E: Estimated data				2.0	31.0	60.0	86.0	77.0	83.0	85.0	85.0	85.0	91.0	88.0	94.0	91.0	86.0	83.0	83.0	2017
3	3.b	3.b.1	SH_ACS_MCV2	Proportion of the target population with access to measles-containing-vaccine second-dose (MCV2) (%)	2019.Q1.G.03	474	Martinique	029	Caribbean	Country	MTQ	0	-60.91544135	14.56086108																															
3	3.b	3.b.1	SH_ACS_MCV2	Proportion of the target population with access to measles-containing-vaccine second-dose (MCV2) (%)	2019.Q1.G.03	478	Mauritania	011	Western Africa	Country	MRT	1	-10.33187259	20.26089546																															
3	3.b	3.b.1	SH_ACS_MCV2	Proportion of the target population with access to measles-containing-vaccine second-dose (MCV2) (%)	2019.Q1.G.03	480	Mauritius	014	Eastern Africa	Country	MUS	1	57.568022	-20.28581998	PERCENT	Percentage			G	Global			WHO/UNICEF coverage estimates 2017 revision, July 2018		E: Estimated data					80.0	78.0	85.0	80.0	83.0	85.0	90.0	89.0	90.0	85.0	85.0	96.0	92.0	95.0	95.0	2017
3	3.b	3.b.1	SH_ACS_MCV2	Proportion of the target population with access to measles-containing-vaccine second-dose (MCV2) (%)	2019.Q1.G.03	484	Mexico	013	Central America	Country	MEX	1	-102.5148166	23.93378032	PERCENT	Percentage			G	Global			WHO/UNICEF coverage estimates 2017 revision, July 2018		E: Estimated data	98.0	99.0	89.0	96.0	97.0	97.0	91.0	85.0	94.0	92.0	91.0	97.0	92.0	76.0	95.0	96.0	98.0	98.0	98.0	2017
3	3.b	3.b.1	SH_ACS_MCV2	Proportion of the target population with access to measles-containing-vaccine second-dose (MCV2) (%)	2019.Q1.G.03	492	Monaco	155	Western Europe	Country	MCO	1	7.424214814	43.73532918	PERCENT	Percentage			G	Global			WHO/UNICEF coverage estimates 2017 revision, July 2018		E: Estimated data															79.0	79.0	79.0	79.0	79.0	2017
3	3.b	3.b.1	SH_ACS_MCV2	Proportion of the target population with access to measles-containing-vaccine second-dose (MCV2) (%)	2019.Q1.G.03	496	Mongolia	030	Eastern Asia	Country	MNG	1	103.0728057	46.83892054	PERCENT	Percentage			G	Global			WHO/UNICEF coverage estimates 2017 revision, July 2018		E: Estimated data	75.0	95.0	96.0	98.0	98.0	98.0	96.0	97.0	96.0	97.0	95.0	98.0	98.0	97.0	98.0	98.0	90.0	98.0	98.0	2017
3	3.b	3.b.1	SH_ACS_MCV2	Proportion of the target population with access to measles-containing-vaccine second-dose (MCV2) (%)	2019.Q1.G.03	498	Republic of Moldova	151	Eastern Europe	Country	MDA	1	28.4650624	47.20236795	PERCENT	Percentage			G	Global			WHO/UNICEF coverage estimates 2017 revision, July 2018		E: Estimated data			69.0	96.0	98.0	98.0	99.0	95.0	97.0	98.0	98.0	96.0	95.0	94.0	93.0	90.0	95.0	92.0	92.0	2017
3	3.b	3.b.1	SH_ACS_MCV2	Proportion of the target population with access to measles-containing-vaccine second-dose (MCV2) (%)	2019.Q1.G.03	499	Montenegro	039	Southern Europe	Country	MNE	1	19.25214024	42.78717043	PERCENT	Percentage			G	Global			WHO/UNICEF coverage estimates 2017 revision, July 2018		E: Estimated data								95.0	96.0	96.0	97.0	97.0	97.0	94.0	95.0	94.0	86.0	83.0	83.0	2017
3	3.b	3.b.1	SH_ACS_MCV2	Proportion of the target population with access to measles-containing-vaccine second-dose (MCV2) (%)	2019.Q1.G.03	500	Montserrat	029	Caribbean	Country	MSR	0	-62.19261223	16.73558313																															
3	3.b	3.b.1	SH_ACS_MCV2	Proportion of the target population with access to measles-containing-vaccine second-dose (MCV2) (%)	2019.Q1.G.03	504	Morocco	015	Northern Africa	Country	MAR	1	-6.281942841	31.8440131	PERCENT	Percentage			G	Global			WHO/UNICEF coverage estimates 2017 revision, July 2018		E: Estimated data					91.0	92.0	92.0	92.0							54.0	95.0	99.0	99.0	99.0	2017
3	3.b	3.b.1	SH_ACS_MCV2	Proportion of the target population with access to measles-containing-vaccine second-dose (MCV2) (%)	2019.Q1.G.03	508	Mozambique	014	Eastern Africa	Country	MOZ	1	38.18479941	-14.27963886	PERCENT	Percentage			G	Global			WHO/UNICEF coverage estimates 2017 revision, July 2018		E: Estimated data																	36.0	45.0	45.0	2017
3	3.b	3.b.1	SH_ACS_MCV2	Proportion of the target population with access to measles-containing-vaccine second-dose (MCV2) (%)	2019.Q1.G.03	512	Oman	145	Western Asia	Country	OMN	1	57.87743482	21.98805614	PERCENT	Percentage			G	Global			WHO/UNICEF coverage estimates 2017 revision, July 2018		E: Estimated data	99.0	99.0	98.0	98.0	98.0	97.0	97.0	95.0	98.0	99.0	99.0	99.0	99.0	99.0	99.0	98.0	99.0	99.0	99.0	2017
3	3.b	3.b.1	SH_ACS_MCV2	Proportion of the target population with access to measles-containing-vaccine second-dose (MCV2) (%)	2019.Q1.G.03	516	Namibia	018	Southern Africa	Country	NAM	1	17.21907885	-22.13817068	PERCENT	Percentage			G	Global			WHO/UNICEF coverage estimates 2017 revision, July 2018		E: Estimated data																		32.0	32.0	2017
3	3.b	3.b.1	SH_ACS_MCV2	Proportion of the target population with access to measles-containing-vaccine second-dose (MCV2) (%)	2019.Q1.G.03	520	Nauru	057	Micronesia	Country	NRU	1	166.92313	-0.528742623	PERCENT	Percentage			G	Global			WHO/UNICEF coverage estimates 2017 revision, July 2018		E: Estimated data		95.0	83.0	72.0	60.0	50.0	97.0	99.0	99.0	92.0	99.0	99.0	81.0	88.0	94.0	96.0	97.0	94.0	94.0	2017
3	3.b	3.b.1	SH_ACS_MCV2	Proportion of the target population with access to measles-containing-vaccine second-dose (MCV2) (%)	2019.Q1.G.03	524	Nepal	034	Southern Asia	Country	NPL	1	83.94678863	28.25866332	PERCENT	Percentage			G	Global			WHO/UNICEF coverage estimates 2017 revision, July 2018		E: Estimated data																	25.0	59.0	59.0	2017
3	3.b	3.b.1	SH_ACS_MCV2	Proportion of the target population with access to measles-containing-vaccine second-dose (MCV2) (%)	2019.Q1.G.03	528	Netherlands	155	Western Europe	Country	NLD	1	5.331480568	51.86728884	PERCENT	Percentage			G	Global			WHO/UNICEF coverage estimates 2017 revision, July 2018		E: Estimated data			96.0	98.0	98.0	93.0	92.0	92.0	93.0	93.0	92.0	93.0	93.0	92.0	93.0	92.0	91.0	90.0	90.0	2017
3	3.b	3.b.1	SH_ACS_MCV2	Proportion of the target population with access to measles-containing-vaccine second-dose (MCV2) (%)	2019.Q1.G.03	530	Netherlands Antilles	029	Caribbean	Country	ANT	0	-68.30676179	12.22720635																															
3	3.b	3.b.1	SH_ACS_MCV2	Proportion of the target population with access to measles-containing-vaccine second-dose (MCV2) (%)	2019.Q1.G.03	531	Curaçao	029	Caribbean	Country	CUW	0	-68.95033464	12.15058042																															
3	3.b	3.b.1	SH_ACS_MCV2	Proportion of the target population with access to measles-containing-vaccine second-dose (MCV2) (%)	2019.Q1.G.03	533	Aruba	029	Caribbean	Country	ABW	0	-69.97050586	12.50878756																															
3	3.b	3.b.1	SH_ACS_MCV2	Proportion of the target population with access to measles-containing-vaccine second-dose (MCV2) (%)	2019.Q1.G.03	534	Sint Maarten (Dutch part)	029	Caribbean	Country	SXM	0	-63.06198692	18.03926508																															
3	3.b	3.b.1	SH_ACS_MCV2	Proportion of the target population with access to measles-containing-vaccine second-dose (MCV2) (%)	2019.Q1.G.03	540	New Caledonia	054	Melanesia	Country	NCL	0	165.5067368	-21.41742531																															
3	3.b	3.b.1	SH_ACS_MCV2	Proportion of the target population with access to measles-containing-vaccine second-dose (MCV2) (%)	2019.Q1.G.03	548	Vanuatu	054	Melanesia	Country	VUT	1	167.0679779	-15.34445547																															
3	3.b	3.b.1	SH_ACS_MCV2	Proportion of the target population with access to measles-containing-vaccine second-dose (MCV2) (%)	2019.Q1.G.03	554	New Zealand	053	Australia and New Zealand	Country	NZL	1	170.4755673	-43.98721568	PERCENT	Percentage			G	Global			WHO/UNICEF coverage estimates 2017 revision, July 2018		E: Estimated data												86.0	85.0	86.0	86.0	87.0	89.0	90.0	90.0	2017
3	3.b	3.b.1	SH_ACS_MCV2	Proportion of the target population with access to measles-containing-vaccine second-dose (MCV2) (%)	2019.Q1.G.03	558	Nicaragua	013	Central America	Country	NIC	1	-85.03060315	12.84210839	PERCENT	Percentage			G	Global			WHO/UNICEF coverage estimates 2017 revision, July 2018		E: Estimated data																		84.0	84.0	2017
3	3.b	3.b.1	SH_ACS_MCV2	Proportion of the target population with access to measles-containing-vaccine second-dose (MCV2) (%)	2019.Q1.G.03	562	Niger	011	Western Africa	Country	NER	1	9.400167877	17.42143036	PERCENT	Percentage			G	Global			WHO/UNICEF coverage estimates 2017 revision, July 2018		E: Estimated data															3.0	16.0	23.0	38.0	38.0	2017
3	3.b	3.b.1	SH_ACS_MCV2	Proportion of the target population with access to measles-containing-vaccine second-dose (MCV2) (%)	2019.Q1.G.03	566	Nigeria	011	Western Africa	Country	NGA	1	8.097363256	9.585789025																															
3	3.b	3.b.1	SH_ACS_MCV2	Proportion of the target population with access to measles-containing-vaccine second-dose (MCV2) (%)	2019.Q1.G.03	570	Niue	061	Polynesia	Country	NIU	0	-169.8601693	-19.05000475	PERCENT	Percentage			G	Global			WHO/UNICEF coverage estimates 2017 revision, July 2018		E: Estimated data	99.0	99.0	90.0	86.0	99.0	70.0	99.0	99.0	99.0	99.0	99.0	98.0	98.0	99.0	99.0	99.0	99.0	99.0	99.0	2017
3	3.b	3.b.1	SH_ACS_MCV2	Proportion of the target population with access to measles-containing-vaccine second-dose (MCV2) (%)	2019.Q1.G.03	574	Norfolk Island	053	Australia and New Zealand	Country	NFK	0	167.9515548	-29.03230018																															
3	3.b	3.b.1	SH_ACS_MCV2	Proportion of the target population with access to measles-containing-vaccine second-dose (MCV2) (%)	2019.Q1.G.03	578	Norway	154	Northern Europe	Country	NOR	1	11.47846389	61.34311134	PERCENT	Percentage			G	Global			WHO/UNICEF coverage estimates 2017 revision, July 2018		E: Estimated data	90.0	90.0	90.0	89.0	90.0	91.0	91.0	93.0	95.0	96.0	97.0	94.0	91.0	91.0	92.0	91.0	91.0	91.0	91.0	2017
3	3.b	3.b.1	SH_ACS_MCV2	Proportion of the target population with access to measles-containing-vaccine second-dose (MCV2) (%)	2019.Q1.G.03	580	Northern Mariana Islands	057	Micronesia	Country	MNP	0	145.7582114	15.19099517																															
3	3.b	3.b.1	SH_ACS_MCV2	Proportion of the target population with access to measles-containing-vaccine second-dose (MCV2) (%)	2019.Q1.G.03	581	United States Minor Outlying Islands	057	Micronesia	Country	UMI	0	-162.4343752	5.874443968																															
3	3.b	3.b.1	SH_ACS_MCV2	Proportion of the target population with access to measles-containing-vaccine second-dose (MCV2) (%)	2019.Q1.G.03	583	Micronesia (Federated States of)	057	Micronesia	Country	FSM	1	158.225216	6.880670092	PERCENT	Percentage			G	Global			WHO/UNICEF coverage estimates 2017 revision, July 2018		E: Estimated data	50.0	64.0	65.0	66.0	74.0	84.0	85.0	86.0	84.0	82.0	75.0	75.0	70.0	75.0	75.0	74.0	45.0	52.0	52.0	2017
3	3.b	3.b.1	SH_ACS_MCV2	Proportion of the target population with access to measles-containing-vaccine second-dose (MCV2) (%)	2019.Q1.G.03	584	Marshall Islands	057	Micronesia	Country	MHL	1	171.0839119	7.110213497	PERCENT	Percentage			G	Global			WHO/UNICEF coverage estimates 2017 revision, July 2018		E: Estimated data	6.0	6.0	70.0	90.0	92.0	71.0	60.0	91.0	79.0	66.0	90.0	74.0	58.0	56.0	53.0	70.0	49.0	62.0	62.0	2017
3	3.b	3.b.1	SH_ACS_MCV2	Proportion of the target population with access to measles-containing-vaccine second-dose (MCV2) (%)	2019.Q1.G.03	585	Palau	057	Micronesia	Country	PLW	1	134.5733878	7.502307591	PERCENT	Percentage			G	Global			WHO/UNICEF coverage estimates 2017 revision, July 2018		E: Estimated data	75.0	83.0	90.0	94.0	98.0	95.0	98.0	83.0	77.0	79.0	39.0	83.0	86.0	98.0	81.0	82.0	95.0	95.0	95.0	2017
3	3.b	3.b.1	SH_ACS_MCV2	Proportion of the target population with access to measles-containing-vaccine second-dose (MCV2) (%)	2019.Q1.G.03	586	Pakistan	034	Southern Asia	Country	PAK	1	68.80479684	29.36491634	PERCENT	Percentage			G	Global			WHO/UNICEF coverage estimates 2017 revision, July 2018		E: Estimated data										30.0	31.0	31.0	32.0	31.0	33.0	35.0	45.0	45.0	45.0	2017
3	3.b	3.b.1	SH_ACS_MCV2	Proportion of the target population with access to measles-containing-vaccine second-dose (MCV2) (%)	2019.Q1.G.03	591	Panama	013	Central America	Country	PAN	1	-81.26616623	8.450965746	PERCENT	Percentage			G	Global			WHO/UNICEF coverage estimates 2017 revision, July 2018		E: Estimated data	88.0	88.0	88.0	89.0	89.0	89.0	86.0	83.0	79.0	76.0	73.0	81.0	72.0	68.0	90.0	92.0	93.0	93.0	93.0	2017
3	3.b	3.b.1	SH_ACS_MCV2	Proportion of the target population with access to measles-containing-vaccine second-dose (MCV2) (%)	2019.Q1.G.03	598	Papua New Guinea	054	Melanesia	Country	PNG	1	145.8587761	-6.756057077																															
3	3.b	3.b.1	SH_ACS_MCV2	Proportion of the target population with access to measles-containing-vaccine second-dose (MCV2) (%)	2019.Q1.G.03	600	Paraguay	005	South America	Country	PRY	1	-60.54854225	-21.70216237	PERCENT	Percentage			G	Global			WHO/UNICEF coverage estimates 2017 revision, July 2018		E: Estimated data						31.0	61.0	74.0	84.0	77.0	77.0	78.0	75.0	76.0	76.0	72.0	87.0	82.0	82.0	2017
3	3.b	3.b.1	SH_ACS_MCV2	Proportion of the target population with access to measles-containing-vaccine second-dose (MCV2) (%)	2019.Q1.G.03	604	Peru	005	South America	Country	PER	1	-71.82093277	-13.58939705	PERCENT	Percentage			G	Global			WHO/UNICEF coverage estimates 2017 revision, July 2018		E: Estimated data								9.0	17.0	42.0	56.0	70.0	63.0	54.0	44.0	63.0	66.0	66.0	66.0	2017
3	3.b	3.b.1	SH_ACS_MCV2	Proportion of the target population with access to measles-containing-vaccine second-dose (MCV2) (%)	2019.Q1.G.03	608	Philippines	035	South-Eastern Asia	Country	PHL	1	120.8601418	14.16591706	PERCENT	Percentage			G	Global			WHO/UNICEF coverage estimates 2017 revision, July 2018		E: Estimated data										19.0	10.0	36.0	42.0	54.0	59.0	67.0	66.0	80.0	80.0	2017
3	3.b	3.b.1	SH_ACS_MCV2	Proportion of the target population with access to measles-containing-vaccine second-dose (MCV2) (%)	2019.Q1.G.03	612	Pitcairn	061	Polynesia	Country	PCN	0	-128.3225873	-24.37538456																															
3	3.b	3.b.1	SH_ACS_MCV2	Proportion of the target population with access to measles-containing-vaccine second-dose (MCV2) (%)	2019.Q1.G.03	616	Poland	151	Eastern Europe	Country	POL	1	19.40660158	52.1226733	PERCENT	Percentage			G	Global			WHO/UNICEF coverage estimates 2017 revision, July 2018		E: Estimated data	96.0	96.0	97.0	97.0	96.0	90.0	99.0	98.0	97.0	95.0	94.0	95.0	95.0	93.0	95.0	94.0	93.0	93.0	93.0	2017
3	3.b	3.b.1	SH_ACS_MCV2	Proportion of the target population with access to measles-containing-vaccine second-dose (MCV2) (%)	2019.Q1.G.03	620	Portugal	039	Southern Europe	Country	PRT	1	-7.961599811	39.68509315	PERCENT	Percentage			G	Global			WHO/UNICEF coverage estimates 2017 revision, July 2018		E: Estimated data	48.0	56.0	64.0	72.0	79.0	87.0	95.0	95.0	95.0	95.0	95.0	96.0	96.0	96.0	96.0	95.0	95.0	95.0	95.0	2017
3	3.b	3.b.1	SH_ACS_MCV2	Proportion of the target population with access to measles-containing-vaccine second-dose (MCV2) (%)	2019.Q1.G.03	624	Guinea-Bissau	011	Western Africa	Country	GNB	1	-14.40182514	12.11760394																															
3	3.b	3.b.1	SH_ACS_MCV2	Proportion of the target population with access to measles-containing-vaccine second-dose (MCV2) (%)	2019.Q1.G.03	626	Timor-Leste	035	South-Eastern Asia	Country	TLS	1	125.9451052	-8.797497247	PERCENT	Percentage			G	Global			WHO/UNICEF coverage estimates 2017 revision, July 2018		E: Estimated data																	30.0	50.0	50.0	2017
3	3.b	3.b.1	SH_ACS_MCV2	Proportion of the target population with access to measles-containing-vaccine second-dose (MCV2) (%)	2019.Q1.G.03	630	Puerto Rico	029	Caribbean	Country	PRI	0	-66.47591017	18.22753799																															
3	3.b	3.b.1	SH_ACS_MCV2	Proportion of the target population with access to measles-containing-vaccine second-dose (MCV2) (%)	2019.Q1.G.03	634	Qatar	145	Western Asia	Country	QAT	1	51.19152467	25.28355379	PERCENT	Percentage			G	Global			WHO/UNICEF coverage estimates 2017 revision, July 2018		E: Estimated data			91.0	91.0	95.0	98.0	87.0	91.0	95.0	99.0	98.0	99.0	99.0	99.0	95.0	91.0	92.0	93.0	93.0	2017
3	3.b	3.b.1	SH_ACS_MCV2	Proportion of the target population with access to measles-containing-vaccine second-dose (MCV2) (%)	2019.Q1.G.03	638	Réunion	014	Eastern Africa	Country	REU	0	55.53171398	-21.13183266																															
3	3.b	3.b.1	SH_ACS_MCV2	Proportion of the target population with access to measles-containing-vaccine second-dose (MCV2) (%)	2019.Q1.G.03	642	Romania	151	Eastern Europe	Country	ROU	1	24.98481009	45.83893563	PERCENT	Percentage			G	Global			WHO/UNICEF coverage estimates 2017 revision, July 2018		E: Estimated data	96.0	97.0	97.0	97.0	96.0	96.0	96.0	96.0	95.0	94.0	93.0	91.0	90.0	88.0	84.0	80.0	76.0	75.0	75.0	2017
3	3.b	3.b.1	SH_ACS_MCV2	Proportion of the target population with access to measles-containing-vaccine second-dose (MCV2) (%)	2019.Q1.G.03	643	Russian Federation	151	Eastern Europe	Country	RUS	1	99.01404926	61.61899849	PERCENT	Percentage			G	Global			WHO/UNICEF coverage estimates 2017 revision, July 2018		E: Estimated data	86.0	88.0	93.0	96.0	97.0	97.0	97.0	97.0	97.0	97.0	98.0	97.0	97.0	97.0	97.0	97.0	97.0	97.0	97.0	2017
3	3.b	3.b.1	SH_ACS_MCV2	Proportion of the target population with access to measles-containing-vaccine second-dose (MCV2) (%)	2019.Q1.G.03	646	Rwanda	014	Eastern Africa	Country	RWA	1	29.92310194	-1.999842114	PERCENT	Percentage			G	Global			WHO/UNICEF coverage estimates 2017 revision, July 2018		E: Estimated data																87.0	90.0	95.0	95.0	2017
3	3.b	3.b.1	SH_ACS_MCV2	Proportion of the target population with access to measles-containing-vaccine second-dose (MCV2) (%)	2019.Q1.G.03	652	Saint Barthélemy	029	Caribbean	Country	BLM	0	-62.83173536	17.89513362																															
3	3.b	3.b.1	SH_ACS_MCV2	Proportion of the target population with access to measles-containing-vaccine second-dose (MCV2) (%)	2019.Q1.G.03	654	Saint Helena	011	Western Africa	Country	SHN	0	-5.705752501	-15.96503946																															
3	3.b	3.b.1	SH_ACS_MCV2	Proportion of the target population with access to measles-containing-vaccine second-dose (MCV2) (%)	2019.Q1.G.03	659	Saint Kitts and Nevis	029	Caribbean	Country	KNA	1	-62.76628613	17.33994219	PERCENT	Percentage			G	Global			WHO/UNICEF coverage estimates 2017 revision, July 2018		E: Estimated data	99.0	99.0	99.0	98.0	98.0	97.0	96.0	95.0	94.0	99.0	99.0	99.0	90.0	94.0	90.0	90.0	97.0	95.0	95.0	2017
3	3.b	3.b.1	SH_ACS_MCV2	Proportion of the target population with access to measles-containing-vaccine second-dose (MCV2) (%)	2019.Q1.G.03	660	Anguilla	029	Caribbean	Country	AIA	0	-63.05651612	18.21525315																															
3	3.b	3.b.1	SH_ACS_MCV2	Proportion of the target population with access to measles-containing-vaccine second-dose (MCV2) (%)	2019.Q1.G.03	662	Saint Lucia	029	Caribbean	Country	LCA	1	-60.96529553	13.89405601	PERCENT	Percentage			G	Global			WHO/UNICEF coverage estimates 2017 revision, July 2018		E: Estimated data	89.0	73.0	71.0	69.0	67.0	56.0	45.0	33.0	22.0	63.0	74.0	72.0	80.0	62.0	79.0	95.0	88.0	73.0	73.0	2017
3	3.b	3.b.1	SH_ACS_MCV2	Proportion of the target population with access to measles-containing-vaccine second-dose (MCV2) (%)	2019.Q1.G.03	663	Saint Martin (French Part)	029	Caribbean	Country	MAF	0	-63.04505461	18.0882685																															
3	3.b	3.b.1	SH_ACS_MCV2	Proportion of the target population with access to measles-containing-vaccine second-dose (MCV2) (%)	2019.Q1.G.03	666	Saint Pierre and Miquelon	021	Northern America	Country	SPM	0	-56.33682442	46.85812735																															
3	3.b	3.b.1	SH_ACS_MCV2	Proportion of the target population with access to measles-containing-vaccine second-dose (MCV2) (%)	2019.Q1.G.03	670	Saint Vincent and the Grenadines	029	Caribbean	Country	VCT	1	-61.19024321	13.24627968	PERCENT	Percentage			G	Global			WHO/UNICEF coverage estimates 2017 revision, July 2018		E: Estimated data		99.0	99.0	86.0	73.0	93.0	88.0	83.0	94.0	94.0	89.0	91.0	92.0	96.0	98.0	99.0	99.0	99.0	99.0	2017
3	3.b	3.b.1	SH_ACS_MCV2	Proportion of the target population with access to measles-containing-vaccine second-dose (MCV2) (%)	2019.Q1.G.03	674	San Marino	039	Southern Europe	Country	SMR	1	12.46329038	43.93841766	PERCENT	Percentage			G	Global			WHO/UNICEF coverage estimates 2017 revision, July 2018		E: Estimated data				94.0	94.0	94.0	94.0	94.0	92.0	92.0	90.0	92.0	89.0	85.0	86.0	86.0	81.0	78.0	78.0	2017
3	3.b	3.b.1	SH_ACS_MCV2	Proportion of the target population with access to measles-containing-vaccine second-dose (MCV2) (%)	2019.Q1.G.03	678	Sao Tome and Principe	017	Middle Africa	Country	STP	1	6.609772265	0.241554875	PERCENT	Percentage			G	Global			WHO/UNICEF coverage estimates 2017 revision, July 2018		E: Estimated data															71.0	76.0	76.0	76.0	76.0	2017
3	3.b	3.b.1	SH_ACS_MCV2	Proportion of the target population with access to measles-containing-vaccine second-dose (MCV2) (%)	2019.Q1.G.03	682	Saudi Arabia	145	Western Asia	Country	SAU	1	44.54763347	24.12594211	PERCENT	Percentage			G	Global			WHO/UNICEF coverage estimates 2017 revision, July 2018		E: Estimated data		96.0	96.0	97.0	97.0	97.0	97.0	98.0	98.0	98.0	98.0	97.0	98.0	99.0	98.0	96.0	96.0	96.0	96.0	2017
3	3.b	3.b.1	SH_ACS_MCV2	Proportion of the target population with access to measles-containing-vaccine second-dose (MCV2) (%)	2019.Q1.G.03	686	Senegal	011	Western Africa	Country	SEN	1	-14.46636926	14.35920905	PERCENT	Percentage			G	Global			WHO/UNICEF coverage estimates 2017 revision, July 2018		E: Estimated data															13.0	54.0	75.0	70.0	70.0	2017
3	3.b	3.b.1	SH_ACS_MCV2	Proportion of the target population with access to measles-containing-vaccine second-dose (MCV2) (%)	2019.Q1.G.03	688	Serbia	039	Southern Europe	Country	SRB	1	20.805876	44.03145697	PERCENT	Percentage			G	Global			WHO/UNICEF coverage estimates 2017 revision, July 2018		E: Estimated data	78.0	74.0	75.0	96.0	96.0	98.0	90.0	96.0	97.0	87.0	91.0	90.0	90.0	82.0	91.0	86.0	90.0	91.0	91.0	2017
3	3.b	3.b.1	SH_ACS_MCV2	Proportion of the target population with access to measles-containing-vaccine second-dose (MCV2) (%)	2019.Q1.G.03	690	Seychelles	014	Eastern Africa	Country	SYC	1	55.46561591	-4.678053059	PERCENT	Percentage			G	Global			WHO/UNICEF coverage estimates 2017 revision, July 2018		E: Estimated data		98.0	99.0	99.0	99.0	99.0	99.0	99.0	98.0	99.0	98.0	99.0	99.0	97.0	98.0	98.0	99.0	99.0	99.0	2017
3	3.b	3.b.1	SH_ACS_MCV2	Proportion of the target population with access to measles-containing-vaccine second-dose (MCV2) (%)	2019.Q1.G.03	694	Sierra Leone	011	Western Africa	Country	SLE	1	-11.78306584	8.568604164	PERCENT	Percentage			G	Global			WHO/UNICEF coverage estimates 2017 revision, July 2018		E: Estimated data																60.0	50.0	55.0	55.0	2017
3	3.b	3.b.1	SH_ACS_MCV2	Proportion of the target population with access to measles-containing-vaccine second-dose (MCV2) (%)	2019.Q1.G.03	702	Singapore	035	South-Eastern Asia	Country	SGP	1	103.8107883	1.361009155	PERCENT	Percentage			G	Global			WHO/UNICEF coverage estimates 2017 revision, July 2018		E: Estimated data	98.0	96.0	96.0	96.0	96.0	95.0	96.0	96.0	96.0	95.0	96.0	96.0	95.0	90.0	90.0	90.0	88.0	90.0	90.0	2017
3	3.b	3.b.1	SH_ACS_MCV2	Proportion of the target population with access to measles-containing-vaccine second-dose (MCV2) (%)	2019.Q1.G.03	703	Slovakia	151	Eastern Europe	Country	SVK	1	19.48495604	48.70741446	PERCENT	Percentage			G	Global			WHO/UNICEF coverage estimates 2017 revision, July 2018		E: Estimated data	99.0	99.0	99.0	99.0	98.0	98.0	99.0	98.0	99.0	99.0	99.0	99.0	99.0	99.0	98.0	98.0	97.0	97.0	97.0	2017
3	3.b	3.b.1	SH_ACS_MCV2	Proportion of the target population with access to measles-containing-vaccine second-dose (MCV2) (%)	2019.Q1.G.03	704	Viet Nam	035	South-Eastern Asia	Country	VNM	1	105.802499	10.09643079	PERCENT	Percentage			G	Global			WHO/UNICEF coverage estimates 2017 revision, July 2018		E: Estimated data								18.0	97.0	96.0	98.0	93.0	83.0	86.0	94.0	92.0	95.0	93.0	93.0	2017
3	3.b	3.b.1	SH_ACS_MCV2	Proportion of the target population with access to measles-containing-vaccine second-dose (MCV2) (%)	2019.Q1.G.03	705	Slovenia	039	Southern Europe	Country	SVN	1	14.82209486	46.11958061	PERCENT	Percentage			G	Global			WHO/UNICEF coverage estimates 2017 revision, July 2018		E: Estimated data	98.0	98.0	98.0	98.0	99.0	99.0	99.0	98.0	98.0	98.0	96.0	96.0	96.0	95.0	94.0	96.0	93.0	94.0	94.0	2017
3	3.b	3.b.1	SH_ACS_MCV2	Proportion of the target population with access to measles-containing-vaccine second-dose (MCV2) (%)	2019.Q1.G.03	706	Somalia	014	Eastern Africa	Country	SOM	1	46.20367477	4.406485729																															
3	3.b	3.b.1	SH_ACS_MCV2	Proportion of the target population with access to measles-containing-vaccine second-dose (MCV2) (%)	2019.Q1.G.03	710	South Africa	018	Southern Africa	Country	ZAF	1	24.67184355	-29.99957544	PERCENT	Percentage			G	Global			WHO/UNICEF coverage estimates 2017 revision, July 2018		E: Estimated data	62.0	54.0	46.0	52.0	51.0	49.0	55.0	52.0	57.0	66.0	59.0	58.0	59.0	56.0	62.0	66.0	70.0	60.0	60.0	2017
3	3.b	3.b.1	SH_ACS_MCV2	Proportion of the target population with access to measles-containing-vaccine second-dose (MCV2) (%)	2019.Q1.G.03	716	Zimbabwe	014	Eastern Africa	Country	ZWE	1	29.86909584	-19.00075492	PERCENT	Percentage			G	Global			WHO/UNICEF coverage estimates 2017 revision, July 2018		E: Estimated data																	63.0	78.0	78.0	2017
3	3.b	3.b.1	SH_ACS_MCV2	Proportion of the target population with access to measles-containing-vaccine second-dose (MCV2) (%)	2019.Q1.G.03	724	Spain	039	Southern Europe	Country	ESP	1	-3.554078296	40.39211472	PERCENT	Percentage			G	Global			WHO/UNICEF coverage estimates 2017 revision, July 2018		E: Estimated data					91.0	92.0	94.0	95.0	94.0	90.0	92.0	91.0	90.0	91.0	93.0	94.0	95.0	93.0	93.0	2017
3	3.b	3.b.1	SH_ACS_MCV2	Proportion of the target population with access to measles-containing-vaccine second-dose (MCV2) (%)	2019.Q1.G.03	728	South Sudan	014	Eastern Africa	Country	SSD	1	30.32618773	7.290839152																															
3	3.b	3.b.1	SH_ACS_MCV2	Proportion of the target population with access to measles-containing-vaccine second-dose (MCV2) (%)	2019.Q1.G.03	729	Sudan	015	Northern Africa	Country	SDN	0	29.95650159	16.02643066	PERCENT	Percentage			G	Global			WHO/UNICEF coverage estimates 2017 revision, July 2018		E: Estimated data													24.0	57.0	61.0	69.0	69.0	72.0	72.0	2017
3	3.b	3.b.1	SH_ACS_MCV2	Proportion of the target population with access to measles-containing-vaccine second-dose (MCV2) (%)	2019.Q1.G.03	732	Western Sahara	015	Northern Africa	Country	ESH	0	-13.13515523	24.66265342																															
3	3.b	3.b.1	SH_ACS_MCV2	Proportion of the target population with access to measles-containing-vaccine second-dose (MCV2) (%)	2019.Q1.G.03	740	Suriname	005	South America	Country	SUR	1	-55.90626394	4.132603197	PERCENT	Percentage			G	Global			WHO/UNICEF coverage estimates 2017 revision, July 2018		E: Estimated data														18.0	18.0	28.0	44.0	44.0	44.0	2017
3	3.b	3.b.1	SH_ACS_MCV2	Proportion of the target population with access to measles-containing-vaccine second-dose (MCV2) (%)	2019.Q1.G.03	744	Svalbard and Jan Mayen Islands	154	Northern Europe	Country	SJM	0	13.38071013	78.82894131																															
3	3.b	3.b.1	SH_ACS_MCV2	Proportion of the target population with access to measles-containing-vaccine second-dose (MCV2) (%)	2019.Q1.G.03	748	Eswatini	018	Southern Africa	Country	SWZ	1	31.50149288	-26.56471011	PERCENT	Percentage			G	Global			WHO/UNICEF coverage estimates 2017 revision, July 2018		E: Estimated data			99.0	99.0	99.0	99.0	99.0	99.0	99.0	99.0	99.0	92.0	52.0	89.0	89.0	89.0	89.0	89.0	89.0	2017
3	3.b	3.b.1	SH_ACS_MCV2	Proportion of the target population with access to measles-containing-vaccine second-dose (MCV2) (%)	2019.Q1.G.03	752	Sweden	154	Northern Europe	Country	SWE	1	14.3775338	60.60103109	PERCENT	Percentage			G	Global			WHO/UNICEF coverage estimates 2017 revision, July 2018		E: Estimated data	94.0	94.0	94.0	95.0	95.0	95.0	95.0	95.0	94.0	95.0	94.0	95.0	95.0	95.0	95.0	95.0	95.0	95.0	95.0	2017
3	3.b	3.b.1	SH_ACS_MCV2	Proportion of the target population with access to measles-containing-vaccine second-dose (MCV2) (%)	2019.Q1.G.03	756	Switzerland	155	Western Europe	Country	CHE	1	8.223158	46.96617097	PERCENT	Percentage			G	Global			WHO/UNICEF coverage estimates 2017 revision, July 2018		E: Estimated data						71.0	71.0	71.0	83.0	83.0	83.0	86.0	86.0	86.0	87.0	87.0	87.0	89.0	89.0	2017
3	3.b	3.b.1	SH_ACS_MCV2	Proportion of the target population with access to measles-containing-vaccine second-dose (MCV2) (%)	2019.Q1.G.03	760	Syrian Arab Republic	145	Western Asia	Country	SYR	1	38.50466565	35.01676176	PERCENT	Percentage			G	Global			WHO/UNICEF coverage estimates 2017 revision, July 2018		E: Estimated data	80.0	83.0	84.0	83.0	82.0	81.0	81.0	81.0	81.0	82.0	82.0	71.0	53.0	51.0	49.0	47.0	52.0	59.0	59.0	2017
3	3.b	3.b.1	SH_ACS_MCV2	Proportion of the target population with access to measles-containing-vaccine second-dose (MCV2) (%)	2019.Q1.G.03	762	Tajikistan	143	Central Asia	Country	TJK	1	69.294998	38.43069666	PERCENT	Percentage			G	Global			WHO/UNICEF coverage estimates 2017 revision, July 2018		E: Estimated data	59.0	72.0	93.0	94.0	98.0	92.0	96.0	90.0	87.0	93.0	95.0	96.0	97.0	92.0	98.0	94.0	97.0	98.0	98.0	2017
3	3.b	3.b.1	SH_ACS_MCV2	Proportion of the target population with access to measles-containing-vaccine second-dose (MCV2) (%)	2019.Q1.G.03	764	Thailand	035	South-Eastern Asia	Country	THA	1	101.0202951	15.13089239	PERCENT	Percentage			G	Global			WHO/UNICEF coverage estimates 2017 revision, July 2018		E: Estimated data	99.0	86.0	89.0	92.0	95.0	95.0	94.0	94.0	91.0	91.0	91.0	91.0	91.0	94.0	94.0	95.0	95.0	95.0	95.0	2017
3	3.b	3.b.1	SH_ACS_MCV2	Proportion of the target population with access to measles-containing-vaccine second-dose (MCV2) (%)	2019.Q1.G.03	768	Togo	011	Western Africa	Country	TGO	1	0.97835765	8.532096072																															
3	3.b	3.b.1	SH_ACS_MCV2	Proportion of the target population with access to measles-containing-vaccine second-dose (MCV2) (%)	2019.Q1.G.03	772	Tokelau	061	Polynesia	Country	TKL	0	-171.8154473	-9.214545558																															
3	3.b	3.b.1	SH_ACS_MCV2	Proportion of the target population with access to measles-containing-vaccine second-dose (MCV2) (%)	2019.Q1.G.03	776	Tonga	061	Polynesia	Country	TON	1	-175.1959991	-21.19511329	PERCENT	Percentage			G	Global			WHO/UNICEF coverage estimates 2017 revision, July 2018		E: Estimated data				82.0	85.0	84.0	85.0	85.0	84.0	84.0	84.0	85.0	81.0	86.0	78.0	85.0	85.0	85.0	85.0	2017
3	3.b	3.b.1	SH_ACS_MCV2	Proportion of the target population with access to measles-containing-vaccine second-dose (MCV2) (%)	2019.Q1.G.03	780	Trinidad and Tobago	029	Caribbean	Country	TTO	1	-61.29389504	10.41877263	PERCENT	Percentage			G	Global			WHO/UNICEF coverage estimates 2017 revision, July 2018		E: Estimated data		80.0	77.0	73.0	78.0	84.0	78.0	87.0	81.0	80.0	82.0	83.0	85.0	86.0	93.0	79.0	65.0	65.0	65.0	2017
3	3.b	3.b.1	SH_ACS_MCV2	Proportion of the target population with access to measles-containing-vaccine second-dose (MCV2) (%)	2019.Q1.G.03	784	United Arab Emirates	145	Western Asia	Country	ARE	1	53.98279159	23.43322219	PERCENT	Percentage			G	Global			WHO/UNICEF coverage estimates 2017 revision, July 2018		E: Estimated data	92.0	92.0	92.0	92.0	92.0	94.0	93.0	93.0	92.0	93.0	94.0	95.0	96.0	98.0	99.0	99.0	99.0	99.0	99.0	2017
3	3.b	3.b.1	SH_ACS_MCV2	Proportion of the target population with access to measles-containing-vaccine second-dose (MCV2) (%)	2019.Q1.G.03	788	Tunisia	015	Northern Africa	Country	TUN	1	9.572737411	34.11439971	PERCENT	Percentage			G	Global			WHO/UNICEF coverage estimates 2017 revision, July 2018		E: Estimated data	98.0	99.0	98.0	99.0	99.0	99.0	98.0	98.0	99.0	97.0	98.0	96.0	96.0	98.0	95.0	98.0	97.0	97.0	97.0	2017
3	3.b	3.b.1	SH_ACS_MCV2	Proportion of the target population with access to measles-containing-vaccine second-dose (MCV2) (%)	2019.Q1.G.03	792	Turkey	145	Western Asia	Country	TUR	1	35.42890329	38.9899684	PERCENT	Percentage			G	Global			WHO/UNICEF coverage estimates 2017 revision, July 2018		E: Estimated data		91.0	83.0	97.0	97.0	98.0	84.0	94.0	92.0	88.0	91.0	86.0	85.0	98.0	88.0	86.0	85.0	86.0	86.0	2017
3	3.b	3.b.1	SH_ACS_MCV2	Proportion of the target population with access to measles-containing-vaccine second-dose (MCV2) (%)	2019.Q1.G.03	795	Turkmenistan	143	Central Asia	Country	TKM	1	58.9787665	40.0912346	PERCENT	Percentage			G	Global			WHO/UNICEF coverage estimates 2017 revision, July 2018		E: Estimated data	92.0	94.0	87.0	89.0	90.0	98.0	99.0	98.0	99.0	99.0	99.0	99.0	99.0	99.0	99.0	99.0	99.0	99.0	99.0	2017
3	3.b	3.b.1	SH_ACS_MCV2	Proportion of the target population with access to measles-containing-vaccine second-dose (MCV2) (%)	2019.Q1.G.03	796	Turks and Caicos Islands	029	Caribbean	Country	TCA	0	-71.745121	21.80780585																															
3	3.b	3.b.1	SH_ACS_MCV2	Proportion of the target population with access to measles-containing-vaccine second-dose (MCV2) (%)	2019.Q1.G.03	798	Tuvalu	061	Polynesia	Country	TUV	1	178.6679611	-7.460048071	PERCENT	Percentage			G	Global			WHO/UNICEF coverage estimates 2017 revision, July 2018		E: Estimated data		99.0	97.0	93.0	90.0	86.0	83.0	74.0	82.0	84.0	87.0	90.0	93.0	84.0	91.0	86.0	92.0	94.0	94.0	2017
3	3.b	3.b.1	SH_ACS_MCV2	Proportion of the target population with access to measles-containing-vaccine second-dose (MCV2) (%)	2019.Q1.G.03	800	Uganda	014	Eastern Africa	Country	UGA	1	32.39100438	1.279557331																															
3	3.b	3.b.1	SH_ACS_MCV2	Proportion of the target population with access to measles-containing-vaccine second-dose (MCV2) (%)	2019.Q1.G.03	804	Ukraine	151	Eastern Europe	Country	UKR	1	31.40270802	49.00735945	PERCENT	Percentage			G	Global			WHO/UNICEF coverage estimates 2017 revision, July 2018		E: Estimated data	99.0	98.0	98.0	99.0	97.0	96.0	98.0	96.0	95.0	68.0	41.0	56.0	54.0	54.0	57.0	57.0	31.0	84.0	84.0	2017
3	3.b	3.b.1	SH_ACS_MCV2	Proportion of the target population with access to measles-containing-vaccine second-dose (MCV2) (%)	2019.Q1.G.03	807	North Macedonia	039	Southern Europe	Country	MKD	1	21.7007909	41.60048068	PERCENT	Percentage			G	Global			WHO/UNICEF coverage estimates 2017 revision, July 2018		E: Estimated data	95.0	94.0	95.0	97.0	95.0	95.0	96.0	95.0	95.0	97.0	99.0	98.0	96.0	96.0	96.0	93.0	93.0	97.0	97.0	2017
3	3.b	3.b.1	SH_ACS_MCV2	Proportion of the target population with access to measles-containing-vaccine second-dose (MCV2) (%)	2019.Q1.G.03	818	Egypt	015	Northern Africa	Country	EGY	1	29.77468534	26.57438204	PERCENT	Percentage			G	Global			WHO/UNICEF coverage estimates 2017 revision, July 2018		E: Estimated data	97.0	99.0	96.0	97.0	96.0	97.0	97.0	97.0	96.0	96.0	97.0	97.0	92.0	96.0	93.0	92.0	96.0	94.0	94.0	2017
3	3.b	3.b.1	SH_ACS_MCV2	Proportion of the target population with access to measles-containing-vaccine second-dose (MCV2) (%)	2019.Q1.G.03	826	United Kingdom of Great Britain and Northern Ireland	154	Northern Europe	Country	GBR	1	-2.23830539	53.27691757	PERCENT	Percentage			G	Global			WHO/UNICEF coverage estimates 2017 revision, July 2018		E: Estimated data	76.0	74.0	74.0	77.0	76.0	75.0	75.0	74.0	75.0	79.0	84.0	85.0	87.0	88.0	89.0	89.0	89.0	88.0	88.0	2017
3	3.b	3.b.1	SH_ACS_MCV2	Proportion of the target population with access to measles-containing-vaccine second-dose (MCV2) (%)	2019.Q1.G.03	831	Guernsey	830	Channel Islands	Country	GGY	0	-2.200712402	49.71561166																															
3	3.b	3.b.1	SH_ACS_MCV2	Proportion of the target population with access to measles-containing-vaccine second-dose (MCV2) (%)	2019.Q1.G.03	832	Jersey	830	Channel Islands	Country	JEY	0	-2.136773508	49.22353354																															
3	3.b	3.b.1	SH_ACS_MCV2	Proportion of the target population with access to measles-containing-vaccine second-dose (MCV2) (%)	2019.Q1.G.03	833	Isle of Man	154	Northern Europe	Country	IMN	0	-4.538190305	54.22880901																															
3	3.b	3.b.1	SH_ACS_MCV2	Proportion of the target population with access to measles-containing-vaccine second-dose (MCV2) (%)	2019.Q1.G.03	834	United Republic of Tanzania	014	Eastern Africa	Country	TZA	1	34.80521182	-6.265332606	PERCENT	Percentage			G	Global			WHO/UNICEF coverage estimates 2017 revision, July 2018		E: Estimated data															29.0	57.0	71.0	79.0	79.0	2017
3	3.b	3.b.1	SH_ACS_MCV2	Proportion of the target population with access to measles-containing-vaccine second-dose (MCV2) (%)	2019.Q1.G.03	840	United States of America	021	Northern America	Country	USA	1	-99.13830311	39.5277871	PERCENT	Percentage			G	Global			WHO/UNICEF coverage estimates 2017 revision, July 2018		E: Estimated data																	94.0	94.0	94.0	2017
3	3.b	3.b.1	SH_ACS_MCV2	Proportion of the target population with access to measles-containing-vaccine second-dose (MCV2) (%)	2019.Q1.G.03	850	United States Virgin Islands	029	Caribbean	Country	VIR	0	-64.76960113	17.73297693																															
3	3.b	3.b.1	SH_ACS_MCV2	Proportion of the target population with access to measles-containing-vaccine second-dose (MCV2) (%)	2019.Q1.G.03	854	Burkina Faso	011	Western Africa	Country	BFA	1	-1.742843829	12.27491081	PERCENT	Percentage			G	Global			WHO/UNICEF coverage estimates 2017 revision, July 2018		E: Estimated data															17.0	50.0	50.0	50.0	50.0	2017
3	3.b	3.b.1	SH_ACS_MCV2	Proportion of the target population with access to measles-containing-vaccine second-dose (MCV2) (%)	2019.Q1.G.03	858	Uruguay	005	South America	Country	URY	1	-56.01387025	-32.8002838	PERCENT	Percentage			G	Global			WHO/UNICEF coverage estimates 2017 revision, July 2018		E: Estimated data														92.0	93.0	93.0	92.0	92.0	92.0	2017
3	3.b	3.b.1	SH_ACS_MCV2	Proportion of the target population with access to measles-containing-vaccine second-dose (MCV2) (%)	2019.Q1.G.03	860	Uzbekistan	143	Central Asia	Country	UZB	1	63.11944558	41.77560518	PERCENT	Percentage			G	Global			WHO/UNICEF coverage estimates 2017 revision, July 2018		E: Estimated data	98.0	98.0	97.0	98.0	99.0	81.0	63.0	44.0	26.0	8.0	54.0	99.0	99.0	99.0	99.0	99.0	99.0	99.0	99.0	2017
3	3.b	3.b.1	SH_ACS_MCV2	Proportion of the target population with access to measles-containing-vaccine second-dose (MCV2) (%)	2019.Q1.G.03	862	Venezuela (Bolivarian Republic of)	005	South America	Country	VEN	1	-66.15642084	7.121324748	PERCENT	Percentage			G	Global			WHO/UNICEF coverage estimates 2017 revision, July 2018		E: Estimated data										6.0	31.0	26.0	33.0	38.0	50.0	52.0	53.0	59.0	59.0	2017
3	3.b	3.b.1	SH_ACS_MCV2	Proportion of the target population with access to measles-containing-vaccine second-dose (MCV2) (%)	2019.Q1.G.03	876	Wallis and Futuna Islands	061	Polynesia	Country	WLF	0	-176.2034788	-13.28471201																															
3	3.b	3.b.1	SH_ACS_MCV2	Proportion of the target population with access to measles-containing-vaccine second-dose (MCV2) (%)	2019.Q1.G.03	882	Samoa	061	Polynesia	Country	WSM	1	-172.4430749	-13.61541469	PERCENT	Percentage			G	Global			WHO/UNICEF coverage estimates 2017 revision, July 2018		E: Estimated data			84.0	65.0	45.0	26.0	6.0	36.0	46.0	14.0	30.0	50.0	52.0	72.0	63.0	48.0	44.0	42.0	42.0	2017
3	3.b	3.b.1	SH_ACS_MCV2	Proportion of the target population with access to measles-containing-vaccine second-dose (MCV2) (%)	2019.Q1.G.03	887	Yemen	145	Western Asia	Country	YEM	1	45.22389143	15.22242099	PERCENT	Percentage			G	Global			WHO/UNICEF coverage estimates 2017 revision, July 2018		E: Estimated data						21.0	26.0	32.0	35.0	38.0	43.0	46.0	40.0	47.0	45.0	41.0	49.0	46.0	46.0	2017
3	3.b	3.b.1	SH_ACS_MCV2	Proportion of the target population with access to measles-containing-vaccine second-dose (MCV2) (%)	2019.Q1.G.03	894	Zambia	014	Eastern Africa	Country	ZMB	1	27.850329	-14.59701056	PERCENT	Percentage			G	Global			WHO/UNICEF coverage estimates 2017 revision, July 2018		E: Estimated data															33.0	47.0	58.0	64.0	64.0	2017
