goal	target	indicator	seriesCode	seriesDesc	release	geoAreaCode	geoAreaName	parentCode	parentName	type	ISO3	UN_Member	X	Y	unitsCode	unitsDesc	unitmultiplierCode	unitmultiplierDesc	reportingTypeCode	reportingTypeDesc	valueDetails	footnotes	sources	timeDetails	nature	value_2000	value_2001	value_2002	value_2003	value_2004	value_2005	value_2006	value_2007	value_2008	value_2009	value_2010	value_2011	value_2012	value_2013	value_2014	value_2015	value_2016	value_2017	value_2018	value_latest_year	latest_year
10	10.5	10.5.1	FI_FSI_FSLS	Liquid assets to short term liabilities (%)	2019.Q1.G.03	004	Afghanistan	034	Southern Asia	Country	AFG	1	66.02688198	33.83160199	PERCENT	Percentage			G	Global		Indicator for the whole deposit-taking sector	http://data.imf.org/FSI		C: Country data											57.36934	55.78527	79.68658	76.99869	89.02112	90.38918	90.16913	92.52494		92.52494	2017
10	10.5	10.5.1	FI_FSI_FSLS	Liquid assets to short term liabilities (%)	2019.Q1.G.03	008	Albania	039	Southern Europe	Country	ALB	1	20.06660928	41.13897007	PERCENT	Percentage			G	Global		Indicator for the whole deposit-taking sector	http://data.imf.org/FSI		C: Country data											10.00162	12.39222	13.92739	12.67062	13.22284	16.0432	16.57476	17.58615	19.93197	19.93197	2018
10	10.5	10.5.1	FI_FSI_FSLS	Liquid assets to short term liabilities (%)	2019.Q1.G.03	010	Antarctica	001	World	Country	ATA	0	21.47585697	-80.40897662																																
10	10.5	10.5.1	FI_FSI_FSLS	Liquid assets to short term liabilities (%)	2019.Q1.G.03	012	Algeria	015	Northern Africa	Country	DZA	1	2.678164227	28.15940032	PERCENT	Percentage			G	Global		Indicator for the whole deposit-taking sector	http://data.imf.org/FSI		C: Country data										114.53596	114.30237	103.72637	107.49295	93.52443	82.06463	61.63843	67.26675			67.26675	2016
10	10.5	10.5.1	FI_FSI_FSLS	Liquid assets to short term liabilities (%)	2019.Q1.G.03	016	American Samoa	061	Polynesia	Country	ASM	0	-170.7187269	-14.30587306																																
10	10.5	10.5.1	FI_FSI_FSLS	Liquid assets to short term liabilities (%)	2019.Q1.G.03	020	Andorra	039	Southern Europe	Country	AND	1	1.576257417	42.54548611																																
10	10.5	10.5.1	FI_FSI_FSLS	Liquid assets to short term liabilities (%)	2019.Q1.G.03	024	Angola	017	Middle Africa	Country	AGO	1	17.57817062	-12.33724746	PERCENT	Percentage			G	Global		Indicator for the whole deposit-taking sector	http://data.imf.org/FSI		C: Country data											44.15176	46.67791	46.71263	40.66663	39.02609	37.39667				37.39667	2015
10	10.5	10.5.1	FI_FSI_FSLS	Liquid assets to short term liabilities (%)	2019.Q1.G.03	028	Antigua and Barbuda	029	Caribbean	Country	ATG	1	-61.7999755	17.07761471	PERCENT	Percentage			G	Global		Indicator for the whole deposit-taking sector	http://data.imf.org/FSI		C: Country data																58.92336	58.94353	61.74193		61.74193	2017
10	10.5	10.5.1	FI_FSI_FSLS	Liquid assets to short term liabilities (%)	2019.Q1.G.03	031	Azerbaijan	145	Western Asia	Country	AZE	1	50.01064725	40.39229544																																
10	10.5	10.5.1	FI_FSI_FSLS	Liquid assets to short term liabilities (%)	2019.Q1.G.03	032	Argentina	005	South America	Country	ARG	1	-65.14563274	-35.19446255	PERCENT	Percentage			G	Global		Indicator for the whole deposit-taking sector	http://data.imf.org/FSI		C: Country data						40.79676	43.44775	43.18498	42.28013	47.30715	51.72508	43.05164	45.21049	42.05126	49.85272	53.42347	54.0256	45.52366		45.52366	2017
10	10.5	10.5.1	FI_FSI_FSLS	Liquid assets to short term liabilities (%)	2019.Q1.G.03	036	Australia	053	Australia and New Zealand	Country	AUS	1	134.3499412	-25.57717202	PERCENT	Percentage			G	Global		Indicator for the whole deposit-taking sector	http://data.imf.org/FSI		C: Country data						22.503	24.8	27.501	34.021	35.217	38.897	39.208	42.769	42.034	40.191	39.68207	41.16253	40.08428		40.08428	2017
10	10.5	10.5.1	FI_FSI_FSLS	Liquid assets to short term liabilities (%)	2019.Q1.G.03	040	Austria	155	Western Europe	Country	AUT	1	14.14172472	47.58704857	PERCENT	Percentage			G	Global		Indicator for the whole deposit-taking sector	http://data.imf.org/FSI		C: Country data							68.52806	67.10776	69.73312	76.23398	67.9594	71.57706	73.35835	68.91889	66.99561	68.48858	67.23506	65.70153		65.70153	2017
10	10.5	10.5.1	FI_FSI_FSLS	Liquid assets to short term liabilities (%)	2019.Q1.G.03	044	Bahamas	029	Caribbean	Country	BHS	1	-78.05111663	24.69546597																																
10	10.5	10.5.1	FI_FSI_FSLS	Liquid assets to short term liabilities (%)	2019.Q1.G.03	048	Bahrain	145	Western Asia	Country	BHR	1	50.5490754	26.04407747																																
10	10.5	10.5.1	FI_FSI_FSLS	Liquid assets to short term liabilities (%)	2019.Q1.G.03	050	Bangladesh	034	Southern Asia	Country	BGD	1	89.17660788	22.86961622	PERCENT	Percentage			G	Global		Indicator for the whole deposit-taking sector	http://data.imf.org/FSI		C: Country data // NA: Data nature not available													43.82445	57.8916	47.81494	47.82556	45.95028	33.99785		33.99785	2017
10	10.5	10.5.1	FI_FSI_FSLS	Liquid assets to short term liabilities (%)	2019.Q1.G.03	051	Armenia	145	Western Asia	Country	ARM	1	44.93839317	40.29499741	PERCENT	Percentage			G	Global		Indicator for the whole deposit-taking sector	http://data.imf.org/FSI		C: Country data						110.50795	106.06197	71.66539	60.30168	89.73308	131.48804	120.78489	126.0515	142.31177	129.36918	142.35693	170.76999	141.69221		141.69221	2017
10	10.5	10.5.1	FI_FSI_FSLS	Liquid assets to short term liabilities (%)	2019.Q1.G.03	052	Barbados	029	Caribbean	Country	BRB	1	-59.5346489	13.13648273																																
10	10.5	10.5.1	FI_FSI_FSLS	Liquid assets to short term liabilities (%)	2019.Q1.G.03	056	Belgium	155	Western Europe	Country	BEL	1	4.660976456	50.64104975	PERCENT	Percentage			G	Global		Indicator for the whole deposit-taking sector	http://data.imf.org/FSI		C: Country data							66.7158	61.29259	86.24815	81.02538	75.68306	82.05807	77.26845	68.54685	61.28555	56.77594	55.82902	53.89248		53.89248	2017
10	10.5	10.5.1	FI_FSI_FSLS	Liquid assets to short term liabilities (%)	2019.Q1.G.03	060	Bermuda	021	Northern America	Country	BMU	0	-64.78155012	32.27881922																																
10	10.5	10.5.1	FI_FSI_FSLS	Liquid assets to short term liabilities (%)	2019.Q1.G.03	064	Bhutan	034	Southern Asia	Country	BTN	1	90.45098484	27.39598568	PERCENT	Percentage			G	Global		Indicator for the whole deposit-taking sector	http://data.imf.org/FSI		C: Country data										94.0254	76.00212	41.00699	65.17125	46.22213	61.90715	42.00931	41.68187	39.92313		39.92313	2017
10	10.5	10.5.1	FI_FSI_FSLS	Liquid assets to short term liabilities (%)	2019.Q1.G.03	068	Bolivia (Plurinational State of)	005	South America	Country	BOL	1	-64.66224284	-16.71273412	PERCENT	Percentage			G	Global		Indicator for the whole deposit-taking sector	http://data.imf.org/FSI		C: Country data											68.0922	63.77098	67.18857	60.0263	64.92307	65.28263	59.14357	56.71876		56.71876	2017
10	10.5	10.5.1	FI_FSI_FSLS	Liquid assets to short term liabilities (%)	2019.Q1.G.03	070	Bosnia and Herzegovina	039	Southern Europe	Country	BIH	1	17.78584332	44.16845548	PERCENT	Percentage			G	Global		Indicator for the whole deposit-taking sector	http://data.imf.org/FSI		C: Country data	54.0494	65.07871	51.51903	58.73752	59.08715	61.91274	60.76386	61.28471	51.78862	52.95113	49.70737	46.67092	44.05311	46.22966	46.13834	44.03978	44.09386	44.30976		44.30976	2017
10	10.5	10.5.1	FI_FSI_FSLS	Liquid assets to short term liabilities (%)	2019.Q1.G.03	072	Botswana	018	Southern Africa	Country	BWA	1	23.81380223	-22.18810073	PERCENT	Percentage			G	Global		Indicator for the whole deposit-taking sector	http://data.imf.org/FSI		C: Country data													19.73526	15.00783	36.1889	18.47253	20.04455	16.36423		16.36423	2017
10	10.5	10.5.1	FI_FSI_FSLS	Liquid assets to short term liabilities (%)	2019.Q1.G.03	074	Bouvet Island	005	South America	Country	BVT	0	3.410732868	-54.43295905																																
10	10.5	10.5.1	FI_FSI_FSLS	Liquid assets to short term liabilities (%)	2019.Q1.G.03	076	Brazil	005	South America	Country	BRA	1	-53.08432878	-10.77668561	PERCENT	Percentage			G	Global		Indicator for the whole deposit-taking sector	http://data.imf.org/FSI		C: Country data						299.94724	250.02356	219.29247	168.28766	252.06061	185.3219	178.57629	191.7748	183.26802	201.22415	190.04204	236.29917	237.5471		237.5471	2017
10	10.5	10.5.1	FI_FSI_FSLS	Liquid assets to short term liabilities (%)	2019.Q1.G.03	084	Belize	013	Central America	Country	BLZ	1	-88.70199554	17.19965901																																
10	10.5	10.5.1	FI_FSI_FSLS	Liquid assets to short term liabilities (%)	2019.Q1.G.03	086	British Indian Ocean Territory	014	Eastern Africa	Country	IOT	0	72.38715553	-7.299281071																																
10	10.5	10.5.1	FI_FSI_FSLS	Liquid assets to short term liabilities (%)	2019.Q1.G.03	090	Solomon Islands	054	Melanesia	Country	SLB	1	160.1584117	-9.622391719	PERCENT	Percentage			G	Global		Indicator for the whole deposit-taking sector	http://data.imf.org/FSI		C: Country data											64.96355	70.38639	61.96986	56.46512	51.6617	46.24373	53.33629			53.33629	2016
10	10.5	10.5.1	FI_FSI_FSLS	Liquid assets to short term liabilities (%)	2019.Q1.G.03	092	British Virgin Islands	029	Caribbean	Country	VGB	0	-64.63294223	18.42256578																																
10	10.5	10.5.1	FI_FSI_FSLS	Liquid assets to short term liabilities (%)	2019.Q1.G.03	096	Brunei Darussalam	035	South-Eastern Asia	Country	BRN	1	114.6288563	4.49736984	PERCENT	Percentage			G	Global		Indicator for the whole deposit-taking sector	http://data.imf.org/FSI		C: Country data										137.68541	117.42793	125.21881	129.92445	103.86294	111.21892	86.47808	105.12583	106.29125	106.36949	106.36949	2018
10	10.5	10.5.1	FI_FSI_FSLS	Liquid assets to short term liabilities (%)	2019.Q1.G.03	100	Bulgaria	151	Eastern Europe	Country	BGR	1	25.23763153	42.75731323	PERCENT	Percentage			G	Global		Indicator for the whole deposit-taking sector	http://data.imf.org/FSI		C: Country data									26.43824	26.55041	30.02369	29.05947	29.95509	30.57396	33.73352	40.17844	40.97704	41.49461		41.49461	2017
10	10.5	10.5.1	FI_FSI_FSLS	Liquid assets to short term liabilities (%)	2019.Q1.G.03	104	Myanmar	035	South-Eastern Asia	Country	MMR	1	96.51752295	21.19332882	PERCENT	Percentage			G	Global		Indicator for the whole deposit-taking sector	http://data.imf.org/FSI		C: Country data																	55.77534	60.72341		60.72341	2017
10	10.5	10.5.1	FI_FSI_FSLS	Liquid assets to short term liabilities (%)	2019.Q1.G.03	108	Burundi	014	Eastern Africa	Country	BDI	1	29.89080992	-3.366387428	PERCENT	Percentage			G	Global		Indicator for the whole deposit-taking sector	http://data.imf.org/FSI		C: Country data // NA: Data nature not available											80.7552	40.14859	33.35111	32.12259	47.28496	19.27496	21.27898	24.93499		24.93499	2017
10	10.5	10.5.1	FI_FSI_FSLS	Liquid assets to short term liabilities (%)	2019.Q1.G.03	112	Belarus	151	Eastern Europe	Country	BLR	1	28.04940161	53.54193075	PERCENT	Percentage			G	Global		Indicator for the whole deposit-taking sector	http://data.imf.org/FSI		C: Country data											97.50635	127.77299	96.25755	89.62743	89.93123	75.79918	50.96666	60.15454		60.15454	2017
10	10.5	10.5.1	FI_FSI_FSLS	Liquid assets to short term liabilities (%)	2019.Q1.G.03	116	Cambodia	035	South-Eastern Asia	Country	KHM	1	104.922836	12.71163737	PERCENT	Percentage			G	Global		Indicator for the whole deposit-taking sector	http://data.imf.org/FSI		C: Country data											24.22033	21.73073	20.27153	24.23651	23.13041	25.41772	24.28526	24.91566		24.91566	2017
10	10.5	10.5.1	FI_FSI_FSLS	Liquid assets to short term liabilities (%)	2019.Q1.G.03	120	Cameroon	017	Middle Africa	Country	CMR	1	12.7419827	5.692387031	PERCENT	Percentage			G	Global		Indicator for the whole deposit-taking sector	http://data.imf.org/FSI		C: Country data											177.78783	164.09727	161.77046	127.5681	139.47787	147.54257	148.70229	149.26619		149.26619	2017
10	10.5	10.5.1	FI_FSI_FSLS	Liquid assets to short term liabilities (%)	2019.Q1.G.03	124	Canada	021	Northern America	Country	CAN	1	-101.6575058	57.72360191	PERCENT	Percentage			G	Global		Indicator for the whole deposit-taking sector	http://data.imf.org/FSI		C: Country data						33.75236	34.41975	30.3449	40.69556	54.40952	51.12396	54.10029	51.75517	47.81563	50.47642	45.35653	54.60653	49.40842		49.40842	2017
10	10.5	10.5.1	FI_FSI_FSLS	Liquid assets to short term liabilities (%)	2019.Q1.G.03	132	Cabo Verde	011	Western Africa	Country	CPV	1	-23.63544151	15.07791834																																
10	10.5	10.5.1	FI_FSI_FSLS	Liquid assets to short term liabilities (%)	2019.Q1.G.03	136	Cayman Islands	029	Caribbean	Country	CYM	0	-81.16740559	19.32266656																																
10	10.5	10.5.1	FI_FSI_FSLS	Liquid assets to short term liabilities (%)	2019.Q1.G.03	140	Central African Republic	017	Middle Africa	Country	CAF	1	20.93559492	7.003720791	PERCENT	Percentage			G	Global		Indicator for the whole deposit-taking sector	http://data.imf.org/FSI		C: Country data											132.60717	160.74015	114.46352	149.10218	203.05227	276.08324	219.58604	227.41197		227.41197	2017
10	10.5	10.5.1	FI_FSI_FSLS	Liquid assets to short term liabilities (%)	2019.Q1.G.03	144	Sri Lanka	034	Southern Asia	Country	LKA	1	80.70489654	7.614693343	PERCENT	Percentage			G	Global		Indicator for the whole deposit-taking sector	http://data.imf.org/FSI		C: Country data												37.02299	36.68092	46.88713	32.15532	29.99427	27.25751	28.55876		28.55876	2017
10	10.5	10.5.1	FI_FSI_FSLS	Liquid assets to short term liabilities (%)	2019.Q1.G.03	148	Chad	017	Middle Africa	Country	TCD	1	18.66618401	15.36279341	PERCENT	Percentage			G	Global		Indicator for the whole deposit-taking sector	http://data.imf.org/FSI		C: Country data											148.25067	149.33943	146.63946	139.28299	152.89703	142.12432	154.99926	188.93159		188.93159	2017
10	10.5	10.5.1	FI_FSI_FSLS	Liquid assets to short term liabilities (%)	2019.Q1.G.03	152	Chile	005	South America	Country	CHL	1	-71.23029019	-35.2652885	PERCENT	Percentage			G	Global		Indicator for the whole deposit-taking sector	http://data.imf.org/FSI		C: Country data		40.84555	43.79506	37.20665	37.1144	30.61823	23.42564	20.69601												20.69601	2007
10	10.5	10.5.1	FI_FSI_FSLS	Liquid assets to short term liabilities (%)	2019.Q1.G.03	156	China	030	Eastern Asia	Country	CHN	1	104.1403375	32.30955217	PERCENT	Percentage			G	Global		Indicator for the whole deposit-taking sector	http://data.imf.org/FSI		C: Country data											42.20127	43.16454	45.83064	44.02892	46.4445	48.01462	47.55441	50.02876		50.02876	2017
10	10.5	10.5.1	FI_FSI_FSLS	Liquid assets to short term liabilities (%)	2019.Q1.G.03	162	Christmas Island	053	Australia and New Zealand	Country	CXR	0	105.6426067	-10.4882473																																
10	10.5	10.5.1	FI_FSI_FSLS	Liquid assets to short term liabilities (%)	2019.Q1.G.03	166	Cocos (Keeling) Islands	053	Australia and New Zealand	Country	CCK	0	96.82633757	-12.18600682																																
10	10.5	10.5.1	FI_FSI_FSLS	Liquid assets to short term liabilities (%)	2019.Q1.G.03	170	Colombia	005	South America	Country	COL	1	-73.07446751	3.888209046	PERCENT	Percentage			G	Global		Indicator for the whole deposit-taking sector	http://data.imf.org/FSI		C: Country data						51.51926	37.26079	37.92078	39.85391	47.79636	42.67151	43.73543	43.56399	41.89361	40.29163	39.88533	39.91335	42.5531		42.5531	2017
10	10.5	10.5.1	FI_FSI_FSLS	Liquid assets to short term liabilities (%)	2019.Q1.G.03	174	Comoros	014	Eastern Africa	Country	COM	1	43.34234565	-11.66121732																																
10	10.5	10.5.1	FI_FSI_FSLS	Liquid assets to short term liabilities (%)	2019.Q1.G.03	175	Mayotte	014	Eastern Africa	Country	MYT	0	45.14015057	-12.82217691																																
10	10.5	10.5.1	FI_FSI_FSLS	Liquid assets to short term liabilities (%)	2019.Q1.G.03	178	Congo	011	Western Africa	Country	COG	1	15.22052612	-0.840544119	PERCENT	Percentage			G	Global		Indicator for the whole deposit-taking sector	http://data.imf.org/FSI		C: Country data											245.43178	196.39565	172.32426	142.69563	182.91886	116.13462	104.4016	146.55421		146.55421	2017
10	10.5	10.5.1	FI_FSI_FSLS	Liquid assets to short term liabilities (%)	2019.Q1.G.03	180	Democratic Republic of the Congo	017	Middle Africa	Country	COD	1	23.65496507	-2.877154732																																
10	10.5	10.5.1	FI_FSI_FSLS	Liquid assets to short term liabilities (%)	2019.Q1.G.03	184	Cook Islands	061	Polynesia	Country	COK	0	-159.7711391	-21.22696458																																
10	10.5	10.5.1	FI_FSI_FSLS	Liquid assets to short term liabilities (%)	2019.Q1.G.03	188	Costa Rica	013	Central America	Country	CRI	1	-84.19712782	9.970998683	PERCENT	Percentage			G	Global		Indicator for the whole deposit-taking sector	http://data.imf.org/FSI		C: Country data									108.51171	103.25599	117.73296	114.70057	113.77005	123.35345	129.57904	130.32495	132.37257	139.5444		139.5444	2017
10	10.5	10.5.1	FI_FSI_FSLS	Liquid assets to short term liabilities (%)	2019.Q1.G.03	191	Croatia	039	Southern Europe	Country	HRV	1	17.95874553	45.45172212	PERCENT	Percentage			G	Global		Indicator for the whole deposit-taking sector	http://data.imf.org/FSI		C: Country data							61.86915	61.55508	54.56043	53.48156	37.81015	38.44318	38.70793	38.15847	42.67937	41.85173	42.5873	47.30985		47.30985	2017
10	10.5	10.5.1	FI_FSI_FSLS	Liquid assets to short term liabilities (%)	2019.Q1.G.03	192	Cuba	029	Caribbean	Country	CUB	1	-79.54460144	22.10030366																																
10	10.5	10.5.1	FI_FSI_FSLS	Liquid assets to short term liabilities (%)	2019.Q1.G.03	196	Cyprus	145	Western Asia	Country	CYP	1	33.22285964	35.05659437	PERCENT	Percentage			G	Global		Indicator for the whole deposit-taking sector	http://data.imf.org/FSI		C: Country data									46.49175	51.15361	37.34139	28.20445	24.11716	30.31863	24.63458	36.45162	29.94975	33.71334		33.71334	2017
10	10.5	10.5.1	FI_FSI_FSLS	Liquid assets to short term liabilities (%)	2019.Q1.G.03	203	Czechia	151	Eastern Europe	Country	CZE	1	15.33151382	49.73913871	PERCENT	Percentage			G	Global		Indicator for the whole deposit-taking sector	http://data.imf.org/FSI		C: Country data								71.53407	70.30305	69.96809	71.12443	72.21135	71.38677	67.37499	64.85781	61.68459	53.80997	39.82751		39.82751	2017
10	10.5	10.5.1	FI_FSI_FSLS	Liquid assets to short term liabilities (%)	2019.Q1.G.03	204	Benin	011	Western Africa	Country	BEN	1	2.339933594	9.65401646																																
10	10.5	10.5.1	FI_FSI_FSLS	Liquid assets to short term liabilities (%)	2019.Q1.G.03	208	Denmark	154	Northern Europe	Country	DNK	1	9.326571283	56.03829721	PERCENT	Percentage			G	Global		Indicator for the whole deposit-taking sector	http://data.imf.org/FSI		C: Country data						64.07569	53.46676	52.15146	45.1398	62.72534	66.30956	73.82648	82.56718	56.76578	55.1161	47.42125	49.14882	46.89025		46.89025	2017
10	10.5	10.5.1	FI_FSI_FSLS	Liquid assets to short term liabilities (%)	2019.Q1.G.03	212	Dominica	029	Caribbean	Country	DMA	1	-61.3493756	15.43391378	PERCENT	Percentage			G	Global		Indicator for the whole deposit-taking sector	http://data.imf.org/FSI		C: Country data																52.42084	59.48711	68.87107		68.87107	2017
10	10.5	10.5.1	FI_FSI_FSLS	Liquid assets to short term liabilities (%)	2019.Q1.G.03	214	Dominican Republic	029	Caribbean	Country	DOM	1	-70.49847576	18.89832088	PERCENT	Percentage			G	Global		Indicator for the whole deposit-taking sector	http://data.imf.org/FSI		C: Country data									371.45032	497.23094	417.62127	379.86905	365.32791	315.79315	412.59317	448.65845	503.07949	456.94473		456.94473	2017
10	10.5	10.5.1	FI_FSI_FSLS	Liquid assets to short term liabilities (%)	2019.Q1.G.03	218	Ecuador	005	South America	Country	ECU	1	-78.37005241	-1.447785891	PERCENT	Percentage			G	Global		Indicator for the whole deposit-taking sector	http://data.imf.org/FSI		C: Country data			38.25385	38.25385	36.88457	34.78561	32.30353	38.69604	38.31652	43.77895	36.97954	35.87251	35.91858	37.14002	34.05305	32.29151	36.87042	33.56127		33.56127	2017
10	10.5	10.5.1	FI_FSI_FSLS	Liquid assets to short term liabilities (%)	2019.Q1.G.03	222	El Salvador	013	Central America	Country	SLV	1	-88.86862995	13.73603564	PERCENT	Percentage			G	Global		Indicator for the whole deposit-taking sector	http://data.imf.org/FSI		C: Country data						19.01373	16.28626	18.70491	20.36003	24.14284	23.6	20.15154	18.82733	20.9635	30.79173	30.96253	32.12461	33.70095		33.70095	2017
10	10.5	10.5.1	FI_FSI_FSLS	Liquid assets to short term liabilities (%)	2019.Q1.G.03	226	Equatorial Guinea	017	Middle Africa	Country	GNQ	1	10.46535826	1.565792376	PERCENT	Percentage			G	Global		Indicator for the whole deposit-taking sector	http://data.imf.org/FSI		C: Country data											220.46997	185.69175	283.10525	220.18338	193.95684	200.65852	158.42488	171.21002		171.21002	2017
10	10.5	10.5.1	FI_FSI_FSLS	Liquid assets to short term liabilities (%)	2019.Q1.G.03	231	Ethiopia	014	Eastern Africa	Country	ETH	1	39.63505296	8.631223181																																
10	10.5	10.5.1	FI_FSI_FSLS	Liquid assets to short term liabilities (%)	2019.Q1.G.03	232	Eritrea	014	Eastern Africa	Country	ERI	1	38.11074289	16.12894644																																
10	10.5	10.5.1	FI_FSI_FSLS	Liquid assets to short term liabilities (%)	2019.Q1.G.03	233	Estonia	154	Northern Europe	Country	EST	1	25.84093481	58.68487172	PERCENT	Percentage			G	Global		Indicator for the whole deposit-taking sector	http://data.imf.org/FSI		C: Country data									19.3742	24.94877	25.24017	25.72038	25.80005	21.60367	28.74178	32.13264	29.0924	32.54762		32.54762	2017
10	10.5	10.5.1	FI_FSI_FSLS	Liquid assets to short term liabilities (%)	2019.Q1.G.03	234	Faroe Islands	154	Northern Europe	Country	FRO	0	-7.122044325	62.21228119																																
10	10.5	10.5.1	FI_FSI_FSLS	Liquid assets to short term liabilities (%)	2019.Q1.G.03	238	Falkland Islands (Malvinas)	005	South America	Country	FLK	0	-58.75246778	-51.74562601																																
10	10.5	10.5.1	FI_FSI_FSLS	Liquid assets to short term liabilities (%)	2019.Q1.G.03	239	South Georgia and the South Sandwich Islands	005	South America	Country	SGS	0	-36.90662765	-54.20736749																																
10	10.5	10.5.1	FI_FSI_FSLS	Liquid assets to short term liabilities (%)	2019.Q1.G.03	242	Fiji	054	Melanesia	Country	FJI	1	177.9660884	-17.83301566	PERCENT	Percentage			G	Global		Indicator for the whole deposit-taking sector	http://data.imf.org/FSI		C: Country data	75.02773	103.54473	105.68172	108.33708	90.2685	78.8814	41.42602	83.6934	46.33856	66.85781	63.86917	114.58382	100.23938	113.60396	62.57118	82.21967	60.66539	81.15761		81.15761	2017
10	10.5	10.5.1	FI_FSI_FSLS	Liquid assets to short term liabilities (%)	2019.Q1.G.03	246	Finland	154	Northern Europe	Country	FIN	1	23.308447	61.91586738	PERCENT	Percentage			G	Global		Indicator for the whole deposit-taking sector	http://data.imf.org/FSI		C: Country data															18.90835	22.44565	25.05119	20.94898		20.94898	2017
10	10.5	10.5.1	FI_FSI_FSLS	Liquid assets to short term liabilities (%)	2019.Q1.G.03	248	Åland Islands	154	Northern Europe	Country	ALA	0	19.80945969	60.1544901																																
10	10.5	10.5.1	FI_FSI_FSLS	Liquid assets to short term liabilities (%)	2019.Q1.G.03	250	France	155	Western Europe	Country	FRA	1	2.457288129	46.62660861	PERCENT	Percentage			G	Global		Indicator for the whole deposit-taking sector	http://data.imf.org/FSI		C: Country data									128.32349	93.13091	76.19238	87.63534	88.47411	71.61276	17.77734	17.51874	19.93549	20.7401		20.7401	2017
10	10.5	10.5.1	FI_FSI_FSLS	Liquid assets to short term liabilities (%)	2019.Q1.G.03	254	French Guiana	005	South America	Country	GUF	0	-53.23619089	3.922673437																																
10	10.5	10.5.1	FI_FSI_FSLS	Liquid assets to short term liabilities (%)	2019.Q1.G.03	258	French Polynesia	061	Polynesia	Country	PYF	0	-149.4052367	-17.67709294																																
10	10.5	10.5.1	FI_FSI_FSLS	Liquid assets to short term liabilities (%)	2019.Q1.G.03	260	French Southern Territories	014	Eastern Africa	Country	ATF	0	69.64849091	-49.6068576																																
10	10.5	10.5.1	FI_FSI_FSLS	Liquid assets to short term liabilities (%)	2019.Q1.G.03	262	Djibouti	014	Eastern Africa	Country	DJI	1	42.18274707	11.56004161	PERCENT	Percentage			G	Global		Indicator for the whole deposit-taking sector	http://data.imf.org/FSI		C: Country data													123.89831	130.18288	134.15946	113.76857	109.16317	107.4351	69.66948	69.66948	2018
10	10.5	10.5.1	FI_FSI_FSLS	Liquid assets to short term liabilities (%)	2019.Q1.G.03	266	Gabon	017	Middle Africa	Country	GAB	1	11.78727747	-0.60687619	PERCENT	Percentage			G	Global		Indicator for the whole deposit-taking sector	http://data.imf.org/FSI		C: Country data											158.51913	129.52656	143.17107	125.1582	112.87701	148.2572	134.01265	157.07064		157.07064	2017
10	10.5	10.5.1	FI_FSI_FSLS	Liquid assets to short term liabilities (%)	2019.Q1.G.03	268	Georgia	145	Western Asia	Country	GEO	1	43.3713615	42.04813028	PERCENT	Percentage			G	Global		Indicator for the whole deposit-taking sector	http://data.imf.org/FSI		C: Country data		58.98517	51.3517	52.23926	48.98998	39.56855	42.08607	42.20834	34.95702	41.31038	41.87738	44.41308	44.75322	43.1169	34.75026	35.60485	33.98322	32.08669	27.138	27.138	2018
10	10.5	10.5.1	FI_FSI_FSLS	Liquid assets to short term liabilities (%)	2019.Q1.G.03	270	Gambia	011	Western Africa	Country	GMB	1	-15.39944785	13.45295927	PERCENT	Percentage			G	Global		Indicator for the whole deposit-taking sector	http://data.imf.org/FSI		C: Country data						83.92676	82.16515	74.9488	70.36518	62.07803	68.43275	75.2737	80.89049	75.78688	84.8402	93.40889				93.40889	2015
10	10.5	10.5.1	FI_FSI_FSLS	Liquid assets to short term liabilities (%)	2019.Q1.G.03	275	State of Palestine	145	Western Asia	Country	PSE	0	35.25694122	31.94347933	PERCENT	Percentage			G	Global		Indicator for the whole deposit-taking sector	http://data.imf.org/FSI		C: Country data									52.11938	55.11591	52.45995	48.99131	49.61933	52.60435	48.29591	46.11751	44.44938	42.98085		42.98085	2017
10	10.5	10.5.1	FI_FSI_FSLS	Liquid assets to short term liabilities (%)	2019.Q1.G.03	276	Germany	155	Western Europe	Country	DEU	1	10.3806066	51.08862743	PERCENT	Percentage			G	Global		Indicator for the whole deposit-taking sector	http://data.imf.org/FSI		C: Country data								119.42	120.38	144.24	136.99	137.86	144.17	140.5	145.48	146.5	146.62	151.25		151.25	2017
10	10.5	10.5.1	FI_FSI_FSLS	Liquid assets to short term liabilities (%)	2019.Q1.G.03	288	Ghana	011	Western Africa	Country	GHA	1	-1.205623522	7.964825185	PERCENT	Percentage			G	Global		Indicator for the whole deposit-taking sector	http://data.imf.org/FSI		C: Country data									52.40849	61.98989	66.64106	69.55437	64.78151	66.52858	64.31649	62.69315	69.35762	71.9221		71.9221	2017
10	10.5	10.5.1	FI_FSI_FSLS	Liquid assets to short term liabilities (%)	2019.Q1.G.03	292	Gibraltar	039	Southern Europe	Country	GIB	0	-5.347561686	36.13895036																																
10	10.5	10.5.1	FI_FSI_FSLS	Liquid assets to short term liabilities (%)	2019.Q1.G.03	296	Kiribati	057	Micronesia	Country	KIR	1	-157.5643005	1.768837732																																
10	10.5	10.5.1	FI_FSI_FSLS	Liquid assets to short term liabilities (%)	2019.Q1.G.03	300	Greece	039	Southern Europe	Country	GRC	1	22.58307827	39.47301873	PERCENT	Percentage			G	Global		Indicator for the whole deposit-taking sector	http://data.imf.org/FSI		C: Country data									50.01905	56.92752	47.03268	50.87717	41.92228	39.98913	40.05624	40.42793	36.26969	24.26318		24.26318	2017
10	10.5	10.5.1	FI_FSI_FSLS	Liquid assets to short term liabilities (%)	2019.Q1.G.03	304	Greenland	021	Northern America	Country	GRL	0	-41.39371316	74.75625681																																
10	10.5	10.5.1	FI_FSI_FSLS	Liquid assets to short term liabilities (%)	2019.Q1.G.03	308	Grenada	029	Caribbean	Country	GRD	1	-61.68248568	12.11238395	PERCENT	Percentage			G	Global		Indicator for the whole deposit-taking sector	http://data.imf.org/FSI		C: Country data																39.96149	43.6826	44.66954		44.66954	2017
10	10.5	10.5.1	FI_FSI_FSLS	Liquid assets to short term liabilities (%)	2019.Q1.G.03	312	Guadeloupe	029	Caribbean	Country	GLP	0	-61.64762115	16.14416917																																
10	10.5	10.5.1	FI_FSI_FSLS	Liquid assets to short term liabilities (%)	2019.Q1.G.03	316	Guam	057	Micronesia	Country	GUM	0	144.7029305	13.35485404																																
10	10.5	10.5.1	FI_FSI_FSLS	Liquid assets to short term liabilities (%)	2019.Q1.G.03	320	Guatemala	013	Central America	Country	GTM	1	-91.2312746	15.00273719	PERCENT	Percentage			G	Global		Indicator for the whole deposit-taking sector	http://data.imf.org/FSI		C: Country data										28.22691	30.05978	30.29001	28.8856	29.53945	30.29808	22.81145	22.71751	23.37187		23.37187	2017
10	10.5	10.5.1	FI_FSI_FSLS	Liquid assets to short term liabilities (%)	2019.Q1.G.03	324	Guinea	011	Western Africa	Country	GIN	1	-11.28173419	11.00210343	PERCENT	Percentage			G	Global		Indicator for the whole deposit-taking sector	http://data.imf.org/FSI		C: Country data														58.39662	50.07761	42.14858	45.80487	43.10784	42.61596	42.61596	2018
10	10.5	10.5.1	FI_FSI_FSLS	Liquid assets to short term liabilities (%)	2019.Q1.G.03	328	Guyana	005	South America	Country	GUY	1	-58.97322037	4.788012784																																
10	10.5	10.5.1	FI_FSI_FSLS	Liquid assets to short term liabilities (%)	2019.Q1.G.03	332	Haiti	029	Caribbean	Country	HTI	1	-72.33640958	18.40426539																																
10	10.5	10.5.1	FI_FSI_FSLS	Liquid assets to short term liabilities (%)	2019.Q1.G.03	334	Heard Island and McDonald Islands	053	Australia and New Zealand	Country	HMD	0	73.52633626	-53.09106147																																
10	10.5	10.5.1	FI_FSI_FSLS	Liquid assets to short term liabilities (%)	2019.Q1.G.03	336	Holy See	039	Southern Europe	Country	VAT	0	12.45315803	41.90343751																																
10	10.5	10.5.1	FI_FSI_FSLS	Liquid assets to short term liabilities (%)	2019.Q1.G.03	340	Honduras	013	Central America	Country	HND	1	-86.59974381	14.82243161	PERCENT	Percentage			G	Global		Indicator for the whole deposit-taking sector	http://data.imf.org/FSI		C: Country data							41.82831	35.90943	34.98264	35.23198	40.21657	40.64382	36.79598	43.95501	44.96362	44.46949	42.51211	44.08368		44.08368	2017
10	10.5	10.5.1	FI_FSI_FSLS	Liquid assets to short term liabilities (%)	2019.Q1.G.03	344	China, Hong Kong Special Administrative Region	030	Eastern Asia	Country	HKG	0	114.0266445	22.41749934	PERCENT	Percentage			G	Global		Indicator for the whole deposit-taking sector	http://data.imf.org/FSI		C: Country data									49.98	50.18	43.08	43.99	46.95	44.94	47.03	164.3	180.79862	182.16113		182.16113	2017
10	10.5	10.5.1	FI_FSI_FSLS	Liquid assets to short term liabilities (%)	2019.Q1.G.03	348	Hungary	151	Eastern Europe	Country	HUN	1	19.41221519	47.1651448	PERCENT	Percentage			G	Global		Indicator for the whole deposit-taking sector	http://data.imf.org/FSI		C: Country data									35.36704	45.28588	42.77942	45.61131	55.20001	57.51719	63.57633	68.81036	59.66255	46.94779		46.94779	2017
10	10.5	10.5.1	FI_FSI_FSLS	Liquid assets to short term liabilities (%)	2019.Q1.G.03	352	Iceland	154	Northern Europe	Country	ISL	1	-19.02116966	64.79134763	PERCENT	Percentage			G	Global		Indicator for the whole deposit-taking sector	http://data.imf.org/FSI		C: Country data																37.61699	37.1867	30.1093	23.32394	23.32394	2018
10	10.5	10.5.1	FI_FSI_FSLS	Liquid assets to short term liabilities (%)	2019.Q1.G.03	356	India	034	Southern Asia	Country	IND	1	79.3608464	22.34642074	PERCENT	Percentage			G	Global		Indicator for the whole deposit-taking sector	http://data.imf.org/FSI		C: Country data									29.50682			25.21633	26.95424	25.36332	24.77164	24.55775	32.26553	24.73		24.73	2017
10	10.5	10.5.1	FI_FSI_FSLS	Liquid assets to short term liabilities (%)	2019.Q1.G.03	360	Indonesia	035	South-Eastern Asia	Country	IDN	1	113.9174	-0.994582204	PERCENT	Percentage			G	Global		Indicator for the whole deposit-taking sector	http://data.imf.org/FSI		C: Country data						31.53896	37.4233	35.60265	30.81169	33.86597	32.08905	31.21314	36.44292	30.53939	33.33562	35.04806	32.62151	31.65955	31.96651	31.96651	2018
10	10.5	10.5.1	FI_FSI_FSLS	Liquid assets to short term liabilities (%)	2019.Q1.G.03	364	Iran (Islamic Republic of)	034	Southern Asia	Country	IRN	1	54.19766348	32.74370885																																
10	10.5	10.5.1	FI_FSI_FSLS	Liquid assets to short term liabilities (%)	2019.Q1.G.03	368	Iraq	145	Western Asia	Country	IRQ	1	43.76606267	33.05013795																																
10	10.5	10.5.1	FI_FSI_FSLS	Liquid assets to short term liabilities (%)	2019.Q1.G.03	372	Ireland	154	Northern Europe	Country	IRL	1	-7.121425272	53.25274054																																
10	10.5	10.5.1	FI_FSI_FSLS	Liquid assets to short term liabilities (%)	2019.Q1.G.03	376	Israel	145	Western Asia	Country	ISR	1	34.62277992	31.06164552	PERCENT	Percentage			G	Global		Indicator for the whole deposit-taking sector	http://data.imf.org/FSI		C: Country data														25.70114	27.68444					27.68444	2014
10	10.5	10.5.1	FI_FSI_FSLS	Liquid assets to short term liabilities (%)	2019.Q1.G.03	380	Italy	039	Southern Europe	Country	ITA	1	12.57022427	42.79917282	PERCENT	Percentage			G	Global		Indicator for the whole deposit-taking sector	http://data.imf.org/FSI		C: Country data										86.34471	85.09679	91.33912	89.65056	105.46663		93.0819	84.43372	83.92466		83.92466	2017
10	10.5	10.5.1	FI_FSI_FSLS	Liquid assets to short term liabilities (%)	2019.Q1.G.03	384	Côte d'Ivoire	011	Western Africa	Country	CIV	1	-5.552690016	7.62211586																																
10	10.5	10.5.1	FI_FSI_FSLS	Liquid assets to short term liabilities (%)	2019.Q1.G.03	388	Jamaica	029	Caribbean	Country	JAM	1	-77.31068409	18.15616857																																
10	10.5	10.5.1	FI_FSI_FSLS	Liquid assets to short term liabilities (%)	2019.Q1.G.03	392	Japan	030	Eastern Asia	Country	JPN	1	139.2716103	36.6554539																																
10	10.5	10.5.1	FI_FSI_FSLS	Liquid assets to short term liabilities (%)	2019.Q1.G.03	398	Kazakhstan	143	Central Asia	Country	KAZ	1	66.65359159	48.01963494	PERCENT	Percentage			G	Global		Indicator for the whole deposit-taking sector	http://data.imf.org/FSI		C: Country data									50.27334	64.1038	67.52338	59.39286	50.28009	51.05397	57.61255	78.3232	75.7458	97.71441		97.71441	2017
10	10.5	10.5.1	FI_FSI_FSLS	Liquid assets to short term liabilities (%)	2019.Q1.G.03	400	Jordan	145	Western Asia	Country	JOR	1	37.13024774	30.65365973																																
10	10.5	10.5.1	FI_FSI_FSLS	Liquid assets to short term liabilities (%)	2019.Q1.G.03	404	Kenya	014	Eastern Africa	Country	KEN	1	37.86096816	0.534797278	PERCENT	Percentage			G	Global		Indicator for the whole deposit-taking sector	http://data.imf.org/FSI		C: Country data													40.50307	38.27997						38.27997	2013
10	10.5	10.5.1	FI_FSI_FSLS	Liquid assets to short term liabilities (%)	2019.Q1.G.03	408	Democratic People's Republic of Korea	030	Eastern Asia	Country	PRK	1	127.1803633	40.1462645																																
10	10.5	10.5.1	FI_FSI_FSLS	Liquid assets to short term liabilities (%)	2019.Q1.G.03	410	Republic of Korea	030	Eastern Asia	Country	KOR	1	127.8610254	36.45201023	PERCENT	Percentage			G	Global		Indicator for the whole deposit-taking sector	http://data.imf.org/FSI		C: Country data									101.37096	103.93085	117.46817	109.33702	111.34206	107.87426	121.98002	104.95577	102.59449			102.59449	2016
10	10.5	10.5.1	FI_FSI_FSLS	Liquid assets to short term liabilities (%)	2019.Q1.G.03	414	Kuwait	145	Western Asia	Country	KWT	1	47.49305029	29.53949468	PERCENT	Percentage			G	Global		Indicator for the whole deposit-taking sector	http://data.imf.org/FSI		C: Country data								35.64298	28.03507	28.60531	27.75077	36.32244	34.5788	30.33337	32.71784	31.73268	31.36562	30.87657		30.87657	2017
10	10.5	10.5.1	FI_FSI_FSLS	Liquid assets to short term liabilities (%)	2019.Q1.G.03	417	Kyrgyzstan	143	Central Asia	Country	KGZ	1	74.52324839	41.46204516	PERCENT	Percentage			G	Global		Indicator for the whole deposit-taking sector	http://data.imf.org/FSI		C: Country data											72.80113	74.89302	79.52972	69.90447	64.96919	77.7899	75.45411	65.08605		65.08605	2017
10	10.5	10.5.1	FI_FSI_FSLS	Liquid assets to short term liabilities (%)	2019.Q1.G.03	418	Lao People's Democratic Republic	035	South-Eastern Asia	Country	LAO	1	101.9901968	20.27482773																																
10	10.5	10.5.1	FI_FSI_FSLS	Liquid assets to short term liabilities (%)	2019.Q1.G.03	422	Lebanon	145	Western Asia	Country	LBN	1	35.89391711	33.92152458	PERCENT	Percentage			G	Global		Indicator for the whole deposit-taking sector	http://data.imf.org/FSI		C: Country data												32.47854	33.9373	33.8387	29.99927	28.09407	29.69331	25.27412		25.27412	2017
10	10.5	10.5.1	FI_FSI_FSLS	Liquid assets to short term liabilities (%)	2019.Q1.G.03	426	Lesotho	018	Southern Africa	Country	LSO	1	28.25362195	-29.58041814	PERCENT	Percentage			G	Global		Indicator for the whole deposit-taking sector	http://data.imf.org/FSI		C: Country data														71.57448	59.80697	62.94218	47.32784	52.79389		52.79389	2017
10	10.5	10.5.1	FI_FSI_FSLS	Liquid assets to short term liabilities (%)	2019.Q1.G.03	428	Latvia	154	Northern Europe	Country	LVA	1	26.42461876	56.64196636	PERCENT	Percentage			G	Global		Indicator for the whole deposit-taking sector	http://data.imf.org/FSI		C: Country data									18.02714	35.68695	29.66466	65.6052	56.20048	55.20313	44.3423	46.45725	344.59745	309.46427		309.46427	2017
10	10.5	10.5.1	FI_FSI_FSLS	Liquid assets to short term liabilities (%)	2019.Q1.G.03	430	Liberia	011	Western Africa	Country	LBR	1	-9.311879038	6.448381009																																
10	10.5	10.5.1	FI_FSI_FSLS	Liquid assets to short term liabilities (%)	2019.Q1.G.03	434	Libya	015	Northern Africa	Country	LBY	1	18.0295985	27.04042819																																
10	10.5	10.5.1	FI_FSI_FSLS	Liquid assets to short term liabilities (%)	2019.Q1.G.03	438	Liechtenstein	155	Western Europe	Country	LIE	1	9.552985019	47.14167005																																
10	10.5	10.5.1	FI_FSI_FSLS	Liquid assets to short term liabilities (%)	2019.Q1.G.03	440	Lithuania	154	Northern Europe	Country	LTU	1	23.90517807	55.33680309	PERCENT	Percentage			G	Global		Indicator for the whole deposit-taking sector	http://data.imf.org/FSI		C: Country data									34.41707	34.90051	33.23812	38.25734	32.59526	32.95763	37.14071		22.52758	31.05786		31.05786	2017
10	10.5	10.5.1	FI_FSI_FSLS	Liquid assets to short term liabilities (%)	2019.Q1.G.03	442	Luxembourg	155	Western Europe	Country	LUX	1	6.092656563	49.77679538	PERCENT	Percentage			G	Global		Indicator for the whole deposit-taking sector	http://data.imf.org/FSI		C: Country data // NA: Data nature not available									67.75264	64.73596	65.75929	68.52	68.63164	69.88882	69.9099		31.78659	31.70801		31.70801	2017
10	10.5	10.5.1	FI_FSI_FSLS	Liquid assets to short term liabilities (%)	2019.Q1.G.03	446	China, Macao Special Administrative Region	030	Eastern Asia	Country	MAC	0	113.5665388	22.1237259	PERCENT	Percentage			G	Global		Indicator for the whole deposit-taking sector	http://data.imf.org/FSI		C: Country data											69.33604	66.22452	61.72218	63.59046	59.03889	59.58784	59.86099	52.17117	61.17643	61.17643	2018
10	10.5	10.5.1	FI_FSI_FSLS	Liquid assets to short term liabilities (%)	2019.Q1.G.03	450	Madagascar	014	Eastern Africa	Country	MDG	1	46.6982339	-19.38514785	PERCENT	Percentage			G	Global		Indicator for the whole deposit-taking sector	http://data.imf.org/FSI		C: Country data						48.67451	47.30361	58.29667	56.01616	56.01382	50.70536	60.42724	63.99338	56.42263	51.49086	46.87919	54.55056	53.50381	54.841	54.841	2018
10	10.5	10.5.1	FI_FSI_FSLS	Liquid assets to short term liabilities (%)	2019.Q1.G.03	454	Malawi	014	Eastern Africa	Country	MWI	1	33.4884625	-13.40819859	PERCENT	Percentage			G	Global		Indicator for the whole deposit-taking sector	http://data.imf.org/FSI		C: Country data																58.95016	72.27574	77.00487		77.00487	2017
10	10.5	10.5.1	FI_FSI_FSLS	Liquid assets to short term liabilities (%)	2019.Q1.G.03	458	Malaysia	035	South-Eastern Asia	Country	MYS	1	116.8346314	5.452415309	PERCENT	Percentage			G	Global		Indicator for the whole deposit-taking sector	http://data.imf.org/FSI		C: Country data						52.52244	69.59749	38.66006	42.12761	42.95051	48.13145	36.58314	42.52554	40.95458	43.17918	141.77134	134.4584	142.00975		142.00975	2017
10	10.5	10.5.1	FI_FSI_FSLS	Liquid assets to short term liabilities (%)	2019.Q1.G.03	462	Maldives	034	Southern Asia	Country	MDV	1	73.09672546	-0.614385021	PERCENT	Percentage			G	Global		Indicator for the whole deposit-taking sector	http://data.imf.org/FSI		C: Country data													20.18524	25.39664	57.62627	56.32579	66.84704	62.30941		62.30941	2017
10	10.5	10.5.1	FI_FSI_FSLS	Liquid assets to short term liabilities (%)	2019.Q1.G.03	466	Mali	011	Western Africa	Country	MLI	1	-3.522016039	17.35311254																																
10	10.5	10.5.1	FI_FSI_FSLS	Liquid assets to short term liabilities (%)	2019.Q1.G.03	470	Malta	039	Southern Europe	Country	MLT	1	14.44617519	35.89194275	PERCENT	Percentage			G	Global		Indicator for the whole deposit-taking sector	http://data.imf.org/FSI		C: Country data						46.96354	42.53839	46.33125	43.73326	42.7909	43.73817	45.41437	51.54443	51.64524	50.42071	37.32438	38.18457	40.86728		40.86728	2017
10	10.5	10.5.1	FI_FSI_FSLS	Liquid assets to short term liabilities (%)	2019.Q1.G.03	474	Martinique	029	Caribbean	Country	MTQ	0	-60.91544135	14.56086108																																
10	10.5	10.5.1	FI_FSI_FSLS	Liquid assets to short term liabilities (%)	2019.Q1.G.03	478	Mauritania	011	Western Africa	Country	MRT	1	-10.33187259	20.26089546																																
10	10.5	10.5.1	FI_FSI_FSLS	Liquid assets to short term liabilities (%)	2019.Q1.G.03	480	Mauritius	014	Eastern Africa	Country	MUS	1	57.568022	-20.28581998	PERCENT	Percentage			G	Global		Indicator for the whole deposit-taking sector	http://data.imf.org/FSI		C: Country data										34.63665	32.11174	26.18128	27.45116	30.9765	30.195	34.48902	33.8517	28.9181		28.9181	2017
10	10.5	10.5.1	FI_FSI_FSLS	Liquid assets to short term liabilities (%)	2019.Q1.G.03	484	Mexico	013	Central America	Country	MEX	1	-102.5148166	23.93378032	PERCENT	Percentage			G	Global		Indicator for the whole deposit-taking sector	http://data.imf.org/FSI		C: Country data						68.09754	64.176	64.22891	56.06963	57.72764	58.20208	55.29622	49.53934	47.71392	47.06872	45.51132	42.42512	42.19281	42.27022	42.27022	2018
10	10.5	10.5.1	FI_FSI_FSLS	Liquid assets to short term liabilities (%)	2019.Q1.G.03	492	Monaco	155	Western Europe	Country	MCO	1	7.424214814	43.73532918																																
10	10.5	10.5.1	FI_FSI_FSLS	Liquid assets to short term liabilities (%)	2019.Q1.G.03	496	Mongolia	030	Eastern Asia	Country	MNG	1	103.0728057	46.83892054																																
10	10.5	10.5.1	FI_FSI_FSLS	Liquid assets to short term liabilities (%)	2019.Q1.G.03	498	Republic of Moldova	151	Eastern Europe	Country	MDA	1	28.4650624	47.20236795	PERCENT	Percentage			G	Global		Indicator for the whole deposit-taking sector	http://data.imf.org/FSI		C: Country data										63.229	50.00371	51.5511	86.43941	76.79699	42.27446		104.88855	179.51702		179.51702	2017
10	10.5	10.5.1	FI_FSI_FSLS	Liquid assets to short term liabilities (%)	2019.Q1.G.03	499	Montenegro	039	Southern Europe	Country	MNE	1	19.25214024	42.78717043																																
10	10.5	10.5.1	FI_FSI_FSLS	Liquid assets to short term liabilities (%)	2019.Q1.G.03	500	Montserrat	029	Caribbean	Country	MSR	0	-62.19261223	16.73558313	PERCENT	Percentage			G	Global		Indicator for the whole deposit-taking sector	http://data.imf.org/FSI		C: Country data																83.50694	84.96856	84.10023		84.10023	2017
10	10.5	10.5.1	FI_FSI_FSLS	Liquid assets to short term liabilities (%)	2019.Q1.G.03	504	Morocco	015	Northern Africa	Country	MAR	1	-6.281942841	31.8440131																																
10	10.5	10.5.1	FI_FSI_FSLS	Liquid assets to short term liabilities (%)	2019.Q1.G.03	508	Mozambique	014	Eastern Africa	Country	MOZ	1	38.18479941	-14.27963886																																
10	10.5	10.5.1	FI_FSI_FSLS	Liquid assets to short term liabilities (%)	2019.Q1.G.03	512	Oman	145	Western Asia	Country	OMN	1	57.87743482	21.98805614																																
10	10.5	10.5.1	FI_FSI_FSLS	Liquid assets to short term liabilities (%)	2019.Q1.G.03	516	Namibia	018	Southern Africa	Country	NAM	1	17.21907885	-22.13817068	PERCENT	Percentage			G	Global		Indicator for the whole deposit-taking sector	http://data.imf.org/FSI		C: Country data											19.07108	22.17903	20.72827	19.7021	20.90353	21.9065	23.49067	26.47855		26.47855	2017
10	10.5	10.5.1	FI_FSI_FSLS	Liquid assets to short term liabilities (%)	2019.Q1.G.03	520	Nauru	057	Micronesia	Country	NRU	1	166.92313	-0.528742623																																
10	10.5	10.5.1	FI_FSI_FSLS	Liquid assets to short term liabilities (%)	2019.Q1.G.03	524	Nepal	034	Southern Asia	Country	NPL	1	83.94678863	28.25866332	PERCENT	Percentage			G	Global		Indicator for the whole deposit-taking sector	http://data.imf.org/FSI		C: Country data																	27.01291	22.01992		22.01992	2017
10	10.5	10.5.1	FI_FSI_FSLS	Liquid assets to short term liabilities (%)	2019.Q1.G.03	528	Netherlands	155	Western Europe	Country	NLD	1	5.331480568	51.86728884	PERCENT	Percentage			G	Global		Indicator for the whole deposit-taking sector	http://data.imf.org/FSI		C: Country data									187.35173	187.34878	176.23432	175.77465	179.47571	180.25657	162.52085	169.74209	166.99634			166.99634	2016
10	10.5	10.5.1	FI_FSI_FSLS	Liquid assets to short term liabilities (%)	2019.Q1.G.03	530	Netherlands Antilles	029	Caribbean	Country	ANT	0	-68.30676179	12.22720635																																
10	10.5	10.5.1	FI_FSI_FSLS	Liquid assets to short term liabilities (%)	2019.Q1.G.03	531	Curaçao	029	Caribbean	Country	CUW	0	-68.95033464	12.15058042																																
10	10.5	10.5.1	FI_FSI_FSLS	Liquid assets to short term liabilities (%)	2019.Q1.G.03	533	Aruba	029	Caribbean	Country	ABW	0	-69.97050586	12.50878756																																
10	10.5	10.5.1	FI_FSI_FSLS	Liquid assets to short term liabilities (%)	2019.Q1.G.03	534	Sint Maarten (Dutch part)	029	Caribbean	Country	SXM	0	-63.06198692	18.03926508																																
10	10.5	10.5.1	FI_FSI_FSLS	Liquid assets to short term liabilities (%)	2019.Q1.G.03	540	New Caledonia	054	Melanesia	Country	NCL	0	165.5067368	-21.41742531																																
10	10.5	10.5.1	FI_FSI_FSLS	Liquid assets to short term liabilities (%)	2019.Q1.G.03	548	Vanuatu	054	Melanesia	Country	VUT	1	167.0679779	-15.34445547	PERCENT	Percentage			G	Global		Indicator for the whole deposit-taking sector	http://data.imf.org/FSI		C: Country data // NA: Data nature not available																	78.96882	94.80126		94.80126	2017
10	10.5	10.5.1	FI_FSI_FSLS	Liquid assets to short term liabilities (%)	2019.Q1.G.03	554	New Zealand	053	Australia and New Zealand	Country	NZL	1	170.4755673	-43.98721568																																
10	10.5	10.5.1	FI_FSI_FSLS	Liquid assets to short term liabilities (%)	2019.Q1.G.03	558	Nicaragua	013	Central America	Country	NIC	1	-85.03060315	12.84210839	PERCENT	Percentage			G	Global		Indicator for the whole deposit-taking sector	http://data.imf.org/FSI		C: Country data									43.6281	59.32558	58.78809	49.98027	37.98956	38.48143	42.93051	39.60126	38.12652	37.78401	42.38893	42.38893	2018
10	10.5	10.5.1	FI_FSI_FSLS	Liquid assets to short term liabilities (%)	2019.Q1.G.03	562	Niger	011	Western Africa	Country	NER	1	9.400167877	17.42143036																																
10	10.5	10.5.1	FI_FSI_FSLS	Liquid assets to short term liabilities (%)	2019.Q1.G.03	566	Nigeria	011	Western Africa	Country	NGA	1	8.097363256	9.585789025	PERCENT	Percentage			G	Global		Indicator for the whole deposit-taking sector	http://data.imf.org/FSI		C: Country data								29.95032	23.80963	16.87962	14.88717	21.75051	22.08657	23.14007	16.66223	27.12737	24.4629	27.17815		27.17815	2017
10	10.5	10.5.1	FI_FSI_FSLS	Liquid assets to short term liabilities (%)	2019.Q1.G.03	570	Niue	061	Polynesia	Country	NIU	0	-169.8601693	-19.05000475																																
10	10.5	10.5.1	FI_FSI_FSLS	Liquid assets to short term liabilities (%)	2019.Q1.G.03	574	Norfolk Island	053	Australia and New Zealand	Country	NFK	0	167.9515548	-29.03230018																																
10	10.5	10.5.1	FI_FSI_FSLS	Liquid assets to short term liabilities (%)	2019.Q1.G.03	578	Norway	154	Northern Europe	Country	NOR	1	11.47846389	61.34311134	PERCENT	Percentage			G	Global		Indicator for the whole deposit-taking sector	http://data.imf.org/FSI		C: Country data									24.81792	19.00855	13.95048	29.43098	30.65121	23.49638	15.06466	10.04982	19.54661	16.87435		16.87435	2017
10	10.5	10.5.1	FI_FSI_FSLS	Liquid assets to short term liabilities (%)	2019.Q1.G.03	580	Northern Mariana Islands	057	Micronesia	Country	MNP	0	145.7582114	15.19099517																																
10	10.5	10.5.1	FI_FSI_FSLS	Liquid assets to short term liabilities (%)	2019.Q1.G.03	581	United States Minor Outlying Islands	057	Micronesia	Country	UMI	0	-162.4343752	5.874443968																																
10	10.5	10.5.1	FI_FSI_FSLS	Liquid assets to short term liabilities (%)	2019.Q1.G.03	583	Micronesia (Federated States of)	057	Micronesia	Country	FSM	1	158.225216	6.880670092	PERCENT	Percentage			G	Global		Indicator for the whole deposit-taking sector	http://data.imf.org/FSI		C: Country data														320.2801	273.63916	246.34594				246.34594	2015
10	10.5	10.5.1	FI_FSI_FSLS	Liquid assets to short term liabilities (%)	2019.Q1.G.03	584	Marshall Islands	057	Micronesia	Country	MHL	1	171.0839119	7.110213497																																
10	10.5	10.5.1	FI_FSI_FSLS	Liquid assets to short term liabilities (%)	2019.Q1.G.03	585	Palau	057	Micronesia	Country	PLW	1	134.5733878	7.502307591																																
10	10.5	10.5.1	FI_FSI_FSLS	Liquid assets to short term liabilities (%)	2019.Q1.G.03	586	Pakistan	034	Southern Asia	Country	PAK	1	68.80479684	29.36491634	PERCENT	Percentage			G	Global		Indicator for the whole deposit-taking sector	http://data.imf.org/FSI		C: Country data						41.03336	43.3	45.97586	36.81082	42.23934	46.65468	70.6606	75.93112	85.42048	79.02714	88.02159	94.99178	92.11704		92.11704	2017
10	10.5	10.5.1	FI_FSI_FSLS	Liquid assets to short term liabilities (%)	2019.Q1.G.03	591	Panama	013	Central America	Country	PAN	1	-81.26616623	8.450965746	PERCENT	Percentage			G	Global		Indicator for the whole deposit-taking sector	http://data.imf.org/FSI		C: Country data						22.70255	39.92265	37.71432	41.46986	45.25563	44.24581	41.63227	39.6508	42.46961	42.33467	39.85983	39.32533	33.9268		33.9268	2017
10	10.5	10.5.1	FI_FSI_FSLS	Liquid assets to short term liabilities (%)	2019.Q1.G.03	598	Papua New Guinea	054	Melanesia	Country	PNG	1	145.8587761	-6.756057077	PERCENT	Percentage			G	Global		Indicator for the whole deposit-taking sector	http://data.imf.org/FSI		C: Country data									18.67663	19.84669	18.63725	21.50276	23.25869	26.21995	26.00978	24.75008	25.74578	22.40324		22.40324	2017
10	10.5	10.5.1	FI_FSI_FSLS	Liquid assets to short term liabilities (%)	2019.Q1.G.03	600	Paraguay	005	South America	Country	PRY	1	-60.54854225	-21.70216237	PERCENT	Percentage			G	Global		Indicator for the whole deposit-taking sector	http://data.imf.org/FSI		C: Country data						16.9714	15.86322	17.15989	24.34492	31.48443	24.19702	26.96936	28.28459	25.22583	25.03477	27.55457	24.09212	19.12878	18.65429	18.65429	2018
10	10.5	10.5.1	FI_FSI_FSLS	Liquid assets to short term liabilities (%)	2019.Q1.G.03	604	Peru	005	South America	Country	PER	1	-71.82093277	-13.58939705	PERCENT	Percentage			G	Global		Indicator for the whole deposit-taking sector	http://data.imf.org/FSI		C: Country data											46.18864	40.50781	45.02866	43.03257	39.3748	37.73279	35.39114	38.4792		38.4792	2017
10	10.5	10.5.1	FI_FSI_FSLS	Liquid assets to short term liabilities (%)	2019.Q1.G.03	608	Philippines	035	South-Eastern Asia	Country	PHL	1	120.8601418	14.16591706	PERCENT	Percentage			G	Global		Indicator for the whole deposit-taking sector	http://data.imf.org/FSI		C: Country data										51.85177	52.83344	52.84373	53.30209	67.34788	64.52891	60.63686	54.63524	51.82892		51.82892	2017
10	10.5	10.5.1	FI_FSI_FSLS	Liquid assets to short term liabilities (%)	2019.Q1.G.03	612	Pitcairn	061	Polynesia	Country	PCN	0	-128.3225873	-24.37538456																																
10	10.5	10.5.1	FI_FSI_FSLS	Liquid assets to short term liabilities (%)	2019.Q1.G.03	616	Poland	151	Eastern Europe	Country	POL	1	19.40660158	52.1226733	PERCENT	Percentage			G	Global		Indicator for the whole deposit-taking sector	http://data.imf.org/FSI		C: Country data									25.28222	29.79359	31.21728	28.81573	31.06696	31.68897	30.64772	29.6929	31.09706	30.45383		30.45383	2017
10	10.5	10.5.1	FI_FSI_FSLS	Liquid assets to short term liabilities (%)	2019.Q1.G.03	620	Portugal	039	Southern Europe	Country	PRT	1	-7.961599811	39.68509315	PERCENT	Percentage			G	Global		Indicator for the whole deposit-taking sector	http://data.imf.org/FSI		C: Country data									8.6704	8.29945	18.36042	12.23158	13.80701	15.40683	20.26776	15.67363	15.52401	20.7554		20.7554	2017
10	10.5	10.5.1	FI_FSI_FSLS	Liquid assets to short term liabilities (%)	2019.Q1.G.03	624	Guinea-Bissau	011	Western Africa	Country	GNB	1	-14.40182514	12.11760394																																
10	10.5	10.5.1	FI_FSI_FSLS	Liquid assets to short term liabilities (%)	2019.Q1.G.03	626	Timor-Leste	035	South-Eastern Asia	Country	TLS	1	125.9451052	-8.797497247																																
10	10.5	10.5.1	FI_FSI_FSLS	Liquid assets to short term liabilities (%)	2019.Q1.G.03	630	Puerto Rico	029	Caribbean	Country	PRI	0	-66.47591017	18.22753799																																
10	10.5	10.5.1	FI_FSI_FSLS	Liquid assets to short term liabilities (%)	2019.Q1.G.03	634	Qatar	145	Western Asia	Country	QAT	1	51.19152467	25.28355379																																
10	10.5	10.5.1	FI_FSI_FSLS	Liquid assets to short term liabilities (%)	2019.Q1.G.03	638	Réunion	014	Eastern Africa	Country	REU	0	55.53171398	-21.13183266																																
10	10.5	10.5.1	FI_FSI_FSLS	Liquid assets to short term liabilities (%)	2019.Q1.G.03	642	Romania	151	Eastern Europe	Country	ROU	1	24.98481009	45.83893563	PERCENT	Percentage			G	Global		Indicator for the whole deposit-taking sector	http://data.imf.org/FSI		C: Country data								170.6229	230.47038	132.00504	142.20417	139.02636	147.66806	156.28711	158.8977	163.44216	156.29077	145.61175		145.61175	2017
10	10.5	10.5.1	FI_FSI_FSLS	Liquid assets to short term liabilities (%)	2019.Q1.G.03	643	Russian Federation	151	Eastern Europe	Country	RUS	1	99.01404926	61.61899849	PERCENT	Percentage			G	Global		Indicator for the whole deposit-taking sector	http://data.imf.org/FSI		C: Country data									92.09395	102.39279	94.30377	81.63414	82.86731	78.70934	80.42656	139.25288	144.95541	167.37936		167.37936	2017
10	10.5	10.5.1	FI_FSI_FSLS	Liquid assets to short term liabilities (%)	2019.Q1.G.03	646	Rwanda	014	Eastern Africa	Country	RWA	1	29.92310194	-1.999842114	PERCENT	Percentage			G	Global		Indicator for the whole deposit-taking sector	http://data.imf.org/FSI		C: Country data // NA: Data nature not available									624.9069	543.13622	690.37418	214.56243	139.18116	174.63936	112.23716	127.63466	111.0095	126.35621		126.35621	2017
10	10.5	10.5.1	FI_FSI_FSLS	Liquid assets to short term liabilities (%)	2019.Q1.G.03	652	Saint Barthélemy	029	Caribbean	Country	BLM	0	-62.83173536	17.89513362																																
10	10.5	10.5.1	FI_FSI_FSLS	Liquid assets to short term liabilities (%)	2019.Q1.G.03	654	Saint Helena	011	Western Africa	Country	SHN	0	-5.705752501	-15.96503946																																
10	10.5	10.5.1	FI_FSI_FSLS	Liquid assets to short term liabilities (%)	2019.Q1.G.03	659	Saint Kitts and Nevis	029	Caribbean	Country	KNA	1	-62.76628613	17.33994219	PERCENT	Percentage			G	Global		Indicator for the whole deposit-taking sector	http://data.imf.org/FSI		C: Country data																55.23689	52.84508	52.82605		52.82605	2017
10	10.5	10.5.1	FI_FSI_FSLS	Liquid assets to short term liabilities (%)	2019.Q1.G.03	660	Anguilla	029	Caribbean	Country	AIA	0	-63.05651612	18.21525315	PERCENT	Percentage			G	Global		Indicator for the whole deposit-taking sector	http://data.imf.org/FSI		C: Country data																38.72055	44.95851	49.76348		49.76348	2017
10	10.5	10.5.1	FI_FSI_FSLS	Liquid assets to short term liabilities (%)	2019.Q1.G.03	662	Saint Lucia	029	Caribbean	Country	LCA	1	-60.96529553	13.89405601	PERCENT	Percentage			G	Global		Indicator for the whole deposit-taking sector	http://data.imf.org/FSI		C: Country data																34.23714	35.43157	38.50756		38.50756	2017
10	10.5	10.5.1	FI_FSI_FSLS	Liquid assets to short term liabilities (%)	2019.Q1.G.03	663	Saint Martin (French Part)	029	Caribbean	Country	MAF	0	-63.04505461	18.0882685																																
10	10.5	10.5.1	FI_FSI_FSLS	Liquid assets to short term liabilities (%)	2019.Q1.G.03	666	Saint Pierre and Miquelon	021	Northern America	Country	SPM	0	-56.33682442	46.85812735																																
10	10.5	10.5.1	FI_FSI_FSLS	Liquid assets to short term liabilities (%)	2019.Q1.G.03	670	Saint Vincent and the Grenadines	029	Caribbean	Country	VCT	1	-61.19024321	13.24627968	PERCENT	Percentage			G	Global		Indicator for the whole deposit-taking sector	http://data.imf.org/FSI		C: Country data																42.90395	44.65889	41.70214		41.70214	2017
10	10.5	10.5.1	FI_FSI_FSLS	Liquid assets to short term liabilities (%)	2019.Q1.G.03	674	San Marino	039	Southern Europe	Country	SMR	1	12.46329038	43.93841766	PERCENT	Percentage			G	Global		Indicator for the whole deposit-taking sector	http://data.imf.org/FSI		C: Country data										57.06345	67.43441	57.61716	58.70692	60.63898	65.3543	58.85193	53.01435	40.60866		40.60866	2017
10	10.5	10.5.1	FI_FSI_FSLS	Liquid assets to short term liabilities (%)	2019.Q1.G.03	678	Sao Tome and Principe	017	Middle Africa	Country	STP	1	6.609772265	0.241554875																																
10	10.5	10.5.1	FI_FSI_FSLS	Liquid assets to short term liabilities (%)	2019.Q1.G.03	682	Saudi Arabia	145	Western Asia	Country	SAU	1	44.54763347	24.12594211	PERCENT	Percentage			G	Global		Indicator for the whole deposit-taking sector	http://data.imf.org/FSI		C: Country data										36.48035	37.20084	36.99815	36.37554	33.18781	33.57769	27.28639	31.80975	34.58411		34.58411	2017
10	10.5	10.5.1	FI_FSI_FSLS	Liquid assets to short term liabilities (%)	2019.Q1.G.03	686	Senegal	011	Western Africa	Country	SEN	1	-14.46636926	14.35920905																																
10	10.5	10.5.1	FI_FSI_FSLS	Liquid assets to short term liabilities (%)	2019.Q1.G.03	688	Serbia	039	Southern Europe	Country	SRB	1	20.805876	44.03145697																																
10	10.5	10.5.1	FI_FSI_FSLS	Liquid assets to short term liabilities (%)	2019.Q1.G.03	690	Seychelles	014	Eastern Africa	Country	SYC	1	55.46561591	-4.678053059	PERCENT	Percentage			G	Global		Indicator for the whole deposit-taking sector	http://data.imf.org/FSI		C: Country data // NA: Data nature not available							58.96413	40.77049	55.25238	62.74145	62.93456	65.64423	60.21824	63.73145	62.05508	55.91761	54.97168	62.56719		62.56719	2017
10	10.5	10.5.1	FI_FSI_FSLS	Liquid assets to short term liabilities (%)	2019.Q1.G.03	694	Sierra Leone	011	Western Africa	Country	SLE	1	-11.78306584	8.568604164																																
10	10.5	10.5.1	FI_FSI_FSLS	Liquid assets to short term liabilities (%)	2019.Q1.G.03	702	Singapore	035	South-Eastern Asia	Country	SGP	1	103.8107883	1.361009155	PERCENT	Percentage			G	Global		Indicator for the whole deposit-taking sector	http://data.imf.org/FSI		C: Country data									77.85602	77.63277	77.26077	76.93319	76.81223	76.40219	76.44856	76.66464	75.94348	75.3158		75.3158	2017
10	10.5	10.5.1	FI_FSI_FSLS	Liquid assets to short term liabilities (%)	2019.Q1.G.03	703	Slovakia	151	Eastern Europe	Country	SVK	1	19.48495604	48.70741446	PERCENT	Percentage			G	Global		Indicator for the whole deposit-taking sector	http://data.imf.org/FSI		C: Country data									64.96671	57.33685	56.45433	52.85822	55.89771	49.11539	46.04428	45.89428	42.136	39.49167		39.49167	2017
10	10.5	10.5.1	FI_FSI_FSLS	Liquid assets to short term liabilities (%)	2019.Q1.G.03	704	Viet Nam	035	South-Eastern Asia	Country	VNM	1	105.802499	10.09643079																																
10	10.5	10.5.1	FI_FSI_FSLS	Liquid assets to short term liabilities (%)	2019.Q1.G.03	705	Slovenia	039	Southern Europe	Country	SVN	1	14.82209486	46.11958061	PERCENT	Percentage			G	Global		Indicator for the whole deposit-taking sector	http://data.imf.org/FSI		C: Country data									34.76812	36.16886	42.85252	40.31425	43.53596	45.64442	62.93826	54.8135	53.49353	51.87567		51.87567	2017
10	10.5	10.5.1	FI_FSI_FSLS	Liquid assets to short term liabilities (%)	2019.Q1.G.03	706	Somalia	014	Eastern Africa	Country	SOM	1	46.20367477	4.406485729																																
10	10.5	10.5.1	FI_FSI_FSLS	Liquid assets to short term liabilities (%)	2019.Q1.G.03	710	South Africa	018	Southern Africa	Country	ZAF	1	24.67184355	-29.99957544	PERCENT	Percentage			G	Global		Indicator for the whole deposit-taking sector	http://data.imf.org/FSI		C: Country data									33.32974	32.78055	32.67005	33.42989	33.0265	33.01016	33.52414	35.08209	30.92001	30.00076		30.00076	2017
10	10.5	10.5.1	FI_FSI_FSLS	Liquid assets to short term liabilities (%)	2019.Q1.G.03	716	Zimbabwe	014	Eastern Africa	Country	ZWE	1	29.86909584	-19.00075492																																
10	10.5	10.5.1	FI_FSI_FSLS	Liquid assets to short term liabilities (%)	2019.Q1.G.03	724	Spain	039	Southern Europe	Country	ESP	1	-3.554078296	40.39211472	PERCENT	Percentage			G	Global		Indicator for the whole deposit-taking sector	http://data.imf.org/FSI		C: Country data																		20.93		20.93	2017
10	10.5	10.5.1	FI_FSI_FSLS	Liquid assets to short term liabilities (%)	2019.Q1.G.03	728	South Sudan	014	Eastern Africa	Country	SSD	1	30.32618773	7.290839152																																
10	10.5	10.5.1	FI_FSI_FSLS	Liquid assets to short term liabilities (%)	2019.Q1.G.03	729	Sudan	015	Northern Africa	Country	SDN	0	29.95650159	16.02643066																																
10	10.5	10.5.1	FI_FSI_FSLS	Liquid assets to short term liabilities (%)	2019.Q1.G.03	732	Western Sahara	015	Northern Africa	Country	ESH	0	-13.13515523	24.66265342																																
10	10.5	10.5.1	FI_FSI_FSLS	Liquid assets to short term liabilities (%)	2019.Q1.G.03	740	Suriname	005	South America	Country	SUR	1	-55.90626394	4.132603197																																
10	10.5	10.5.1	FI_FSI_FSLS	Liquid assets to short term liabilities (%)	2019.Q1.G.03	744	Svalbard and Jan Mayen Islands	154	Northern Europe	Country	SJM	0	13.38071013	78.82894131																																
10	10.5	10.5.1	FI_FSI_FSLS	Liquid assets to short term liabilities (%)	2019.Q1.G.03	748	Eswatini	018	Southern Africa	Country	SWZ	1	31.50149288	-26.56471011	PERCENT	Percentage			G	Global		Indicator for the whole deposit-taking sector	http://data.imf.org/FSI		C: Country data										15.29063	18.01262	15.47146	12.72306	12.08975	14.16776	15.26694	16.35812	14.71962	17.52583	17.52583	2018
10	10.5	10.5.1	FI_FSI_FSLS	Liquid assets to short term liabilities (%)	2019.Q1.G.03	752	Sweden	154	Northern Europe	Country	SWE	1	14.3775338	60.60103109	PERCENT	Percentage			G	Global		Indicator for the whole deposit-taking sector	http://data.imf.org/FSI		C: Country data							51.50534	51.53898	44.9631	49.06932	55.25691	55.85947	50.6748	123.69597	134.15262	140.28605	29.55757	28.22781		28.22781	2017
10	10.5	10.5.1	FI_FSI_FSLS	Liquid assets to short term liabilities (%)	2019.Q1.G.03	756	Switzerland	155	Western Europe	Country	CHE	1	8.223158	46.96617097	PERCENT	Percentage			G	Global		Indicator for the whole deposit-taking sector	http://data.imf.org/FSI		C: Country data // NA: Data nature not available						32.27947	33.37301	32.83893	37.20401	32.9182	23.31395	33.89337	35.35645	47.42741	47.38956	140.28102	152.73349	150.91641		150.91641	2017
10	10.5	10.5.1	FI_FSI_FSLS	Liquid assets to short term liabilities (%)	2019.Q1.G.03	760	Syrian Arab Republic	145	Western Asia	Country	SYR	1	38.50466565	35.01676176																																
10	10.5	10.5.1	FI_FSI_FSLS	Liquid assets to short term liabilities (%)	2019.Q1.G.03	762	Tajikistan	143	Central Asia	Country	TJK	1	69.294998	38.43069666	PERCENT	Percentage			G	Global		Indicator for the whole deposit-taking sector	http://data.imf.org/FSI		C: Country data									83.90277	78.94225	62.48697	65.05314	83.70174	81.09476	75.82578					75.82578	2014
10	10.5	10.5.1	FI_FSI_FSLS	Liquid assets to short term liabilities (%)	2019.Q1.G.03	764	Thailand	035	South-Eastern Asia	Country	THA	1	101.0202951	15.13089239	PERCENT	Percentage			G	Global		Indicator for the whole deposit-taking sector	http://data.imf.org/FSI		C: Country data							31.14124	30.74479	31.12894	33.22458	29.65167	29.71794	32.28619	31.79952	35.56981	33.11929	30.73041	32.55393		32.55393	2017
10	10.5	10.5.1	FI_FSI_FSLS	Liquid assets to short term liabilities (%)	2019.Q1.G.03	768	Togo	011	Western Africa	Country	TGO	1	0.97835765	8.532096072																																
10	10.5	10.5.1	FI_FSI_FSLS	Liquid assets to short term liabilities (%)	2019.Q1.G.03	772	Tokelau	061	Polynesia	Country	TKL	0	-171.8154473	-9.214545558																																
10	10.5	10.5.1	FI_FSI_FSLS	Liquid assets to short term liabilities (%)	2019.Q1.G.03	776	Tonga	061	Polynesia	Country	TON	1	-175.1959991	-21.19511329	PERCENT	Percentage			G	Global		Indicator for the whole deposit-taking sector	http://data.imf.org/FSI		C: Country data													67.18858	62.42605	70.16173	69.27982	64.76612	51.36962	53.52557	53.52557	2018
10	10.5	10.5.1	FI_FSI_FSLS	Liquid assets to short term liabilities (%)	2019.Q1.G.03	780	Trinidad and Tobago	029	Caribbean	Country	TTO	1	-61.29389504	10.41877263	PERCENT	Percentage			G	Global		Indicator for the whole deposit-taking sector	http://data.imf.org/FSI		C: Country data							27.5215	23.2047	30.0072	32.70826	31.88643	36.58551	32.63157	35.31949	31.73017	30.39964	27.20633	24.37179		24.37179	2017
10	10.5	10.5.1	FI_FSI_FSLS	Liquid assets to short term liabilities (%)	2019.Q1.G.03	784	United Arab Emirates	145	Western Asia	Country	ARE	1	53.98279159	23.43322219	PERCENT	Percentage			G	Global		Indicator for the whole deposit-taking sector	http://data.imf.org/FSI		C: Country data														27.73285	30.26183	28.80437	28.62987	38.53502	39.38368	39.38368	2018
10	10.5	10.5.1	FI_FSI_FSLS	Liquid assets to short term liabilities (%)	2019.Q1.G.03	788	Tunisia	015	Northern Africa	Country	TUN	1	9.572737411	34.11439971																																
10	10.5	10.5.1	FI_FSI_FSLS	Liquid assets to short term liabilities (%)	2019.Q1.G.03	792	Turkey	145	Western Asia	Country	TUR	1	35.42890329	38.9899684	PERCENT	Percentage			G	Global		Indicator for the whole deposit-taking sector	http://data.imf.org/FSI		C: Country data								81.79746	79.4934	84.42055	79.74433	72.02421	76.02523	72.08299	77.35279	69.56978	66.91591	66.24197		66.24197	2017
10	10.5	10.5.1	FI_FSI_FSLS	Liquid assets to short term liabilities (%)	2019.Q1.G.03	795	Turkmenistan	143	Central Asia	Country	TKM	1	58.9787665	40.0912346																																
10	10.5	10.5.1	FI_FSI_FSLS	Liquid assets to short term liabilities (%)	2019.Q1.G.03	796	Turks and Caicos Islands	029	Caribbean	Country	TCA	0	-71.745121	21.80780585																																
10	10.5	10.5.1	FI_FSI_FSLS	Liquid assets to short term liabilities (%)	2019.Q1.G.03	798	Tuvalu	061	Polynesia	Country	TUV	1	178.6679611	-7.460048071																																
10	10.5	10.5.1	FI_FSI_FSLS	Liquid assets to short term liabilities (%)	2019.Q1.G.03	800	Uganda	014	Eastern Africa	Country	UGA	1	32.39100438	1.279557331	PERCENT	Percentage			G	Global		Indicator for the whole deposit-taking sector	http://data.imf.org/FSI		C: Country data						57.64961	47.05924	42.42385	45.93172	46.02749	44.86061	40.7405	44.97553	46.72787	64.3326	50.02564	66.77032	55.40778		55.40778	2017
10	10.5	10.5.1	FI_FSI_FSLS	Liquid assets to short term liabilities (%)	2019.Q1.G.03	804	Ukraine	151	Eastern Europe	Country	UKR	1	31.40270802	49.00735945	PERCENT	Percentage			G	Global		Indicator for the whole deposit-taking sector	http://data.imf.org/FSI		C: Country data						40.17406	37.82871	39.93426	32.98771	35.88161	91.18846	94.73103	90.28042	89.10729	86.14306	92.86907	92.09175	98.37444	93.52107	93.52107	2018
10	10.5	10.5.1	FI_FSI_FSLS	Liquid assets to short term liabilities (%)	2019.Q1.G.03	807	North Macedonia	039	Southern Europe	Country	MKD	1	21.7007909	41.60048068	PERCENT	Percentage			G	Global		Indicator for the whole deposit-taking sector	http://data.imf.org/FSI		C: Country data							25.19091	28.17832	23.97939	30.07843	38.48384	39.59816	48.15558	47.64162	45.48555	42.41439	44.54723	40.13545		40.13545	2017
10	10.5	10.5.1	FI_FSI_FSLS	Liquid assets to short term liabilities (%)	2019.Q1.G.03	818	Egypt	015	Northern Africa	Country	EGY	1	29.77468534	26.57438204																																
10	10.5	10.5.1	FI_FSI_FSLS	Liquid assets to short term liabilities (%)	2019.Q1.G.03	826	United Kingdom of Great Britain and Northern Ireland	154	Northern Europe	Country	GBR	1	-2.23830539	53.27691757	PERCENT	Percentage			G	Global		Indicator for the whole deposit-taking sector	http://data.imf.org/FSI		C: Country data									42.31731	38.03672	37.9029	40.8865	36.80811	35.69465	35.69242	35.89196	37.91843	37.79112		37.79112	2017
10	10.5	10.5.1	FI_FSI_FSLS	Liquid assets to short term liabilities (%)	2019.Q1.G.03	831	Guernsey	830	Channel Islands	Country	GGY	0	-2.200712402	49.71561166																																
10	10.5	10.5.1	FI_FSI_FSLS	Liquid assets to short term liabilities (%)	2019.Q1.G.03	832	Jersey	830	Channel Islands	Country	JEY	0	-2.136773508	49.22353354																																
10	10.5	10.5.1	FI_FSI_FSLS	Liquid assets to short term liabilities (%)	2019.Q1.G.03	833	Isle of Man	154	Northern Europe	Country	IMN	0	-4.538190305	54.22880901																																
10	10.5	10.5.1	FI_FSI_FSLS	Liquid assets to short term liabilities (%)	2019.Q1.G.03	834	United Republic of Tanzania	014	Eastern Africa	Country	TZA	1	34.80521182	-6.265332606	PERCENT	Percentage			G	Global		Indicator for the whole deposit-taking sector	http://data.imf.org/FSI		C: Country data											43.92026	41.10164	40.14893	40.56552	38.1471	36.8692	35.00623	38.77868		38.77868	2017
10	10.5	10.5.1	FI_FSI_FSLS	Liquid assets to short term liabilities (%)	2019.Q1.G.03	840	United States of America	021	Northern America	Country	USA	1	-99.13830311	39.5277871	PERCENT	Percentage			G	Global		Indicator for the whole deposit-taking sector	http://data.imf.org/FSI		C: Country data										40.9922	47.27666	66.1102	74.11323	88.3471	90.02965	91.20191	98.1958	97.73917		97.73917	2017
10	10.5	10.5.1	FI_FSI_FSLS	Liquid assets to short term liabilities (%)	2019.Q1.G.03	850	United States Virgin Islands	029	Caribbean	Country	VIR	0	-64.76960113	17.73297693																																
10	10.5	10.5.1	FI_FSI_FSLS	Liquid assets to short term liabilities (%)	2019.Q1.G.03	854	Burkina Faso	011	Western Africa	Country	BFA	1	-1.742843829	12.27491081																																
10	10.5	10.5.1	FI_FSI_FSLS	Liquid assets to short term liabilities (%)	2019.Q1.G.03	858	Uruguay	005	South America	Country	URY	1	-56.01387025	-32.8002838	PERCENT	Percentage			G	Global		Indicator for the whole deposit-taking sector	http://data.imf.org/FSI		C: Country data // NA: Data nature not available									72.43383	65.08662	54.61913	54.55579	58.40921	57.83134	62.57494	61.97384	60.62125	57.63047		57.63047	2017
10	10.5	10.5.1	FI_FSI_FSLS	Liquid assets to short term liabilities (%)	2019.Q1.G.03	860	Uzbekistan	143	Central Asia	Country	UZB	1	63.11944558	41.77560518	PERCENT	Percentage			G	Global		Indicator for the whole deposit-taking sector	http://data.imf.org/FSI		C: Country data // NA: Data nature not available											67.3	71.27423	52.14751	48.18391	42.07391	43.56113	48.35518	55.65471	41.17151	41.17151	2018
10	10.5	10.5.1	FI_FSI_FSLS	Liquid assets to short term liabilities (%)	2019.Q1.G.03	862	Venezuela (Bolivarian Republic of)	005	South America	Country	VEN	1	-66.15642084	7.121324748																																
10	10.5	10.5.1	FI_FSI_FSLS	Liquid assets to short term liabilities (%)	2019.Q1.G.03	876	Wallis and Futuna Islands	061	Polynesia	Country	WLF	0	-176.2034788	-13.28471201																																
10	10.5	10.5.1	FI_FSI_FSLS	Liquid assets to short term liabilities (%)	2019.Q1.G.03	882	Samoa	061	Polynesia	Country	WSM	1	-172.4430749	-13.61541469	PERCENT	Percentage			G	Global		Indicator for the whole deposit-taking sector	http://data.imf.org/FSI		C: Country data																	17.29518	25.89563		25.89563	2017
10	10.5	10.5.1	FI_FSI_FSLS	Liquid assets to short term liabilities (%)	2019.Q1.G.03	887	Yemen	145	Western Asia	Country	YEM	1	45.22389143	15.22242099																																
10	10.5	10.5.1	FI_FSI_FSLS	Liquid assets to short term liabilities (%)	2019.Q1.G.03	894	Zambia	014	Eastern Africa	Country	ZMB	1	27.850329	-14.59701056	PERCENT	Percentage			G	Global		Indicator for the whole deposit-taking sector	http://data.imf.org/FSI		C: Country data											52.31	48.58	44.46	49.19	45.68	42.69	49.01	56.54	57.01	57.01	2018
