goal	target	indicator	seriesCode	seriesDesc	release	geoAreaCode	geoAreaName	parentCode	parentName	type	ISO3	UN_Member	X	Y	unitsCode	unitsDesc	unitmultiplierCode	unitmultiplierDesc	reportingTypeCode	reportingTypeDesc	footnotes	sources	timeDetails	nature_2017	value_numeric_part_2017	value_is_censored_2017	value_detail_2017	value_numeric_part_latest	value_is_censored_latest	value_detail_latest	latest_year
15	15.4	15.4.2	ER_MTN_TOTL	Mountain area (square kilometres)	2019.Q1.G.03	004	Afghanistan	034	Southern Asia	Country	AFG	1	66.02688198	33.83160199	KM2	Square kilometers			G	Global		[2017]: Food and Agriculture Organisation of United Nations ( FAO)		E : Estimated data	388.36999890625	False	388.3699989062500	388.36999890625	False	388.3699989062500	2017
15	15.4	15.4.2	ER_MTN_TOTL	Mountain area (square kilometres)	2019.Q1.G.03	008	Albania	039	Southern Europe	Country	ALB	1	20.06660928	41.13897007	KM2	Square kilometers			G	Global	[2017]: NA = A figure was not provided.	[2017]: Food and Agriculture Organisation of United Nations ( FAO)		E : Estimated data	19.1126982421875	False	19.1126982421875	19.1126982421875	False	19.1126982421875	2017
15	15.4	15.4.2	ER_MTN_TOTL	Mountain area (square kilometres)	2019.Q1.G.03	010	Antarctica	001	World	Country	ATA	0	21.47585697	-80.40897662																	
15	15.4	15.4.2	ER_MTN_TOTL	Mountain area (square kilometres)	2019.Q1.G.03	012	Algeria	015	Northern Africa	Country	DZA	1	2.678164227	28.15940032	KM2	Square kilometers			G	Global	[2017]: NA = A figure was not provided.	[2017]: Food and Agriculture Organisation of United Nations ( FAO)		E : Estimated data	233.2740258789063	False	233.2740258789063	233.2740258789063	False	233.2740258789063	2017
15	15.4	15.4.2	ER_MTN_TOTL	Mountain area (square kilometres)	2019.Q1.G.03	016	American Samoa	061	Polynesia	Country	ASM	0	-170.7187269	-14.30587306	KM2	Square kilometers			G	Global	[2017]: NA = A figure was not provided.	[2017]: Food and Agriculture Organisation of United Nations ( FAO)		E : Estimated data		True	NA		True	NA	2017
15	15.4	15.4.2	ER_MTN_TOTL	Mountain area (square kilometres)	2019.Q1.G.03	020	Andorra	039	Southern Europe	Country	AND	1	1.576257417	42.54548611	KM2	Square kilometers			G	Global	[2017]: NA = A figure was not provided.	[2017]: Food and Agriculture Organisation of United Nations ( FAO)		E : Estimated data		True	NA		True	NA	2017
15	15.4	15.4.2	ER_MTN_TOTL	Mountain area (square kilometres)	2019.Q1.G.03	024	Angola	017	Middle Africa	Country	AGO	1	17.57817062	-12.33724746	KM2	Square kilometers			G	Global	[2017]: NA = A figure was not provided.	[2017]: Food and Agriculture Organisation of United Nations ( FAO)		E : Estimated data	175.084342421875	False	175.0843424218750	175.084342421875	False	175.0843424218750	2017
15	15.4	15.4.2	ER_MTN_TOTL	Mountain area (square kilometres)	2019.Q1.G.03	028	Antigua and Barbuda	029	Caribbean	Country	ATG	1	-61.7999755	17.07761471	KM2	Square kilometers			G	Global	[2017]: NA = A figure was not provided.	[2017]: Food and Agriculture Organisation of United Nations ( FAO)		E : Estimated data		True	NA		True	NA	2017
15	15.4	15.4.2	ER_MTN_TOTL	Mountain area (square kilometres)	2019.Q1.G.03	031	Azerbaijan	145	Western Asia	Country	AZE	1	50.01064725	40.39229544	KM2	Square kilometers			G	Global	[2017]: NA = A figure was not provided.	[2017]: Food and Agriculture Organisation of United Nations ( FAO)		E : Estimated data	30.746296484375	False	30.7462964843750	30.746296484375	False	30.7462964843750	2017
15	15.4	15.4.2	ER_MTN_TOTL	Mountain area (square kilometres)	2019.Q1.G.03	032	Argentina	005	South America	Country	ARG	1	-65.14563274	-35.19446255	KM2	Square kilometers			G	Global	[2017]: NA = A figure was not provided.	[2017]: Food and Agriculture Organisation of United Nations ( FAO)		E : Estimated data	652.8350965234374	False	652.8350965234374	652.8350965234374	False	652.8350965234374	2017
15	15.4	15.4.2	ER_MTN_TOTL	Mountain area (square kilometres)	2019.Q1.G.03	036	Australia	053	Australia and New Zealand	Country	AUS	1	134.3499412	-25.57717202	KM2	Square kilometers			G	Global	[2017]: NV = The figure has not been validated by the national statistical system for global reporting.	[2017]: Food and Agriculture Organisation of United Nations ( FAO)		E : Estimated data		True	NV		True	NV	2017
15	15.4	15.4.2	ER_MTN_TOTL	Mountain area (square kilometres)	2019.Q1.G.03	040	Austria	155	Western Europe	Country	AUT	1	14.14172472	47.58704857	KM2	Square kilometers			G	Global	[2017]: NA = A figure was not provided.	[2017]: Food and Agriculture Organisation of United Nations ( FAO)		E : Estimated data	61.4154703515625	False	61.4154703515625	61.4154703515625	False	61.4154703515625	2017
15	15.4	15.4.2	ER_MTN_TOTL	Mountain area (square kilometres)	2019.Q1.G.03	044	Bahamas	029	Caribbean	Country	BHS	1	-78.05111663	24.69546597	KM2	Square kilometers			G	Global	[2017]: NA = A figure was not provided.	[2017]: Food and Agriculture Organisation of United Nations ( FAO)		E : Estimated data		True	NA		True	NA	2017
15	15.4	15.4.2	ER_MTN_TOTL	Mountain area (square kilometres)	2019.Q1.G.03	048	Bahrain	145	Western Asia	Country	BHR	1	50.5490754	26.04407747	KM2	Square kilometers			G	Global	[2017]: NA = A figure was not provided.	[2017]: Food and Agriculture Organisation of United Nations ( FAO)		E : Estimated data		True	NA		True	NA	2017
15	15.4	15.4.2	ER_MTN_TOTL	Mountain area (square kilometres)	2019.Q1.G.03	050	Bangladesh	034	Southern Asia	Country	BGD	1	89.17660788	22.86961622	KM2	Square kilometers			G	Global	[2017]: NA = A figure was not provided.	[2017]: Food and Agriculture Organisation of United Nations ( FAO)		E : Estimated data	2.067440625	False	2.0674406250000	2.067440625	False	2.0674406250000	2017
15	15.4	15.4.2	ER_MTN_TOTL	Mountain area (square kilometres)	2019.Q1.G.03	051	Armenia	145	Western Asia	Country	ARM	1	44.93839317	40.29499741	KM2	Square kilometers			G	Global	[2017]: NA = A figure was not provided.	[2017]: Food and Agriculture Organisation of United Nations ( FAO)		E : Estimated data	20.48851515625	False	20.4885151562500	20.48851515625	False	20.4885151562500	2017
15	15.4	15.4.2	ER_MTN_TOTL	Mountain area (square kilometres)	2019.Q1.G.03	052	Barbados	029	Caribbean	Country	BRB	1	-59.5346489	13.13648273	KM2	Square kilometers			G	Global	[2017]: NA = A figure was not provided.	[2017]: Food and Agriculture Organisation of United Nations ( FAO)		E : Estimated data		True	NA		True	NA	2017
15	15.4	15.4.2	ER_MTN_TOTL	Mountain area (square kilometres)	2019.Q1.G.03	056	Belgium	155	Western Europe	Country	BEL	1	4.660976456	50.64104975	KM2	Square kilometers			G	Global	[2017]: NA = A figure was not provided.	[2017]: Food and Agriculture Organisation of United Nations ( FAO)		E : Estimated data	0.509671953125	False	0.5096719531250	0.509671953125	False	0.5096719531250	2017
15	15.4	15.4.2	ER_MTN_TOTL	Mountain area (square kilometres)	2019.Q1.G.03	060	Bermuda	021	Northern America	Country	BMU	0	-64.78155012	32.27881922	KM2	Square kilometers			G	Global	[2017]: NA = A figure was not provided.	[2017]: Food and Agriculture Organisation of United Nations ( FAO)		E : Estimated data		True	NA		True	NA	2017
15	15.4	15.4.2	ER_MTN_TOTL	Mountain area (square kilometres)	2019.Q1.G.03	064	Bhutan	034	Southern Asia	Country	BTN	1	90.45098484	27.39598568	KM2	Square kilometers			G	Global	[2017]: NA = A figure was not provided.	[2017]: Food and Agriculture Organisation of United Nations ( FAO)		E : Estimated data	37.989221484375	False	37.9892214843750	37.989221484375	False	37.9892214843750	2017
15	15.4	15.4.2	ER_MTN_TOTL	Mountain area (square kilometres)	2019.Q1.G.03	068	Bolivia (Plurinational State of)	005	South America	Country	BOL	1	-64.66224284	-16.71273412	KM2	Square kilometers			G	Global	[2017]: NA = A figure was not provided.	[2017]: Food and Agriculture Organisation of United Nations ( FAO)		E : Estimated data	432.6940302734375	False	432.6940302734375	432.6940302734375	False	432.6940302734375	2017
15	15.4	15.4.2	ER_MTN_TOTL	Mountain area (square kilometres)	2019.Q1.G.03	070	Bosnia and Herzegovina	039	Southern Europe	Country	BIH	1	17.78584332	44.16845548	KM2	Square kilometers			G	Global	[2017]: NA = A figure was not provided.	[2017]: Food and Agriculture Organisation of United Nations ( FAO)		E : Estimated data	36.4415446484375	False	36.4415446484375	36.4415446484375	False	36.4415446484375	2017
15	15.4	15.4.2	ER_MTN_TOTL	Mountain area (square kilometres)	2019.Q1.G.03	072	Botswana	018	Southern Africa	Country	BWA	1	23.81380223	-22.18810073	KM2	Square kilometers			G	Global	[2017]: NA = A figure was not provided.	[2017]: Food and Agriculture Organisation of United Nations ( FAO)		E : Estimated data	1.7298465234375	False	1.7298465234375	1.7298465234375	False	1.7298465234375	2017
15	15.4	15.4.2	ER_MTN_TOTL	Mountain area (square kilometres)	2019.Q1.G.03	074	Bouvet Island	005	South America	Country	BVT	0	3.410732868	-54.43295905																	
15	15.4	15.4.2	ER_MTN_TOTL	Mountain area (square kilometres)	2019.Q1.G.03	076	Brazil	005	South America	Country	BRA	1	-53.08432878	-10.77668561	KM2	Square kilometers			G	Global	[2017]: NA = A figure was not provided.	[2017]: Food and Agriculture Organisation of United Nations ( FAO)		E : Estimated data	797.7899743847657	False	797.7899743847657	797.7899743847657	False	797.7899743847657	2017
15	15.4	15.4.2	ER_MTN_TOTL	Mountain area (square kilometres)	2019.Q1.G.03	084	Belize	013	Central America	Country	BLZ	1	-88.70199554	17.19965901	KM2	Square kilometers			G	Global	[2017]: NA = A figure was not provided.	[2017]: Food and Agriculture Organisation of United Nations ( FAO)		E : Estimated data	3.8375153320313	False	3.8375153320313	3.8375153320313	False	3.8375153320313	2017
15	15.4	15.4.2	ER_MTN_TOTL	Mountain area (square kilometres)	2019.Q1.G.03	086	British Indian Ocean Territory	014	Eastern Africa	Country	IOT	0	72.38715553	-7.299281071	KM2	Square kilometers			G	Global	[2017]: NA = A figure was not provided.	[2017]: Food and Agriculture Organisation of United Nations ( FAO)		E : Estimated data		True	NA		True	NA	2017
15	15.4	15.4.2	ER_MTN_TOTL	Mountain area (square kilometres)	2019.Q1.G.03	090	Solomon Islands	054	Melanesia	Country	SLB	1	160.1584117	-9.622391719	KM2	Square kilometers			G	Global	[2017]: NA = A figure was not provided.	[2017]: Food and Agriculture Organisation of United Nations ( FAO)		E : Estimated data	8.151558125	False	8.1515581250000	8.151558125	False	8.1515581250000	2017
15	15.4	15.4.2	ER_MTN_TOTL	Mountain area (square kilometres)	2019.Q1.G.03	092	British Virgin Islands	029	Caribbean	Country	VGB	0	-64.63294223	18.42256578	KM2	Square kilometers			G	Global	[2017]: NA = A figure was not provided.	[2017]: Food and Agriculture Organisation of United Nations ( FAO)		E : Estimated data		True	NA		True	NA	2017
15	15.4	15.4.2	ER_MTN_TOTL	Mountain area (square kilometres)	2019.Q1.G.03	096	Brunei Darussalam	035	South-Eastern Asia	Country	BRN	1	114.6288563	4.49736984	KM2	Square kilometers			G	Global	[2017]: NA = A figure was not provided.	[2017]: Food and Agriculture Organisation of United Nations ( FAO)		E : Estimated data	0.51686015625	False	0.5168601562500	0.51686015625	False	0.5168601562500	2017
15	15.4	15.4.2	ER_MTN_TOTL	Mountain area (square kilometres)	2019.Q1.G.03	100	Bulgaria	151	Eastern Europe	Country	BGR	1	25.23763153	42.75731323	KM2	Square kilometers			G	Global	[2017]: NA = A figure was not provided.	[2017]: Food and Agriculture Organisation of United Nations ( FAO)		E : Estimated data	46.8487717578125	False	46.8487717578125	46.8487717578125	False	46.8487717578125	2017
15	15.4	15.4.2	ER_MTN_TOTL	Mountain area (square kilometres)	2019.Q1.G.03	104	Myanmar	035	South-Eastern Asia	Country	MMR	1	96.51752295	21.19332882	KM2	Square kilometers			G	Global	[2017]: NA = A figure was not provided.	[2017]: Food and Agriculture Organisation of United Nations ( FAO)		E : Estimated data	331.565790234375	False	331.5657902343750	331.565790234375	False	331.5657902343750	2017
15	15.4	15.4.2	ER_MTN_TOTL	Mountain area (square kilometres)	2019.Q1.G.03	108	Burundi	014	Eastern Africa	Country	BDI	1	29.89080992	-3.366387428	KM2	Square kilometers			G	Global	[2017]: NA = A figure was not provided.	[2017]: Food and Agriculture Organisation of United Nations ( FAO)		E : Estimated data	18.6836499414063	False	18.6836499414063	18.6836499414063	False	18.6836499414063	2017
15	15.4	15.4.2	ER_MTN_TOTL	Mountain area (square kilometres)	2019.Q1.G.03	112	Belarus	151	Eastern Europe	Country	BLR	1	28.04940161	53.54193075	KM2	Square kilometers			G	Global	[2017]: NA = A figure was not provided.	[2017]: Food and Agriculture Organisation of United Nations ( FAO)		E : Estimated data		True	NA		True	NA	2017
15	15.4	15.4.2	ER_MTN_TOTL	Mountain area (square kilometres)	2019.Q1.G.03	116	Cambodia	035	South-Eastern Asia	Country	KHM	1	104.922836	12.71163737	KM2	Square kilometers			G	Global	[2017]: NA = A figure was not provided.	[2017]: Food and Agriculture Organisation of United Nations ( FAO)		E : Estimated data	14.98894453125	False	14.9889445312500	14.98894453125	False	14.9889445312500	2017
15	15.4	15.4.2	ER_MTN_TOTL	Mountain area (square kilometres)	2019.Q1.G.03	120	Cameroon	017	Middle Africa	Country	CMR	1	12.7419827	5.692387031	KM2	Square kilometers			G	Global	[2017]: NA = A figure was not provided.	[2017]: Food and Agriculture Organisation of United Nations ( FAO)		E : Estimated data	94.1815252929688	False	94.1815252929688	94.1815252929688	False	94.1815252929688	2017
15	15.4	15.4.2	ER_MTN_TOTL	Mountain area (square kilometres)	2019.Q1.G.03	124	Canada	021	Northern America	Country	CAN	1	-101.6575058	57.72360191	KM2	Square kilometers			G	Global	[2017]: NA = A figure was not provided.	[2017]: Food and Agriculture Organisation of United Nations ( FAO)		E : Estimated data	1970.0570507226564	False	1970.0570507226564	1970.0570507226564	False	1970.0570507226564	2017
15	15.4	15.4.2	ER_MTN_TOTL	Mountain area (square kilometres)	2019.Q1.G.03	132	Cabo Verde	011	Western Africa	Country	CPV	1	-23.63544151	15.07791834	KM2	Square kilometers			G	Global	[2017]: NA = A figure was not provided.	[2017]: Food and Agriculture Organisation of United Nations ( FAO)		E : Estimated data	1.02484484375	False	1.0248448437500	1.02484484375	False	1.0248448437500	2017
15	15.4	15.4.2	ER_MTN_TOTL	Mountain area (square kilometres)	2019.Q1.G.03	136	Cayman Islands	029	Caribbean	Country	CYM	0	-81.16740559	19.32266656	KM2	Square kilometers			G	Global	[2017]: NA = A figure was not provided.	[2017]: Food and Agriculture Organisation of United Nations ( FAO)		E : Estimated data		True	NA		True	NA	2017
15	15.4	15.4.2	ER_MTN_TOTL	Mountain area (square kilometres)	2019.Q1.G.03	140	Central African Republic	017	Middle Africa	Country	CAF	1	20.93559492	7.003720791	KM2	Square kilometers			G	Global	[2017]: NA = A figure was not provided.	[2017]: Food and Agriculture Organisation of United Nations ( FAO)		E : Estimated data	6.9390468164063	False	6.9390468164063	6.9390468164063	False	6.9390468164063	2017
15	15.4	15.4.2	ER_MTN_TOTL	Mountain area (square kilometres)	2019.Q1.G.03	144	Sri Lanka	034	Southern Asia	Country	LKA	1	80.70489654	7.614693343	KM2	Square kilometers			G	Global	[2017]: NA = A figure was not provided.	[2017]: Food and Agriculture Organisation of United Nations ( FAO)		E : Estimated data	8.78662265625	False	8.7866226562500	8.78662265625	False	8.7866226562500	2017
15	15.4	15.4.2	ER_MTN_TOTL	Mountain area (square kilometres)	2019.Q1.G.03	148	Chad	017	Middle Africa	Country	TCD	1	18.66618401	15.36279341	KM2	Square kilometers			G	Global	[2017]: NA = A figure was not provided.	[2017]: Food and Agriculture Organisation of United Nations ( FAO)		E : Estimated data	80.6952736132812	False	80.6952736132812	80.6952736132812	False	80.6952736132812	2017
15	15.4	15.4.2	ER_MTN_TOTL	Mountain area (square kilometres)	2019.Q1.G.03	152	Chile	005	South America	Country	CHL	1	-71.23029019	-35.2652885	KM2	Square kilometers			G	Global	[2017]: NA = A figure was not provided.	[2017]: Food and Agriculture Organisation of United Nations ( FAO)		E : Estimated data	487.1934749023438	False	487.1934749023438	487.1934749023438	False	487.1934749023438	2017
15	15.4	15.4.2	ER_MTN_TOTL	Mountain area (square kilometres)	2019.Q1.G.03	156	China	030	Eastern Asia	Country	CHN	1	104.1403375	32.30955217	KM2	Square kilometers			G	Global	[2017]: NA = A figure was not provided.	[2017]: Food and Agriculture Organisation of United Nations ( FAO)		E : Estimated data	4846.0071337109375	False	4846.0071337109375	4846.0071337109375	False	4846.0071337109375	2017
15	15.4	15.4.2	ER_MTN_TOTL	Mountain area (square kilometres)	2019.Q1.G.03	162	Christmas Island	053	Australia and New Zealand	Country	CXR	0	105.6426067	-10.4882473	KM2	Square kilometers			G	Global	[2017]: NA = A figure was not provided.	[2017]: Food and Agriculture Organisation of United Nations ( FAO)		E : Estimated data		True	NA		True	NA	2017
15	15.4	15.4.2	ER_MTN_TOTL	Mountain area (square kilometres)	2019.Q1.G.03	166	Cocos (Keeling) Islands	053	Australia and New Zealand	Country	CCK	0	96.82633757	-12.18600682	KM2	Square kilometers			G	Global	[2017]: NA = A figure was not provided.	[2017]: Food and Agriculture Organisation of United Nations ( FAO)		E : Estimated data		True	NA		True	NA	2017
15	15.4	15.4.2	ER_MTN_TOTL	Mountain area (square kilometres)	2019.Q1.G.03	170	Colombia	005	South America	Country	COL	1	-73.07446751	3.888209046	KM2	Square kilometers			G	Global	[2017]: NV = The figure has not been validated by the national statistical system for global reporting.	[2017]: Food and Agriculture Organisation of United Nations ( FAO)		E : Estimated data		True	NV		True	NV	2017
15	15.4	15.4.2	ER_MTN_TOTL	Mountain area (square kilometres)	2019.Q1.G.03	174	Comoros	014	Eastern Africa	Country	COM	1	43.34234565	-11.66121732	KM2	Square kilometers			G	Global	[2017]: NA = A figure was not provided.	[2017]: Food and Agriculture Organisation of United Nations ( FAO)		E : Estimated data	1.2797020507813	False	1.2797020507813	1.2797020507813	False	1.2797020507813	2017
15	15.4	15.4.2	ER_MTN_TOTL	Mountain area (square kilometres)	2019.Q1.G.03	175	Mayotte	014	Eastern Africa	Country	MYT	0	45.14015057	-12.82217691	KM2	Square kilometers			G	Global	[2017]: NA = A figure was not provided.	[2017]: Food and Agriculture Organisation of United Nations ( FAO)		E : Estimated data		True	NA		True	NA	2017
15	15.4	15.4.2	ER_MTN_TOTL	Mountain area (square kilometres)	2019.Q1.G.03	178	Congo	011	Western Africa	Country	COG	1	15.22052612	-0.840544119	KM2	Square kilometers			G	Global	[2017]: NA = A figure was not provided.	[2017]: Food and Agriculture Organisation of United Nations ( FAO)		E : Estimated data	24.0583985546875	False	24.0583985546875	24.0583985546875	False	24.0583985546875	2017
15	15.4	15.4.2	ER_MTN_TOTL	Mountain area (square kilometres)	2019.Q1.G.03	180	Democratic Republic of the Congo	017	Middle Africa	Country	COD	1	23.65496507	-2.877154732	KM2	Square kilometers			G	Global	[2017]: NA = A figure was not provided.	[2017]: Food and Agriculture Organisation of United Nations ( FAO)		E : Estimated data	243.7368011035156	False	243.7368011035156	243.7368011035156	False	243.7368011035156	2017
15	15.4	15.4.2	ER_MTN_TOTL	Mountain area (square kilometres)	2019.Q1.G.03	184	Cook Islands	061	Polynesia	Country	COK	0	-159.7711391	-21.22696458	KM2	Square kilometers			G	Global	[2017]: NA = A figure was not provided.	[2017]: Food and Agriculture Organisation of United Nations ( FAO)		E : Estimated data		True	NA		True	NA	2017
15	15.4	15.4.2	ER_MTN_TOTL	Mountain area (square kilometres)	2019.Q1.G.03	188	Costa Rica	013	Central America	Country	CRI	1	-84.19712782	9.970998683	KM2	Square kilometers			G	Global	[2017]: NA = A figure was not provided.	[2017]: Food and Agriculture Organisation of United Nations ( FAO)		E : Estimated data	23.536760703125	False	23.5367607031250	23.536760703125	False	23.5367607031250	2017
15	15.4	15.4.2	ER_MTN_TOTL	Mountain area (square kilometres)	2019.Q1.G.03	191	Croatia	039	Southern Europe	Country	HRV	1	17.95874553	45.45172212	KM2	Square kilometers			G	Global	[2017]: NA = A figure was not provided.	[2017]: Food and Agriculture Organisation of United Nations ( FAO)		E : Estimated data	18.6030262890625	False	18.6030262890625	18.6030262890625	False	18.6030262890625	2017
15	15.4	15.4.2	ER_MTN_TOTL	Mountain area (square kilometres)	2019.Q1.G.03	192	Cuba	029	Caribbean	Country	CUB	1	-79.54460144	22.10030366	KM2	Square kilometers			G	Global	[2017]: NA = A figure was not provided.	[2017]: Food and Agriculture Organisation of United Nations ( FAO)		E : Estimated data	7.9774691796875	False	7.9774691796875	7.9774691796875	False	7.9774691796875	2017
15	15.4	15.4.2	ER_MTN_TOTL	Mountain area (square kilometres)	2019.Q1.G.03	196	Cyprus	145	Western Asia	Country	CYP	1	33.22285964	35.05659437	KM2	Square kilometers			G	Global	[2017]: NA = A figure was not provided.	[2017]: Food and Agriculture Organisation of United Nations ( FAO)		E : Estimated data	3.2644301074219	False	3.2644301074219	3.2644301074219	False	3.2644301074219	2017
15	15.4	15.4.2	ER_MTN_TOTL	Mountain area (square kilometres)	2019.Q1.G.03	203	Czechia	151	Eastern Europe	Country	CZE	1	15.33151382	49.73913871	KM2	Square kilometers			G	Global	[2017]: NA = A figure was not provided.	[2017]: Food and Agriculture Organisation of United Nations ( FAO)		E : Estimated data	21.203455390625	False	21.2034553906250	21.203455390625	False	21.2034553906250	2017
15	15.4	15.4.2	ER_MTN_TOTL	Mountain area (square kilometres)	2019.Q1.G.03	204	Benin	011	Western Africa	Country	BEN	1	2.339933594	9.65401646	KM2	Square kilometers			G	Global	[2017]: NA = A figure was not provided.	[2017]: Food and Agriculture Organisation of United Nations ( FAO)		E : Estimated data	0.5935418945313	False	0.5935418945313	0.5935418945313	False	0.5935418945313	2017
15	15.4	15.4.2	ER_MTN_TOTL	Mountain area (square kilometres)	2019.Q1.G.03	208	Denmark	154	Northern Europe	Country	DNK	1	9.326571283	56.03829721	KM2	Square kilometers			G	Global	[2017]: NA = A figure was not provided.	[2017]: Food and Agriculture Organisation of United Nations ( FAO)		E : Estimated data		True	NA		True	NA	2017
15	15.4	15.4.2	ER_MTN_TOTL	Mountain area (square kilometres)	2019.Q1.G.03	212	Dominica	029	Caribbean	Country	DMA	1	-61.3493756	15.43391378	KM2	Square kilometers			G	Global	[2017]: NA = A figure was not provided.	[2017]: Food and Agriculture Organisation of United Nations ( FAO)		E : Estimated data	0.5116687109375	False	0.5116687109375	0.5116687109375	False	0.5116687109375	2017
15	15.4	15.4.2	ER_MTN_TOTL	Mountain area (square kilometres)	2019.Q1.G.03	214	Dominican Republic	029	Caribbean	Country	DOM	1	-70.49847576	18.89832088	KM2	Square kilometers			G	Global	[2017]: NA = A figure was not provided.	[2017]: Food and Agriculture Organisation of United Nations ( FAO)		E : Estimated data	16.6292331054688	False	16.6292331054688	16.6292331054688	False	16.6292331054688	2017
15	15.4	15.4.2	ER_MTN_TOTL	Mountain area (square kilometres)	2019.Q1.G.03	218	Ecuador	005	South America	Country	ECU	1	-78.37005241	-1.447785891	KM2	Square kilometers			G	Global	[2017]: NA = A figure was not provided.	[2017]: Food and Agriculture Organisation of United Nations ( FAO)		E : Estimated data	122.0854295898437	False	122.0854295898437	122.0854295898437	False	122.0854295898437	2017
15	15.4	15.4.2	ER_MTN_TOTL	Mountain area (square kilometres)	2019.Q1.G.03	222	El Salvador	013	Central America	Country	SLV	1	-88.86862995	13.73603564	KM2	Square kilometers			G	Global	[2017]: NA = A figure was not provided.	[2017]: Food and Agriculture Organisation of United Nations ( FAO)		E : Estimated data	11.5125459960938	False	11.5125459960938	11.5125459960938	False	11.5125459960938	2017
15	15.4	15.4.2	ER_MTN_TOTL	Mountain area (square kilometres)	2019.Q1.G.03	226	Equatorial Guinea	017	Middle Africa	Country	GNQ	1	10.46535826	1.565792376	KM2	Square kilometers			G	Global	[2017]: NA = A figure was not provided.	[2017]: Food and Agriculture Organisation of United Nations ( FAO)		E : Estimated data	9.4697951757812	False	9.4697951757812	9.4697951757812	False	9.4697951757812	2017
15	15.4	15.4.2	ER_MTN_TOTL	Mountain area (square kilometres)	2019.Q1.G.03	231	Ethiopia	014	Eastern Africa	Country	ETH	1	39.63505296	8.631223181	KM2	Square kilometers			G	Global	[2017]: NA = A figure was not provided.	[2017]: Food and Agriculture Organisation of United Nations ( FAO)		E : Estimated data	552.3231004101563	False	552.3231004101563	552.3231004101563	False	552.3231004101563	2017
15	15.4	15.4.2	ER_MTN_TOTL	Mountain area (square kilometres)	2019.Q1.G.03	232	Eritrea	014	Eastern Africa	Country	ERI	1	38.11074289	16.12894644	KM2	Square kilometers			G	Global	[2017]: NA = A figure was not provided.	[2017]: Food and Agriculture Organisation of United Nations ( FAO)		E : Estimated data	61.377574140625	False	61.3775741406250	61.377574140625	False	61.3775741406250	2017
15	15.4	15.4.2	ER_MTN_TOTL	Mountain area (square kilometres)	2019.Q1.G.03	233	Estonia	154	Northern Europe	Country	EST	1	25.84093481	58.68487172	KM2	Square kilometers			G	Global	[2017]: NA = A figure was not provided.	[2017]: Food and Agriculture Organisation of United Nations ( FAO)		E : Estimated data		True	NA		True	NA	2017
15	15.4	15.4.2	ER_MTN_TOTL	Mountain area (square kilometres)	2019.Q1.G.03	234	Faroe Islands	154	Northern Europe	Country	FRO	0	-7.122044325	62.21228119	KM2	Square kilometers			G	Global	[2017]: NA = A figure was not provided.	[2017]: Food and Agriculture Organisation of United Nations ( FAO)		E : Estimated data	0.2548359765625	False	0.2548359765625	0.2548359765625	False	0.2548359765625	2017
15	15.4	15.4.2	ER_MTN_TOTL	Mountain area (square kilometres)	2019.Q1.G.03	238	Falkland Islands (Malvinas)	005	South America	Country	FLK	0	-58.75246778	-51.74562601	KM2	Square kilometers			G	Global	[2017]: NA = A figure was not provided.	[2017]: Food and Agriculture Organisation of United Nations ( FAO)		E : Estimated data	0.8668337304688	False	0.8668337304688	0.8668337304688	False	0.8668337304688	2017
15	15.4	15.4.2	ER_MTN_TOTL	Mountain area (square kilometres)	2019.Q1.G.03	239	South Georgia and the South Sandwich Islands	005	South America	Country	SGS	0	-36.90662765	-54.20736749	KM2	Square kilometers			G	Global	[2017]: NA = A figure was not provided.	[2017]: Food and Agriculture Organisation of United Nations ( FAO)		E : Estimated data	1.9573580078125	False	1.9573580078125	1.9573580078125	False	1.9573580078125	2017
15	15.4	15.4.2	ER_MTN_TOTL	Mountain area (square kilometres)	2019.Q1.G.03	242	Fiji	054	Melanesia	Country	FJI	1	177.9660884	-17.83301566	KM2	Square kilometers			G	Global	[2017]: NA = A figure was not provided.	[2017]: Food and Agriculture Organisation of United Nations ( FAO)		E : Estimated data		True	NA		True	NA	2017
15	15.4	15.4.2	ER_MTN_TOTL	Mountain area (square kilometres)	2019.Q1.G.03	246	Finland	154	Northern Europe	Country	FIN	1	23.308447	61.91586738	KM2	Square kilometers			G	Global	[2017]: NA = A figure was not provided.	[2017]: Food and Agriculture Organisation of United Nations ( FAO)		E : Estimated data	7.0849312890625	False	7.0849312890625	7.0849312890625	False	7.0849312890625	2017
15	15.4	15.4.2	ER_MTN_TOTL	Mountain area (square kilometres)	2019.Q1.G.03	248	Åland Islands	154	Northern Europe	Country	ALA	0	19.80945969	60.1544901	KM2	Square kilometers			G	Global	[2017]: NA = A figure was not provided.	[2017]: Food and Agriculture Organisation of United Nations ( FAO)		E : Estimated data		True	NA		True	NA	2017
15	15.4	15.4.2	ER_MTN_TOTL	Mountain area (square kilometres)	2019.Q1.G.03	250	France	155	Western Europe	Country	FRA	1	2.457288129	46.62660861	KM2	Square kilometers			G	Global	[2017]: NA = A figure was not provided.	[2017]: Food and Agriculture Organisation of United Nations ( FAO)		E : Estimated data	122.0168415625	False	122.0168415625000	122.0168415625	False	122.0168415625000	2017
15	15.4	15.4.2	ER_MTN_TOTL	Mountain area (square kilometres)	2019.Q1.G.03	254	French Guiana	005	South America	Country	GUF	0	-53.23619089	3.922673437	KM2	Square kilometers			G	Global	[2017]: NA = A figure was not provided.	[2017]: Food and Agriculture Organisation of United Nations ( FAO)		E : Estimated data	2.5343279296875	False	2.5343279296875	2.5343279296875	False	2.5343279296875	2017
15	15.4	15.4.2	ER_MTN_TOTL	Mountain area (square kilometres)	2019.Q1.G.03	258	French Polynesia	061	Polynesia	Country	PYF	0	-149.4052367	-17.67709294	KM2	Square kilometers			G	Global	[2017]: NA = A figure was not provided.	[2017]: Food and Agriculture Organisation of United Nations ( FAO)		E : Estimated data		True	NA		True	NA	2017
15	15.4	15.4.2	ER_MTN_TOTL	Mountain area (square kilometres)	2019.Q1.G.03	260	French Southern Territories	014	Eastern Africa	Country	ATF	0	69.64849091	-49.6068576	KM2	Square kilometers			G	Global	[2017]: NA = A figure was not provided.	[2017]: Food and Agriculture Organisation of United Nations ( FAO)		E : Estimated data		True	NA		True	NA	2017
15	15.4	15.4.2	ER_MTN_TOTL	Mountain area (square kilometres)	2019.Q1.G.03	262	Djibouti	014	Eastern Africa	Country	DJI	1	42.18274707	11.56004161	KM2	Square kilometers			G	Global	[2017]: NA = A figure was not provided.	[2017]: Food and Agriculture Organisation of United Nations ( FAO)		E : Estimated data	8.2625655859375	False	8.2625655859375	8.2625655859375	False	8.2625655859375	2017
15	15.4	15.4.2	ER_MTN_TOTL	Mountain area (square kilometres)	2019.Q1.G.03	266	Gabon	017	Middle Africa	Country	GAB	1	11.78727747	-0.60687619	KM2	Square kilometers			G	Global	[2017]: NA = A figure was not provided.	[2017]: Food and Agriculture Organisation of United Nations ( FAO)		E : Estimated data	32.7603725	False	32.7603725000000	32.7603725	False	32.7603725000000	2017
15	15.4	15.4.2	ER_MTN_TOTL	Mountain area (square kilometres)	2019.Q1.G.03	268	Georgia	145	Western Asia	Country	GEO	1	43.3713615	42.04813028	KM2	Square kilometers			G	Global	[2017]: NA = A figure was not provided.	[2017]: Food and Agriculture Organisation of United Nations ( FAO)		E : Estimated data	53.853042734375	False	53.8530427343750	53.853042734375	False	53.8530427343750	2017
15	15.4	15.4.2	ER_MTN_TOTL	Mountain area (square kilometres)	2019.Q1.G.03	270	Gambia	011	Western Africa	Country	GMB	1	-15.39944785	13.45295927	KM2	Square kilometers			G	Global	[2017]: NA = A figure was not provided.	[2017]: Food and Agriculture Organisation of United Nations ( FAO)		E : Estimated data		True	NA		True	NA	2017
15	15.4	15.4.2	ER_MTN_TOTL	Mountain area (square kilometres)	2019.Q1.G.03	275	State of Palestine	145	Western Asia	Country	PSE	0	35.25694122	31.94347933	KM2	Square kilometers			G	Global	[2017]: NA = A figure was not provided.	[2017]: Food and Agriculture Organisation of United Nations ( FAO)		E : Estimated data	3.2644301074219	False	3.2644301074219	3.2644301074219	False	3.2644301074219	2017
15	15.4	15.4.2	ER_MTN_TOTL	Mountain area (square kilometres)	2019.Q1.G.03	276	Germany	155	Western Europe	Country	DEU	1	10.3806066	51.08862743	KM2	Square kilometers			G	Global	[2017]: NV = The figure has not been validated by the national statistical system for global reporting.	[2017]: Food and Agriculture Organisation of United Nations ( FAO)		E : Estimated data		True	NV		True	NV	2017
15	15.4	15.4.2	ER_MTN_TOTL	Mountain area (square kilometres)	2019.Q1.G.03	288	Ghana	011	Western Africa	Country	GHA	1	-1.205623522	7.964825185	KM2	Square kilometers			G	Global	[2017]: NA = A figure was not provided.	[2017]: Food and Agriculture Organisation of United Nations ( FAO)		E : Estimated data	7.4930966796875	False	7.4930966796875	7.4930966796875	False	7.4930966796875	2017
15	15.4	15.4.2	ER_MTN_TOTL	Mountain area (square kilometres)	2019.Q1.G.03	292	Gibraltar	039	Southern Europe	Country	GIB	0	-5.347561686	36.13895036	KM2	Square kilometers			G	Global	[2017]: NA = A figure was not provided.	[2017]: Food and Agriculture Organisation of United Nations ( FAO)		E : Estimated data		True	NA		True	NA	2017
15	15.4	15.4.2	ER_MTN_TOTL	Mountain area (square kilometres)	2019.Q1.G.03	296	Kiribati	057	Micronesia	Country	KIR	1	-157.5643005	1.768837732	KM2	Square kilometers			G	Global	[2017]: NA = A figure was not provided.	[2017]: Food and Agriculture Organisation of United Nations ( FAO)		E : Estimated data		True	NA		True	NA	2017
15	15.4	15.4.2	ER_MTN_TOTL	Mountain area (square kilometres)	2019.Q1.G.03	300	Greece	039	Southern Europe	Country	GRC	1	22.58307827	39.47301873	KM2	Square kilometers			G	Global	[2017]: NA = A figure was not provided.	[2017]: Food and Agriculture Organisation of United Nations ( FAO)		E : Estimated data	69.941225078125	False	69.9412250781250	69.941225078125	False	69.9412250781250	2017
15	15.4	15.4.2	ER_MTN_TOTL	Mountain area (square kilometres)	2019.Q1.G.03	304	Greenland	021	Northern America	Country	GRL	0	-41.39371316	74.75625681	KM2	Square kilometers			G	Global	[2017]: NA = A figure was not provided.	[2017]: Food and Agriculture Organisation of United Nations ( FAO)		E : Estimated data	1029.3564129687502	False	1029.3564129687502	1029.3564129687502	False	1029.3564129687502	2017
15	15.4	15.4.2	ER_MTN_TOTL	Mountain area (square kilometres)	2019.Q1.G.03	308	Grenada	029	Caribbean	Country	GRD	1	-61.68248568	12.11238395	KM2	Square kilometers			G	Global	[2017]: NA = A figure was not provided.	[2017]: Food and Agriculture Organisation of United Nations ( FAO)		E : Estimated data	0.2558343554688	False	0.2558343554688	0.2558343554688	False	0.2558343554688	2017
15	15.4	15.4.2	ER_MTN_TOTL	Mountain area (square kilometres)	2019.Q1.G.03	312	Guadeloupe	029	Caribbean	Country	GLP	0	-61.64762115	16.14416917	KM2	Square kilometers			G	Global	[2017]: NA = A figure was not provided.	[2017]: Food and Agriculture Organisation of United Nations ( FAO)		E : Estimated data	0.7675030664063	False	0.7675030664063	0.7675030664063	False	0.7675030664063	2017
15	15.4	15.4.2	ER_MTN_TOTL	Mountain area (square kilometres)	2019.Q1.G.03	316	Guam	057	Micronesia	Country	GUM	0	144.7029305	13.35485404	KM2	Square kilometers			G	Global	[2017]: NA = A figure was not provided.	[2017]: Food and Agriculture Organisation of United Nations ( FAO)		E : Estimated data		True	NA		True	NA	2017
15	15.4	15.4.2	ER_MTN_TOTL	Mountain area (square kilometres)	2019.Q1.G.03	320	Guatemala	013	Central America	Country	GTM	1	-91.2312746	15.00273719	KM2	Square kilometers			G	Global	[2017]: NA = A figure was not provided.	[2017]: Food and Agriculture Organisation of United Nations ( FAO)		E : Estimated data	50.143533671875	False	50.1435336718750	50.143533671875	False	50.1435336718750	2017
15	15.4	15.4.2	ER_MTN_TOTL	Mountain area (square kilometres)	2019.Q1.G.03	324	Guinea	011	Western Africa	Country	GIN	1	-11.28173419	11.00210343	KM2	Square kilometers			G	Global	[2017]: NA = A figure was not provided.	[2017]: Food and Agriculture Organisation of United Nations ( FAO)		E : Estimated data	63.6634190039063	False	63.6634190039063	63.6634190039063	False	63.6634190039063	2017
15	15.4	15.4.2	ER_MTN_TOTL	Mountain area (square kilometres)	2019.Q1.G.03	328	Guyana	005	South America	Country	GUY	1	-58.97322037	4.788012784	KM2	Square kilometers			G	Global	[2017]: NA = A figure was not provided.	[2017]: Food and Agriculture Organisation of United Nations ( FAO)		E : Estimated data	26.8638760546875	False	26.8638760546875	26.8638760546875	False	26.8638760546875	2017
15	15.4	15.4.2	ER_MTN_TOTL	Mountain area (square kilometres)	2019.Q1.G.03	332	Haiti	029	Caribbean	Country	HTI	1	-72.33640958	18.40426539	KM2	Square kilometers			G	Global	[2017]: NA = A figure was not provided.	[2017]: Food and Agriculture Organisation of United Nations ( FAO)		E : Estimated data	12.3963966210938	False	12.3963966210938	12.3963966210938	False	12.3963966210938	2017
15	15.4	15.4.2	ER_MTN_TOTL	Mountain area (square kilometres)	2019.Q1.G.03	334	Heard Island and McDonald Islands	053	Australia and New Zealand	Country	HMD	0	73.52633626	-53.09106147	KM2	Square kilometers			G	Global	[2017]: NA = A figure was not provided.	[2017]: Food and Agriculture Organisation of United Nations ( FAO)		E : Estimated data		True	NA		True	NA	2017
15	15.4	15.4.2	ER_MTN_TOTL	Mountain area (square kilometres)	2019.Q1.G.03	336	Holy See	039	Southern Europe	Country	VAT	0	12.45315803	41.90343751	KM2	Square kilometers			G	Global	[2017]: NA = A figure was not provided.	[2017]: Food and Agriculture Organisation of United Nations ( FAO)		E : Estimated data		True	NA		True	NA	2017
15	15.4	15.4.2	ER_MTN_TOTL	Mountain area (square kilometres)	2019.Q1.G.03	340	Honduras	013	Central America	Country	HND	1	-86.59974381	14.82243161	KM2	Square kilometers			G	Global	[2017]: NA = A figure was not provided.	[2017]: Food and Agriculture Organisation of United Nations ( FAO)		E : Estimated data	78.0294784179688	False	78.0294784179688	78.0294784179688	False	78.0294784179688	2017
15	15.4	15.4.2	ER_MTN_TOTL	Mountain area (square kilometres)	2019.Q1.G.03	344	China, Hong Kong Special Administrative Region	030	Eastern Asia	Country	HKG	0	114.0266445	22.41749934	KM2	Square kilometers			G	Global	[2017]: NA = A figure was not provided.	[2017]: Food and Agriculture Organisation of United Nations ( FAO)		E : Estimated data	0.258430078125	False	0.2584300781250	0.258430078125	False	0.2584300781250	2017
15	15.4	15.4.2	ER_MTN_TOTL	Mountain area (square kilometres)	2019.Q1.G.03	348	Hungary	151	Eastern Europe	Country	HUN	1	19.41221519	47.1651448	KM2	Square kilometers			G	Global	[2017]: NA = A figure was not provided.	[2017]: Food and Agriculture Organisation of United Nations ( FAO)		E : Estimated data	4.077375625	False	4.0773756250000	4.077375625	False	4.0773756250000	2017
15	15.4	15.4.2	ER_MTN_TOTL	Mountain area (square kilometres)	2019.Q1.G.03	352	Iceland	154	Northern Europe	Country	ISL	1	-19.02116966	64.79134763	KM2	Square kilometers			G	Global	[2017]: NA = A figure was not provided.	[2017]: Food and Agriculture Organisation of United Nations ( FAO)		E : Estimated data	41.5382641796875	False	41.5382641796875	41.5382641796875	False	41.5382641796875	2017
15	15.4	15.4.2	ER_MTN_TOTL	Mountain area (square kilometres)	2019.Q1.G.03	356	India	034	Southern Asia	Country	IND	1	79.3608464	22.34642074	KM2	Square kilometers			G	Global	[2017]: NV = The figure has not been validated by the national statistical system for global reporting.	[2017]: Food and Agriculture Organisation of United Nations ( FAO)		E : Estimated data		True	NV		True	NV	2017
15	15.4	15.4.2	ER_MTN_TOTL	Mountain area (square kilometres)	2019.Q1.G.03	360	Indonesia	035	South-Eastern Asia	Country	IDN	1	113.9174	-0.994582204	KM2	Square kilometers			G	Global	[2017]: NA = A figure was not provided.	[2017]: Food and Agriculture Organisation of United Nations ( FAO)		E : Estimated data	590.6638702539062	False	590.6638702539062	590.6638702539062	False	590.6638702539062	2017
15	15.4	15.4.2	ER_MTN_TOTL	Mountain area (square kilometres)	2019.Q1.G.03	364	Iran (Islamic Republic of)	034	Southern Asia	Country	IRN	1	54.19766348	32.74370885	KM2	Square kilometers			G	Global	[2017]: NA = A figure was not provided.	[2017]: Food and Agriculture Organisation of United Nations ( FAO)		E : Estimated data	832.5539797460938	False	832.5539797460938	832.5539797460938	False	832.5539797460938	2017
15	15.4	15.4.2	ER_MTN_TOTL	Mountain area (square kilometres)	2019.Q1.G.03	368	Iraq	145	Western Asia	Country	IRQ	1	43.76606267	33.05013795	KM2	Square kilometers			G	Global	[2017]: NA = A figure was not provided.	[2017]: Food and Agriculture Organisation of United Nations ( FAO)		E : Estimated data	32.79947328125	False	32.7994732812500	32.79947328125	False	32.7994732812500	2017
15	15.4	15.4.2	ER_MTN_TOTL	Mountain area (square kilometres)	2019.Q1.G.03	372	Ireland	154	Northern Europe	Country	IRL	1	-7.121425272	53.25274054	KM2	Square kilometers			G	Global	[2017]: NA = A figure was not provided.	[2017]: Food and Agriculture Organisation of United Nations ( FAO)		E : Estimated data	2.548359765625	False	2.5483597656250	2.548359765625	False	2.5483597656250	2017
15	15.4	15.4.2	ER_MTN_TOTL	Mountain area (square kilometres)	2019.Q1.G.03	376	Israel	145	Western Asia	Country	ISR	1	34.62277992	31.06164552	KM2	Square kilometers			G	Global	[2017]: NV = The figure has not been validated by the national statistical system for global reporting.	[2017]: Food and Agriculture Organisation of United Nations ( FAO)		E : Estimated data		True	NV		True	NV	2017
15	15.4	15.4.2	ER_MTN_TOTL	Mountain area (square kilometres)	2019.Q1.G.03	380	Italy	039	Southern Europe	Country	ITA	1	12.57022427	42.79917282	KM2	Square kilometers			G	Global	[2017]: NA = A figure was not provided.	[2017]: Food and Agriculture Organisation of United Nations ( FAO)		E : Estimated data	148.7113584765625	False	148.7113584765625	148.7113584765625	False	148.7113584765625	2017
15	15.4	15.4.2	ER_MTN_TOTL	Mountain area (square kilometres)	2019.Q1.G.03	384	Côte d'Ivoire	011	Western Africa	Country	CIV	1	-5.552690016	7.62211586	KM2	Square kilometers			G	Global	[2017]: NA = A figure was not provided.	[2017]: Food and Agriculture Organisation of United Nations ( FAO)		E : Estimated data	11.7568230859375	False	11.7568230859375	11.7568230859375	False	11.7568230859375	2017
15	15.4	15.4.2	ER_MTN_TOTL	Mountain area (square kilometres)	2019.Q1.G.03	388	Jamaica	029	Caribbean	Country	JAM	1	-77.31068409	18.15616857	KM2	Square kilometers			G	Global	[2017]: NA = A figure was not provided.	[2017]: Food and Agriculture Organisation of United Nations ( FAO)		E : Estimated data	4.837713515625	False	4.8377135156250	4.837713515625	False	4.8377135156250	2017
15	15.4	15.4.2	ER_MTN_TOTL	Mountain area (square kilometres)	2019.Q1.G.03	392	Japan	030	Eastern Asia	Country	JPN	1	139.2716103	36.6554539	KM2	Square kilometers			G	Global	[2017]: NA = A figure was not provided.	[2017]: Food and Agriculture Organisation of United Nations ( FAO)		E : Estimated data	170.5638515625	False	170.5638515625000	170.5638515625	False	170.5638515625000	2017
15	15.4	15.4.2	ER_MTN_TOTL	Mountain area (square kilometres)	2019.Q1.G.03	398	Kazakhstan	143	Central Asia	Country	KAZ	1	66.65359159	48.01963494	KM2	Square kilometers			G	Global	[2017]: NA = A figure was not provided.	[2017]: Food and Agriculture Organisation of United Nations ( FAO)		E : Estimated data	35.6326097265625	False	35.6326097265625	35.6326097265625	False	35.6326097265625	2017
15	15.4	15.4.2	ER_MTN_TOTL	Mountain area (square kilometres)	2019.Q1.G.03	400	Jordan	145	Western Asia	Country	JOR	1	37.13024774	30.65365973	KM2	Square kilometers			G	Global	[2017]: NA = A figure was not provided.	[2017]: Food and Agriculture Organisation of United Nations ( FAO)		E : Estimated data	12.563885625	False	12.5638856250000	12.563885625	False	12.5638856250000	2017
15	15.4	15.4.2	ER_MTN_TOTL	Mountain area (square kilometres)	2019.Q1.G.03	404	Kenya	014	Eastern Africa	Country	KEN	1	37.86096816	0.534797278	KM2	Square kilometers			G	Global	[2017]: NA = A figure was not provided.	[2017]: Food and Agriculture Organisation of United Nations ( FAO)		E : Estimated data	132.3328763085938	False	132.3328763085938	132.3328763085938	False	132.3328763085938	2017
15	15.4	15.4.2	ER_MTN_TOTL	Mountain area (square kilometres)	2019.Q1.G.03	408	Democratic People's Republic of Korea	030	Eastern Asia	Country	PRK	1	127.1803633	40.1462645	KM2	Square kilometers			G	Global	[2017]: NA = A figure was not provided.	[2017]: Food and Agriculture Organisation of United Nations ( FAO)		E : Estimated data	72.360421875	False	72.3604218750000	72.360421875	False	72.3604218750000	2017
15	15.4	15.4.2	ER_MTN_TOTL	Mountain area (square kilometres)	2019.Q1.G.03	410	Republic of Korea	030	Eastern Asia	Country	KOR	1	127.8610254	36.45201023	KM2	Square kilometers			G	Global	[2017]: NA = A figure was not provided.	[2017]: Food and Agriculture Organisation of United Nations ( FAO)		E : Estimated data	34.62963046875	False	34.6296304687500	34.62963046875	False	34.6296304687500	2017
15	15.4	15.4.2	ER_MTN_TOTL	Mountain area (square kilometres)	2019.Q1.G.03	414	Kuwait	145	Western Asia	Country	KWT	1	47.49305029	29.53949468	KM2	Square kilometers			G	Global	[2017]: NA = A figure was not provided.	[2017]: Food and Agriculture Organisation of United Nations ( FAO)		E : Estimated data		True	NA		True	NA	2017
15	15.4	15.4.2	ER_MTN_TOTL	Mountain area (square kilometres)	2019.Q1.G.03	417	Kyrgyzstan	143	Central Asia	Country	KGZ	1	74.52324839	41.46204516	KM2	Square kilometers			G	Global	[2017]: NA = A figure was not provided.	[2017]: Food and Agriculture Organisation of United Nations ( FAO)		E : Estimated data	108.506844921875	False	108.5068449218750	108.506844921875	False	108.5068449218750	2017
15	15.4	15.4.2	ER_MTN_TOTL	Mountain area (square kilometres)	2019.Q1.G.03	418	Lao People's Democratic Republic	035	South-Eastern Asia	Country	LAO	1	101.9901968	20.27482773	KM2	Square kilometers			G	Global	[2017]: NA = A figure was not provided.	[2017]: Food and Agriculture Organisation of United Nations ( FAO)		E : Estimated data	171.08071171875	False	171.0807117187500	171.08071171875	False	171.0807117187500	2017
15	15.4	15.4.2	ER_MTN_TOTL	Mountain area (square kilometres)	2019.Q1.G.03	422	Lebanon	145	Western Asia	Country	LBN	1	35.89391711	33.92152458	KM2	Square kilometers			G	Global	[2017]: NA = A figure was not provided.	[2017]: Food and Agriculture Organisation of United Nations ( FAO)		E : Estimated data	7.6407884863281	False	7.6407884863281	7.6407884863281	False	7.6407884863281	2017
15	15.4	15.4.2	ER_MTN_TOTL	Mountain area (square kilometres)	2019.Q1.G.03	426	Lesotho	018	Southern Africa	Country	LSO	1	28.25362195	-29.58041814	KM2	Square kilometers			G	Global	[2017]: NA = A figure was not provided.	[2017]: Food and Agriculture Organisation of United Nations ( FAO)		E : Estimated data	28.1534451171875	False	28.1534451171875	28.1534451171875	False	28.1534451171875	2017
15	15.4	15.4.2	ER_MTN_TOTL	Mountain area (square kilometres)	2019.Q1.G.03	428	Latvia	154	Northern Europe	Country	LVA	1	26.42461876	56.64196636	KM2	Square kilometers			G	Global	[2017]: NA = A figure was not provided.	[2017]: Food and Agriculture Organisation of United Nations ( FAO)		E : Estimated data		True	NA		True	NA	2017
15	15.4	15.4.2	ER_MTN_TOTL	Mountain area (square kilometres)	2019.Q1.G.03	430	Liberia	011	Western Africa	Country	LBR	1	-9.311879038	6.448381009	KM2	Square kilometers			G	Global	[2017]: NA = A figure was not provided.	[2017]: Food and Agriculture Organisation of United Nations ( FAO)		E : Estimated data	4.6069273828125	False	4.6069273828125	4.6069273828125	False	4.6069273828125	2017
15	15.4	15.4.2	ER_MTN_TOTL	Mountain area (square kilometres)	2019.Q1.G.03	434	Libya	015	Northern Africa	Country	LBY	1	18.0295985	27.04042819	KM2	Square kilometers			G	Global	[2017]: NA = A figure was not provided.	[2017]: Food and Agriculture Organisation of United Nations ( FAO)		E : Estimated data	20.183945703125	False	20.1839457031250	20.183945703125	False	20.1839457031250	2017
15	15.4	15.4.2	ER_MTN_TOTL	Mountain area (square kilometres)	2019.Q1.G.03	438	Liechtenstein	155	Western Europe	Country	LIE	1	9.552985019	47.14167005	KM2	Square kilometers			G	Global	[2017]: NA = A figure was not provided.	[2017]: Food and Agriculture Organisation of United Nations ( FAO)		E : Estimated data		True	NA		True	NA	2017
15	15.4	15.4.2	ER_MTN_TOTL	Mountain area (square kilometres)	2019.Q1.G.03	440	Lithuania	154	Northern Europe	Country	LTU	1	23.90517807	55.33680309	KM2	Square kilometers			G	Global	[2017]: NA = A figure was not provided.	[2017]: Food and Agriculture Organisation of United Nations ( FAO)		E : Estimated data		True	NA		True	NA	2017
15	15.4	15.4.2	ER_MTN_TOTL	Mountain area (square kilometres)	2019.Q1.G.03	442	Luxembourg	155	Western Europe	Country	LUX	1	6.092656563	49.77679538	KM2	Square kilometers			G	Global	[2017]: NA = A figure was not provided.	[2017]: Food and Agriculture Organisation of United Nations ( FAO)		E : Estimated data	0.2548359765625	False	0.2548359765625	0.2548359765625	False	0.2548359765625	2017
15	15.4	15.4.2	ER_MTN_TOTL	Mountain area (square kilometres)	2019.Q1.G.03	446	China, Macao Special Administrative Region	030	Eastern Asia	Country	MAC	0	113.5665388	22.1237259	KM2	Square kilometers			G	Global	[2017]: NA = A figure was not provided.	[2017]: Food and Agriculture Organisation of United Nations ( FAO)		E : Estimated data		True	NA		True	NA	2017
15	15.4	15.4.2	ER_MTN_TOTL	Mountain area (square kilometres)	2019.Q1.G.03	450	Madagascar	014	Eastern Africa	Country	MDG	1	46.6982339	-19.38514785	KM2	Square kilometers			G	Global	[2017]: NA = A figure was not provided.	[2017]: Food and Agriculture Organisation of United Nations ( FAO)		E : Estimated data	218.5569482128906	False	218.5569482128906	218.5569482128906	False	218.5569482128906	2017
15	15.4	15.4.2	ER_MTN_TOTL	Mountain area (square kilometres)	2019.Q1.G.03	454	Malawi	014	Eastern Africa	Country	MWI	1	33.4884625	-13.40819859	KM2	Square kilometers			G	Global	[2017]: NA = A figure was not provided.	[2017]: Food and Agriculture Organisation of United Nations ( FAO)		E : Estimated data	38.90294234375	False	38.9029423437500	38.90294234375	False	38.9029423437500	2017
15	15.4	15.4.2	ER_MTN_TOTL	Mountain area (square kilometres)	2019.Q1.G.03	458	Malaysia	035	South-Eastern Asia	Country	MYS	1	116.8346314	5.452415309	KM2	Square kilometers			G	Global	[2017]: NA = A figure was not provided.	[2017]: Food and Agriculture Organisation of United Nations ( FAO)		E : Estimated data	108.282202734375	False	108.2822027343750	108.282202734375	False	108.2822027343750	2017
15	15.4	15.4.2	ER_MTN_TOTL	Mountain area (square kilometres)	2019.Q1.G.03	462	Maldives	034	Southern Asia	Country	MDV	1	73.09672546	-0.614385021	KM2	Square kilometers			G	Global	[2017]: NA = A figure was not provided.	[2017]: Food and Agriculture Organisation of United Nations ( FAO)		E : Estimated data		True	NA		True	NA	2017
15	15.4	15.4.2	ER_MTN_TOTL	Mountain area (square kilometres)	2019.Q1.G.03	466	Mali	011	Western Africa	Country	MLI	1	-3.522016039	17.35311254	KM2	Square kilometers			G	Global	[2017]: NA = A figure was not provided.	[2017]: Food and Agriculture Organisation of United Nations ( FAO)		E : Estimated data	7.0266351757813	False	7.0266351757813	7.0266351757813	False	7.0266351757813	2017
15	15.4	15.4.2	ER_MTN_TOTL	Mountain area (square kilometres)	2019.Q1.G.03	470	Malta	039	Southern Europe	Country	MLT	1	14.44617519	35.89194275	KM2	Square kilometers			G	Global	[2017]: NA = A figure was not provided.	[2017]: Food and Agriculture Organisation of United Nations ( FAO)		E : Estimated data		True	NA		True	NA	2017
15	15.4	15.4.2	ER_MTN_TOTL	Mountain area (square kilometres)	2019.Q1.G.03	474	Martinique	029	Caribbean	Country	MTQ	0	-60.91544135	14.56086108	KM2	Square kilometers			G	Global	[2017]: NA = A figure was not provided.	[2017]: Food and Agriculture Organisation of United Nations ( FAO)		E : Estimated data		True	NA		True	NA	2017
15	15.4	15.4.2	ER_MTN_TOTL	Mountain area (square kilometres)	2019.Q1.G.03	478	Mauritania	011	Western Africa	Country	MRT	1	-10.33187259	20.26089546	KM2	Square kilometers			G	Global	[2017]: NA = A figure was not provided.	[2017]: Food and Agriculture Organisation of United Nations ( FAO)		E : Estimated data	3.82727296875	False	3.8272729687500	3.82727296875	False	3.8272729687500	2017
15	15.4	15.4.2	ER_MTN_TOTL	Mountain area (square kilometres)	2019.Q1.G.03	480	Mauritius	014	Eastern Africa	Country	MUS	1	57.568022	-20.28581998	KM2	Square kilometers			G	Global	[2017]: NV = The figure has not been validated by the national statistical system for global reporting.	[2017]: Food and Agriculture Organisation of United Nations ( FAO)		E : Estimated data		True	NV		True	NV	2017
15	15.4	15.4.2	ER_MTN_TOTL	Mountain area (square kilometres)	2019.Q1.G.03	484	Mexico	013	Central America	Country	MEX	1	-102.5148166	23.93378032	KM2	Square kilometers			G	Global	[2017]: NV = The figure has not been validated by the national statistical system for global reporting.	[2017]: Food and Agriculture Organisation of United Nations ( FAO)		E : Estimated data		True	NV		True	NV	2017
15	15.4	15.4.2	ER_MTN_TOTL	Mountain area (square kilometres)	2019.Q1.G.03	492	Monaco	155	Western Europe	Country	MCO	1	7.424214814	43.73532918	KM2	Square kilometers			G	Global	[2017]: NA = A figure was not provided.	[2017]: Food and Agriculture Organisation of United Nations ( FAO)		E : Estimated data		True	NA		True	NA	2017
15	15.4	15.4.2	ER_MTN_TOTL	Mountain area (square kilometres)	2019.Q1.G.03	496	Mongolia	030	Eastern Asia	Country	MNG	1	103.0728057	46.83892054	KM2	Square kilometers			G	Global	[2017]: NA = A figure was not provided.	[2017]: Food and Agriculture Organisation of United Nations ( FAO)		E : Estimated data	534.55295109375	False	534.5529510937500	534.55295109375	False	534.5529510937500	2017
15	15.4	15.4.2	ER_MTN_TOTL	Mountain area (square kilometres)	2019.Q1.G.03	498	Republic of Moldova	151	Eastern Europe	Country	MDA	1	28.4650624	47.20236795	KM2	Square kilometers			G	Global	[2017]: NA = A figure was not provided.	[2017]: Food and Agriculture Organisation of United Nations ( FAO)		E : Estimated data		True	NA		True	NA	2017
15	15.4	15.4.2	ER_MTN_TOTL	Mountain area (square kilometres)	2019.Q1.G.03	499	Montenegro	039	Southern Europe	Country	MNE	1	19.25214024	42.78717043	KM2	Square kilometers			G	Global	[2017]: NA = A figure was not provided.	[2017]: Food and Agriculture Organisation of United Nations ( FAO)		E : Estimated data	12.741798828125	False	12.7417988281250	12.741798828125	False	12.7417988281250	2017
15	15.4	15.4.2	ER_MTN_TOTL	Mountain area (square kilometres)	2019.Q1.G.03	500	Montserrat	029	Caribbean	Country	MSR	0	-62.19261223	16.73558313	KM2	Square kilometers			G	Global	[2017]: NA = A figure was not provided.	[2017]: Food and Agriculture Organisation of United Nations ( FAO)		E : Estimated data		True	NA		True	NA	2017
15	15.4	15.4.2	ER_MTN_TOTL	Mountain area (square kilometres)	2019.Q1.G.03	504	Morocco	015	Northern Africa	Country	MAR	1	-6.281942841	31.8440131	KM2	Square kilometers			G	Global	[2017]: NA = A figure was not provided.	[2017]: Food and Agriculture Organisation of United Nations ( FAO)		E : Estimated data	179.8422348828125	False	179.8422348828125	179.8422348828125	False	179.8422348828125	2017
15	15.4	15.4.2	ER_MTN_TOTL	Mountain area (square kilometres)	2019.Q1.G.03	508	Mozambique	014	Eastern Africa	Country	MOZ	1	38.18479941	-14.27963886	KM2	Square kilometers			G	Global	[2017]: NA = A figure was not provided.	[2017]: Food and Agriculture Organisation of United Nations ( FAO)		E : Estimated data	115.7718341210938	False	115.7718341210938	115.7718341210938	False	115.7718341210938	2017
15	15.4	15.4.2	ER_MTN_TOTL	Mountain area (square kilometres)	2019.Q1.G.03	512	Oman	145	Western Asia	Country	OMN	1	57.87743482	21.98805614	KM2	Square kilometers			G	Global	[2017]: NA = A figure was not provided.	[2017]: Food and Agriculture Organisation of United Nations ( FAO)		E : Estimated data	35.5750400390625	False	35.5750400390625	35.5750400390625	False	35.5750400390625	2017
15	15.4	15.4.2	ER_MTN_TOTL	Mountain area (square kilometres)	2019.Q1.G.03	516	Namibia	018	Southern Africa	Country	NAM	1	17.21907885	-22.13817068	KM2	Square kilometers			G	Global	[2017]: NA = A figure was not provided.	[2017]: Food and Agriculture Organisation of United Nations ( FAO)		E : Estimated data	122.9862029394531	False	122.9862029394531	122.9862029394531	False	122.9862029394531	2017
15	15.4	15.4.2	ER_MTN_TOTL	Mountain area (square kilometres)	2019.Q1.G.03	520	Nauru	057	Micronesia	Country	NRU	1	166.92313	-0.528742623	KM2	Square kilometers			G	Global	[2017]: NA = A figure was not provided.	[2017]: Food and Agriculture Organisation of United Nations ( FAO)		E : Estimated data		True	NA		True	NA	2017
15	15.4	15.4.2	ER_MTN_TOTL	Mountain area (square kilometres)	2019.Q1.G.03	524	Nepal	034	Southern Asia	Country	NPL	1	83.94678863	28.25866332	KM2	Square kilometers			G	Global	[2017]: NA = A figure was not provided.	[2017]: Food and Agriculture Organisation of United Nations ( FAO)		E : Estimated data	121.82354671875	False	121.8235467187500	121.82354671875	False	121.8235467187500	2017
15	15.4	15.4.2	ER_MTN_TOTL	Mountain area (square kilometres)	2019.Q1.G.03	528	Netherlands	155	Western Europe	Country	NLD	1	5.331480568	51.86728884	KM2	Square kilometers			G	Global	[2017]: NA = A figure was not provided.	[2017]: Food and Agriculture Organisation of United Nations ( FAO)		E : Estimated data		True	NA		True	NA	2017
15	15.4	15.4.2	ER_MTN_TOTL	Mountain area (square kilometres)	2019.Q1.G.03	530	Netherlands Antilles	029	Caribbean	Country	ANT	0	-68.30676179	12.22720635																	
15	15.4	15.4.2	ER_MTN_TOTL	Mountain area (square kilometres)	2019.Q1.G.03	531	Curaçao	029	Caribbean	Country	CUW	0	-68.95033464	12.15058042	KM2	Square kilometers			G	Global	[2017]: NA = A figure was not provided.	[2017]: Food and Agriculture Organisation of United Nations ( FAO)		E : Estimated data		True	NA		True	NA	2017
15	15.4	15.4.2	ER_MTN_TOTL	Mountain area (square kilometres)	2019.Q1.G.03	533	Aruba	029	Caribbean	Country	ABW	0	-69.97050586	12.50878756	KM2	Square kilometers			G	Global	[2017]: NA = A figure was not provided.	[2017]: Food and Agriculture Organisation of United Nations ( FAO)		E : Estimated data		True	NA		True	NA	2017
15	15.4	15.4.2	ER_MTN_TOTL	Mountain area (square kilometres)	2019.Q1.G.03	534	Sint Maarten (Dutch part)	029	Caribbean	Country	SXM	0	-63.06198692	18.03926508	KM2	Square kilometers			G	Global	[2017]: NA = A figure was not provided.	[2017]: Food and Agriculture Organisation of United Nations ( FAO)		E : Estimated data		True	NA		True	NA	2017
15	15.4	15.4.2	ER_MTN_TOTL	Mountain area (square kilometres)	2019.Q1.G.03	540	New Caledonia	054	Melanesia	Country	NCL	0	165.5067368	-21.41742531	KM2	Square kilometers			G	Global	[2017]: NA = A figure was not provided.	[2017]: Food and Agriculture Organisation of United Nations ( FAO)		E : Estimated data	5.8589324023438	False	5.8589324023438	5.8589324023438	False	5.8589324023438	2017
15	15.4	15.4.2	ER_MTN_TOTL	Mountain area (square kilometres)	2019.Q1.G.03	548	Vanuatu	054	Melanesia	Country	VUT	1	167.0679779	-15.34445547	KM2	Square kilometers			G	Global	[2017]: NA = A figure was not provided.	[2017]: Food and Agriculture Organisation of United Nations ( FAO)		E : Estimated data	5.094723828125	False	5.0947238281250	5.094723828125	False	5.0947238281250	2017
15	15.4	15.4.2	ER_MTN_TOTL	Mountain area (square kilometres)	2019.Q1.G.03	554	New Zealand	053	Australia and New Zealand	Country	NZL	1	170.4755673	-43.98721568	KM2	Square kilometers			G	Global	[2017]: NA = A figure was not provided.	[2017]: Food and Agriculture Organisation of United Nations ( FAO)		E : Estimated data	143.4164757617187	False	143.4164757617187	143.4164757617187	False	143.4164757617187	2017
15	15.4	15.4.2	ER_MTN_TOTL	Mountain area (square kilometres)	2019.Q1.G.03	558	Nicaragua	013	Central America	Country	NIC	1	-85.03060315	12.84210839	KM2	Square kilometers			G	Global	[2017]: NA = A figure was not provided.	[2017]: Food and Agriculture Organisation of United Nations ( FAO)		E : Estimated data	29.676785234375	False	29.6767852343750	29.676785234375	False	29.6767852343750	2017
15	15.4	15.4.2	ER_MTN_TOTL	Mountain area (square kilometres)	2019.Q1.G.03	562	Niger	011	Western Africa	Country	NER	1	9.400167877	17.42143036	KM2	Square kilometers			G	Global	[2017]: NA = A figure was not provided.	[2017]: Food and Agriculture Organisation of United Nations ( FAO)		E : Estimated data	18.82187125	False	18.8218712500000	18.82187125	False	18.8218712500000	2017
15	15.4	15.4.2	ER_MTN_TOTL	Mountain area (square kilometres)	2019.Q1.G.03	566	Nigeria	011	Western Africa	Country	NGA	1	8.097363256	9.585789025	KM2	Square kilometers			G	Global	[2017]: NA = A figure was not provided.	[2017]: Food and Agriculture Organisation of United Nations ( FAO)		E : Estimated data	59.9060605859375	False	59.9060605859375	59.9060605859375	False	59.9060605859375	2017
15	15.4	15.4.2	ER_MTN_TOTL	Mountain area (square kilometres)	2019.Q1.G.03	570	Niue	061	Polynesia	Country	NIU	0	-169.8601693	-19.05000475	KM2	Square kilometers			G	Global	[2017]: NA = A figure was not provided.	[2017]: Food and Agriculture Organisation of United Nations ( FAO)		E : Estimated data		True	NA		True	NA	2017
15	15.4	15.4.2	ER_MTN_TOTL	Mountain area (square kilometres)	2019.Q1.G.03	574	Norfolk Island	053	Australia and New Zealand	Country	NFK	0	167.9515548	-29.03230018	KM2	Square kilometers			G	Global	[2017]: NA = A figure was not provided.	[2017]: Food and Agriculture Organisation of United Nations ( FAO)		E : Estimated data		True	NA		True	NA	2017
15	15.4	15.4.2	ER_MTN_TOTL	Mountain area (square kilometres)	2019.Q1.G.03	578	Norway	154	Northern Europe	Country	NOR	1	11.47846389	61.34311134	KM2	Square kilometers			G	Global	[2017]: NA = A figure was not provided.	[2017]: Food and Agriculture Organisation of United Nations ( FAO)		E : Estimated data	166.7373971875	False	166.7373971875000	166.7373971875	False	166.7373971875000	2017
15	15.4	15.4.2	ER_MTN_TOTL	Mountain area (square kilometres)	2019.Q1.G.03	580	Northern Mariana Islands	057	Micronesia	Country	MNP	0	145.7582114	15.19099517	KM2	Square kilometers			G	Global	[2017]: NA = A figure was not provided.	[2017]: Food and Agriculture Organisation of United Nations ( FAO)		E : Estimated data		True	NA		True	NA	2017
15	15.4	15.4.2	ER_MTN_TOTL	Mountain area (square kilometres)	2019.Q1.G.03	581	United States Minor Outlying Islands	057	Micronesia	Country	UMI	0	-162.4343752	5.874443968	KM2	Square kilometers			G	Global	[2017]: NA = A figure was not provided.	[2017]: Food and Agriculture Organisation of United Nations ( FAO)		E : Estimated data		True	NA		True	NA	2017
15	15.4	15.4.2	ER_MTN_TOTL	Mountain area (square kilometres)	2019.Q1.G.03	583	Micronesia (Federated States of)	057	Micronesia	Country	FSM	1	158.225216	6.880670092	KM2	Square kilometers			G	Global	[2017]: NA = A figure was not provided.	[2017]: Food and Agriculture Organisation of United Nations ( FAO)		E : Estimated data		True	NA		True	NA	2017
15	15.4	15.4.2	ER_MTN_TOTL	Mountain area (square kilometres)	2019.Q1.G.03	584	Marshall Islands	057	Micronesia	Country	MHL	1	171.0839119	7.110213497	KM2	Square kilometers			G	Global	[2017]: NA = A figure was not provided.	[2017]: Food and Agriculture Organisation of United Nations ( FAO)		E : Estimated data		True	NA		True	NA	2017
15	15.4	15.4.2	ER_MTN_TOTL	Mountain area (square kilometres)	2019.Q1.G.03	585	Palau	057	Micronesia	Country	PLW	1	134.5733878	7.502307591	KM2	Square kilometers			G	Global	[2017]: NA = A figure was not provided.	[2017]: Food and Agriculture Organisation of United Nations ( FAO)		E : Estimated data		True	NA		True	NA	2017
15	15.4	15.4.2	ER_MTN_TOTL	Mountain area (square kilometres)	2019.Q1.G.03	586	Pakistan	034	Southern Asia	Country	PAK	1	68.80479684	29.36491634	KM2	Square kilometers			G	Global	[2017]: NA = A figure was not provided.	[2017]: Food and Agriculture Organisation of United Nations ( FAO)		E : Estimated data	257.6715857226562	False	257.6715857226562	257.6715857226562	False	257.6715857226562	2017
15	15.4	15.4.2	ER_MTN_TOTL	Mountain area (square kilometres)	2019.Q1.G.03	591	Panama	013	Central America	Country	PAN	1	-81.26616623	8.450965746	KM2	Square kilometers			G	Global	[2017]: NA = A figure was not provided.	[2017]: Food and Agriculture Organisation of United Nations ( FAO)		E : Estimated data	25.3276011914063	False	25.3276011914063	25.3276011914063	False	25.3276011914063	2017
15	15.4	15.4.2	ER_MTN_TOTL	Mountain area (square kilometres)	2019.Q1.G.03	598	Papua New Guinea	054	Melanesia	Country	PNG	1	145.8587761	-6.756057077	KM2	Square kilometers			G	Global	[2017]: NA = A figure was not provided.	[2017]: Food and Agriculture Organisation of United Nations ( FAO)		E : Estimated data	199.8818414648438	False	199.8818414648438	199.8818414648438	False	199.8818414648438	2017
15	15.4	15.4.2	ER_MTN_TOTL	Mountain area (square kilometres)	2019.Q1.G.03	600	Paraguay	005	South America	Country	PRY	1	-60.54854225	-21.70216237	KM2	Square kilometers			G	Global	[2017]: NA = A figure was not provided.	[2017]: Food and Agriculture Organisation of United Nations ( FAO)		E : Estimated data	2.2249725	False	2.2249725000000	2.2249725	False	2.2249725000000	2017
15	15.4	15.4.2	ER_MTN_TOTL	Mountain area (square kilometres)	2019.Q1.G.03	604	Peru	005	South America	Country	PER	1	-71.82093277	-13.58939705	KM2	Square kilometers			G	Global	[2017]: NV = The figure has not been validated by the national statistical system for global reporting.	[2017]: Food and Agriculture Organisation of United Nations ( FAO)		E : Estimated data		True	NV		True	NV	2017
15	15.4	15.4.2	ER_MTN_TOTL	Mountain area (square kilometres)	2019.Q1.G.03	608	Philippines	035	South-Eastern Asia	Country	PHL	1	120.8601418	14.16591706	KM2	Square kilometers			G	Global	[2017]: NA = A figure was not provided.	[2017]: Food and Agriculture Organisation of United Nations ( FAO)		E : Estimated data	103.37203125	False	103.3720312500000	103.37203125	False	103.3720312500000	2017
15	15.4	15.4.2	ER_MTN_TOTL	Mountain area (square kilometres)	2019.Q1.G.03	612	Pitcairn	061	Polynesia	Country	PCN	0	-128.3225873	-24.37538456	KM2	Square kilometers			G	Global	[2017]: NA = A figure was not provided.	[2017]: Food and Agriculture Organisation of United Nations ( FAO)		E : Estimated data		True	NA		True	NA	2017
15	15.4	15.4.2	ER_MTN_TOTL	Mountain area (square kilometres)	2019.Q1.G.03	616	Poland	151	Eastern Europe	Country	POL	1	19.40660158	52.1226733	KM2	Square kilometers			G	Global	[2017]: NA = A figure was not provided.	[2017]: Food and Agriculture Organisation of United Nations ( FAO)		E : Estimated data	15.29015859375	False	15.2901585937500	15.29015859375	False	15.2901585937500	2017
15	15.4	15.4.2	ER_MTN_TOTL	Mountain area (square kilometres)	2019.Q1.G.03	620	Portugal	039	Southern Europe	Country	PRT	1	-7.961599811	39.68509315	KM2	Square kilometers			G	Global	[2017]: NV = The figure has not been validated by the national statistical system for global reporting.	[2017]: Food and Agriculture Organisation of United Nations ( FAO)		E : Estimated data		True	NV		True	NV	2017
15	15.4	15.4.2	ER_MTN_TOTL	Mountain area (square kilometres)	2019.Q1.G.03	624	Guinea-Bissau	011	Western Africa	Country	GNB	1	-14.40182514	12.11760394	KM2	Square kilometers			G	Global	[2017]: NA = A figure was not provided.	[2017]: Food and Agriculture Organisation of United Nations ( FAO)		E : Estimated data		True	NA		True	NA	2017
15	15.4	15.4.2	ER_MTN_TOTL	Mountain area (square kilometres)	2019.Q1.G.03	626	Timor-Leste	035	South-Eastern Asia	Country	TLS	1	125.9451052	-8.797497247	KM2	Square kilometers			G	Global	[2017]: NA = A figure was not provided.	[2017]: Food and Agriculture Organisation of United Nations ( FAO)		E : Estimated data	10.420116328125	False	10.4201163281250	10.420116328125	False	10.4201163281250	2017
15	15.4	15.4.2	ER_MTN_TOTL	Mountain area (square kilometres)	2019.Q1.G.03	630	Puerto Rico	029	Caribbean	Country	PRI	0	-66.47591017	18.22753799	KM2	Square kilometers			G	Global	[2017]: NA = A figure was not provided.	[2017]: Food and Agriculture Organisation of United Nations ( FAO)		E : Estimated data	3.070012265625	False	3.0700122656250	3.070012265625	False	3.0700122656250	2017
15	15.4	15.4.2	ER_MTN_TOTL	Mountain area (square kilometres)	2019.Q1.G.03	634	Qatar	145	Western Asia	Country	QAT	1	51.19152467	25.28355379	KM2	Square kilometers			G	Global	[2017]: NA = A figure was not provided.	[2017]: Food and Agriculture Organisation of United Nations ( FAO)		E : Estimated data		True	NA		True	NA	2017
15	15.4	15.4.2	ER_MTN_TOTL	Mountain area (square kilometres)	2019.Q1.G.03	638	Réunion	014	Eastern Africa	Country	REU	0	55.53171398	-21.13183266	KM2	Square kilometers			G	Global	[2017]: NA = A figure was not provided.	[2017]: Food and Agriculture Organisation of United Nations ( FAO)		E : Estimated data	2.3034636914063	False	2.3034636914063	2.3034636914063	False	2.3034636914063	2017
15	15.4	15.4.2	ER_MTN_TOTL	Mountain area (square kilometres)	2019.Q1.G.03	642	Romania	151	Eastern Europe	Country	ROU	1	24.98481009	45.83893563	KM2	Square kilometers			G	Global	[2017]: NA = A figure was not provided.	[2017]: Food and Agriculture Organisation of United Nations ( FAO)		E : Estimated data	80.4541976171875	False	80.4541976171875	80.4541976171875	False	80.4541976171875	2017
15	15.4	15.4.2	ER_MTN_TOTL	Mountain area (square kilometres)	2019.Q1.G.03	643	Russian Federation	151	Eastern Europe	Country	RUS	1	99.01404926	61.61899849	KM2	Square kilometers			G	Global	[2017]: NA = A figure was not provided.	[2017]: Food and Agriculture Organisation of United Nations ( FAO)		E : Estimated data	4473.547033632813	False	4473.5470336328130	4473.547033632813	False	4473.5470336328130	2017
15	15.4	15.4.2	ER_MTN_TOTL	Mountain area (square kilometres)	2019.Q1.G.03	646	Rwanda	014	Eastern Africa	Country	RWA	1	29.92310194	-1.999842114	KM2	Square kilometers			G	Global	[2017]: NA = A figure was not provided.	[2017]: Food and Agriculture Organisation of United Nations ( FAO)		E : Estimated data	17.6598883007813	False	17.6598883007813	17.6598883007813	False	17.6598883007813	2017
15	15.4	15.4.2	ER_MTN_TOTL	Mountain area (square kilometres)	2019.Q1.G.03	652	Saint Barthélemy	029	Caribbean	Country	BLM	0	-62.83173536	17.89513362	KM2	Square kilometers			G	Global	[2017]: NA = A figure was not provided.	[2017]: Food and Agriculture Organisation of United Nations ( FAO)		E : Estimated data		True	NA		True	NA	2017
15	15.4	15.4.2	ER_MTN_TOTL	Mountain area (square kilometres)	2019.Q1.G.03	654	Saint Helena	011	Western Africa	Country	SHN	0	-5.705752501	-15.96503946	KM2	Square kilometers			G	Global	[2017]: NA = A figure was not provided.	[2017]: Food and Agriculture Organisation of United Nations ( FAO)		E : Estimated data		True	NA		True	NA	2017
15	15.4	15.4.2	ER_MTN_TOTL	Mountain area (square kilometres)	2019.Q1.G.03	659	Saint Kitts and Nevis	029	Caribbean	Country	KNA	1	-62.76628613	17.33994219	KM2	Square kilometers			G	Global	[2017]: NA = A figure was not provided.	[2017]: Food and Agriculture Organisation of United Nations ( FAO)		E : Estimated data		True	NA		True	NA	2017
15	15.4	15.4.2	ER_MTN_TOTL	Mountain area (square kilometres)	2019.Q1.G.03	660	Anguilla	029	Caribbean	Country	AIA	0	-63.05651612	18.21525315	KM2	Square kilometers			G	Global	[2017]: NA = A figure was not provided.	[2017]: Food and Agriculture Organisation of United Nations ( FAO)		E : Estimated data		True	NA		True	NA	2017
15	15.4	15.4.2	ER_MTN_TOTL	Mountain area (square kilometres)	2019.Q1.G.03	662	Saint Lucia	029	Caribbean	Country	LCA	1	-60.96529553	13.89405601	KM2	Square kilometers			G	Global	[2017]: NA = A figure was not provided.	[2017]: Food and Agriculture Organisation of United Nations ( FAO)		E : Estimated data		True	NA		True	NA	2017
15	15.4	15.4.2	ER_MTN_TOTL	Mountain area (square kilometres)	2019.Q1.G.03	663	Saint Martin (French Part)	029	Caribbean	Country	MAF	0	-63.04505461	18.0882685	KM2	Square kilometers			G	Global	[2017]: NA = A figure was not provided.	[2017]: Food and Agriculture Organisation of United Nations ( FAO)		E : Estimated data		True	NA		True	NA	2017
15	15.4	15.4.2	ER_MTN_TOTL	Mountain area (square kilometres)	2019.Q1.G.03	666	Saint Pierre and Miquelon	021	Northern America	Country	SPM	0	-56.33682442	46.85812735	KM2	Square kilometers			G	Global	[2017]: NA = A figure was not provided.	[2017]: Food and Agriculture Organisation of United Nations ( FAO)		E : Estimated data		True	NA		True	NA	2017
15	15.4	15.4.2	ER_MTN_TOTL	Mountain area (square kilometres)	2019.Q1.G.03	670	Saint Vincent and the Grenadines	029	Caribbean	Country	VCT	1	-61.19024321	13.24627968	KM2	Square kilometers			G	Global	[2017]: NA = A figure was not provided.	[2017]: Food and Agriculture Organisation of United Nations ( FAO)		E : Estimated data		True	NA		True	NA	2017
15	15.4	15.4.2	ER_MTN_TOTL	Mountain area (square kilometres)	2019.Q1.G.03	674	San Marino	039	Southern Europe	Country	SMR	1	12.46329038	43.93841766	KM2	Square kilometers			G	Global	[2017]: NA = A figure was not provided.	[2017]: Food and Agriculture Organisation of United Nations ( FAO)		E : Estimated data		True	NA		True	NA	2017
15	15.4	15.4.2	ER_MTN_TOTL	Mountain area (square kilometres)	2019.Q1.G.03	678	Sao Tome and Principe	017	Middle Africa	Country	STP	1	6.609772265	0.241554875	KM2	Square kilometers			G	Global	[2017]: NA = A figure was not provided.	[2017]: Food and Agriculture Organisation of United Nations ( FAO)		E : Estimated data	0.3382652734375	False	0.3382652734375	0.3382652734375	False	0.3382652734375	2017
15	15.4	15.4.2	ER_MTN_TOTL	Mountain area (square kilometres)	2019.Q1.G.03	682	Saudi Arabia	145	Western Asia	Country	SAU	1	44.54763347	24.12594211	KM2	Square kilometers			G	Global	[2017]: NA = A figure was not provided.	[2017]: Food and Agriculture Organisation of United Nations ( FAO)		E : Estimated data	176.8777216796875	False	176.8777216796875	176.8777216796875	False	176.8777216796875	2017
15	15.4	15.4.2	ER_MTN_TOTL	Mountain area (square kilometres)	2019.Q1.G.03	686	Senegal	011	Western Africa	Country	SEN	1	-14.46636926	14.35920905	KM2	Square kilometers			G	Global	[2017]: NA = A figure was not provided.	[2017]: Food and Agriculture Organisation of United Nations ( FAO)		E : Estimated data	0.1688007421875	False	0.1688007421875	0.1688007421875	False	0.1688007421875	2017
15	15.4	15.4.2	ER_MTN_TOTL	Mountain area (square kilometres)	2019.Q1.G.03	688	Serbia	039	Southern Europe	Country	SRB	1	20.805876	44.03145697	KM2	Square kilometers			G	Global	[2017]: NA = A figure was not provided.	[2017]: Food and Agriculture Organisation of United Nations ( FAO)		E : Estimated data	44.0866239453125	False	44.0866239453125	44.0866239453125	False	44.0866239453125	2017
15	15.4	15.4.2	ER_MTN_TOTL	Mountain area (square kilometres)	2019.Q1.G.03	690	Seychelles	014	Eastern Africa	Country	SYC	1	55.46561591	-4.678053059	KM2	Square kilometers			G	Global	[2017]: NA = A figure was not provided.	[2017]: Food and Agriculture Organisation of United Nations ( FAO)		E : Estimated data		True	NA		True	NA	2017
15	15.4	15.4.2	ER_MTN_TOTL	Mountain area (square kilometres)	2019.Q1.G.03	694	Sierra Leone	011	Western Africa	Country	SLE	1	-11.78306584	8.568604164	KM2	Square kilometers			G	Global	[2017]: NA = A figure was not provided.	[2017]: Food and Agriculture Organisation of United Nations ( FAO)		E : Estimated data	8.190093125	False	8.1900931250000	8.190093125	False	8.1900931250000	2017
15	15.4	15.4.2	ER_MTN_TOTL	Mountain area (square kilometres)	2019.Q1.G.03	702	Singapore	035	South-Eastern Asia	Country	SGP	1	103.8107883	1.361009155	KM2	Square kilometers			G	Global	[2017]: NA = A figure was not provided.	[2017]: Food and Agriculture Organisation of United Nations ( FAO)		E : Estimated data		True	NA		True	NA	2017
15	15.4	15.4.2	ER_MTN_TOTL	Mountain area (square kilometres)	2019.Q1.G.03	703	Slovakia	151	Eastern Europe	Country	SVK	1	19.48495604	48.70741446	KM2	Square kilometers			G	Global	[2017]: NA = A figure was not provided.	[2017]: Food and Agriculture Organisation of United Nations ( FAO)		E : Estimated data	26.2481055859375	False	26.2481055859375	26.2481055859375	False	26.2481055859375	2017
15	15.4	15.4.2	ER_MTN_TOTL	Mountain area (square kilometres)	2019.Q1.G.03	704	Viet Nam	035	South-Eastern Asia	Country	VNM	1	105.802499	10.09643079	KM2	Square kilometers			G	Global	[2017]: NA = A figure was not provided.	[2017]: Food and Agriculture Organisation of United Nations ( FAO)		E : Estimated data	134.642070703125	False	134.6420707031250	134.642070703125	False	134.6420707031250	2017
15	15.4	15.4.2	ER_MTN_TOTL	Mountain area (square kilometres)	2019.Q1.G.03	705	Slovenia	039	Southern Europe	Country	SVN	1	14.82209486	46.11958061	KM2	Square kilometers			G	Global	[2017]: NV = The figure has not been validated by the national statistical system for global reporting.	[2017]: Food and Agriculture Organisation of United Nations ( FAO)		E : Estimated data		True	NV		True	NV	2017
15	15.4	15.4.2	ER_MTN_TOTL	Mountain area (square kilometres)	2019.Q1.G.03	706	Somalia	014	Eastern Africa	Country	SOM	1	46.20367477	4.406485729	KM2	Square kilometers			G	Global	[2017]: NA = A figure was not provided.	[2017]: Food and Agriculture Organisation of United Nations ( FAO)		E : Estimated data	46.590576875	False	46.5905768750000	46.590576875	False	46.5905768750000	2017
15	15.4	15.4.2	ER_MTN_TOTL	Mountain area (square kilometres)	2019.Q1.G.03	710	South Africa	018	Southern Africa	Country	ZAF	1	24.67184355	-29.99957544	KM2	Square kilometers			G	Global	[2017]: NA = A figure was not provided.	[2017]: Food and Agriculture Organisation of United Nations ( FAO)		E : Estimated data	360.2856264746093	False	360.2856264746093	360.2856264746093	False	360.2856264746093	2017
15	15.4	15.4.2	ER_MTN_TOTL	Mountain area (square kilometres)	2019.Q1.G.03	716	Zimbabwe	014	Eastern Africa	Country	ZWE	1	29.86909584	-19.00075492	KM2	Square kilometers			G	Global		[2017]: Food and Agriculture Organisation of United Nations ( FAO)		E : Estimated data	67.3258133691406	False	67.3258133691406	67.3258133691406	False	67.3258133691406	2017
15	15.4	15.4.2	ER_MTN_TOTL	Mountain area (square kilometres)	2019.Q1.G.03	724	Spain	039	Southern Europe	Country	ESP	1	-3.554078296	40.39211472	KM2	Square kilometers			G	Global	[2017]: NV = The figure has not been validated by the national statistical system for global reporting.	[2017]: Food and Agriculture Organisation of United Nations ( FAO)		E : Estimated data		True	NV		True	NV	2017
15	15.4	15.4.2	ER_MTN_TOTL	Mountain area (square kilometres)	2019.Q1.G.03	728	South Sudan	014	Eastern Africa	Country	SSD	1	30.32618773	7.290839152	KM2	Square kilometers			G	Global	[2017]: NA = A figure was not provided.	[2017]: Food and Agriculture Organisation of United Nations ( FAO)		E : Estimated data	25.4416648828125	False	25.4416648828125	25.4416648828125	False	25.4416648828125	2017
15	15.4	15.4.2	ER_MTN_TOTL	Mountain area (square kilometres)	2019.Q1.G.03	729	Sudan	015	Northern Africa	Country	SDN	0	29.95650159	16.02643066	KM2	Square kilometers			G	Global	[2017]: NA = A figure was not provided.	[2017]: Food and Agriculture Organisation of United Nations ( FAO)		E : Estimated data	81.0104900976563	False	81.0104900976563	81.0104900976563	False	81.0104900976563	2017
15	15.4	15.4.2	ER_MTN_TOTL	Mountain area (square kilometres)	2019.Q1.G.03	732	Western Sahara	015	Northern Africa	Country	ESH	0	-13.13515523	24.66265342	KM2	Square kilometers			G	Global		[2017]: Food and Agriculture Organisation of United Nations ( FAO)		E : Estimated data	0.50578828125	False	0.5057882812500	0.50578828125	False	0.5057882812500	2017
15	15.4	15.4.2	ER_MTN_TOTL	Mountain area (square kilometres)	2019.Q1.G.03	740	Suriname	005	South America	Country	SUR	1	-55.90626394	4.132603197	KM2	Square kilometers			G	Global	[2017]: NA = A figure was not provided.	[2017]: Food and Agriculture Organisation of United Nations ( FAO)		E : Estimated data	10.13731171875	False	10.1373117187500	10.13731171875	False	10.1373117187500	2017
15	15.4	15.4.2	ER_MTN_TOTL	Mountain area (square kilometres)	2019.Q1.G.03	744	Svalbard and Jan Mayen Islands	154	Northern Europe	Country	SJM	0	13.38071013	78.82894131	KM2	Square kilometers			G	Global	[2017]: NA = A figure was not provided.	[2017]: Food and Agriculture Organisation of United Nations ( FAO)		E : Estimated data	31.44673359375	False	31.4467335937500	31.44673359375	False	31.4467335937500	2017
15	15.4	15.4.2	ER_MTN_TOTL	Mountain area (square kilometres)	2019.Q1.G.03	748	Eswatini	018	Southern Africa	Country	SWZ	1	31.50149288	-26.56471011	KM2	Square kilometers			G	Global	[2017]: NA = A figure was not provided.	[2017]: Food and Agriculture Organisation of United Nations ( FAO)		E : Estimated data	10.9604192675781	False	10.9604192675781	10.9604192675781	False	10.9604192675781	2017
15	15.4	15.4.2	ER_MTN_TOTL	Mountain area (square kilometres)	2019.Q1.G.03	752	Sweden	154	Northern Europe	Country	SWE	1	14.3775338	60.60103109	KM2	Square kilometers			G	Global	[2017]: NV = The figure has not been validated by the national statistical system for global reporting.	[2017]: Food and Agriculture Organisation of United Nations ( FAO)		E : Estimated data		True	NV		True	NV	2017
15	15.4	15.4.2	ER_MTN_TOTL	Mountain area (square kilometres)	2019.Q1.G.03	756	Switzerland	155	Western Europe	Country	CHE	1	8.223158	46.96617097	KM2	Square kilometers			G	Global	[2017]: NA = A figure was not provided.	[2017]: Food and Agriculture Organisation of United Nations ( FAO)		E : Estimated data	35.67703671875	False	35.6770367187500	35.67703671875	False	35.6770367187500	2017
15	15.4	15.4.2	ER_MTN_TOTL	Mountain area (square kilometres)	2019.Q1.G.03	760	Syrian Arab Republic	145	Western Asia	Country	SYR	1	38.50466565	35.01676176	KM2	Square kilometers			G	Global	[2017]: NA = A figure was not provided.	[2017]: Food and Agriculture Organisation of United Nations ( FAO)		E : Estimated data	20.4188421875	False	20.4188421875000	20.4188421875	False	20.4188421875000	2017
15	15.4	15.4.2	ER_MTN_TOTL	Mountain area (square kilometres)	2019.Q1.G.03	762	Tajikistan	143	Central Asia	Country	TJK	1	69.294998	38.43069666	KM2	Square kilometers			G	Global	[2017]: NA = A figure was not provided.	[2017]: Food and Agriculture Organisation of United Nations ( FAO)		E : Estimated data	108.9095920703125	False	108.9095920703125	108.9095920703125	False	108.9095920703125	2017
15	15.4	15.4.2	ER_MTN_TOTL	Mountain area (square kilometres)	2019.Q1.G.03	764	Thailand	035	South-Eastern Asia	Country	THA	1	101.0202951	15.13089239	KM2	Square kilometers			G	Global	[2017]: NA = A figure was not provided.	[2017]: Food and Agriculture Organisation of United Nations ( FAO)		E : Estimated data	144.979273828125	False	144.9792738281250	144.979273828125	False	144.9792738281250	2017
15	15.4	15.4.2	ER_MTN_TOTL	Mountain area (square kilometres)	2019.Q1.G.03	768	Togo	011	Western Africa	Country	TGO	1	0.97835765	8.532096072	KM2	Square kilometers			G	Global	[2017]: NA = A figure was not provided.	[2017]: Food and Agriculture Organisation of United Nations ( FAO)		E : Estimated data	5.8866294335938	False	5.8866294335938	5.8866294335938	False	5.8866294335938	2017
15	15.4	15.4.2	ER_MTN_TOTL	Mountain area (square kilometres)	2019.Q1.G.03	772	Tokelau	061	Polynesia	Country	TKL	0	-171.8154473	-9.214545558	KM2	Square kilometers			G	Global	[2017]: NA = A figure was not provided.	[2017]: Food and Agriculture Organisation of United Nations ( FAO)		E : Estimated data		True	NA		True	NA	2017
15	15.4	15.4.2	ER_MTN_TOTL	Mountain area (square kilometres)	2019.Q1.G.03	776	Tonga	061	Polynesia	Country	TON	1	-175.1959991	-21.19511329	KM2	Square kilometers			G	Global	[2017]: NA = A figure was not provided.	[2017]: Food and Agriculture Organisation of United Nations ( FAO)		E : Estimated data		True	NA		True	NA	2017
15	15.4	15.4.2	ER_MTN_TOTL	Mountain area (square kilometres)	2019.Q1.G.03	780	Trinidad and Tobago	029	Caribbean	Country	TTO	1	-61.29389504	10.41877263	KM2	Square kilometers			G	Global	[2017]: NA = A figure was not provided.	[2017]: Food and Agriculture Organisation of United Nations ( FAO)		E : Estimated data	0.2588870898438	False	0.2588870898438	0.2588870898438	False	0.2588870898438	2017
15	15.4	15.4.2	ER_MTN_TOTL	Mountain area (square kilometres)	2019.Q1.G.03	784	United Arab Emirates	145	Western Asia	Country	ARE	1	53.98279159	23.43322219	KM2	Square kilometers			G	Global	[2017]: NA = A figure was not provided.	[2017]: Food and Agriculture Organisation of United Nations ( FAO)		E : Estimated data	2.787087890625	False	2.7870878906250	2.787087890625	False	2.7870878906250	2017
15	15.4	15.4.2	ER_MTN_TOTL	Mountain area (square kilometres)	2019.Q1.G.03	788	Tunisia	015	Northern Africa	Country	TUN	1	9.572737411	34.11439971	KM2	Square kilometers			G	Global	[2017]: NA = A figure was not provided.	[2017]: Food and Agriculture Organisation of United Nations ( FAO)		E : Estimated data	19.7496325585938	False	19.7496325585938	19.7496325585938	False	19.7496325585938	2017
15	15.4	15.4.2	ER_MTN_TOTL	Mountain area (square kilometres)	2019.Q1.G.03	792	Turkey	145	Western Asia	Country	TUR	1	35.42890329	38.9899684	KM2	Square kilometers			G	Global	[2017]: NA = A figure was not provided.	[2017]: Food and Agriculture Organisation of United Nations ( FAO)		E : Estimated data	534.6163979785157	False	534.6163979785157	534.6163979785157	False	534.6163979785157	2017
15	15.4	15.4.2	ER_MTN_TOTL	Mountain area (square kilometres)	2019.Q1.G.03	795	Turkmenistan	143	Central Asia	Country	TKM	1	58.9787665	40.0912346	KM2	Square kilometers			G	Global	[2017]: NA = A figure was not provided.	[2017]: Food and Agriculture Organisation of United Nations ( FAO)		E : Estimated data	13.597858828125	False	13.5978588281250	13.597858828125	False	13.5978588281250	2017
15	15.4	15.4.2	ER_MTN_TOTL	Mountain area (square kilometres)	2019.Q1.G.03	796	Turks and Caicos Islands	029	Caribbean	Country	TCA	0	-71.745121	21.80780585	KM2	Square kilometers			G	Global	[2017]: NA = A figure was not provided.	[2017]: Food and Agriculture Organisation of United Nations ( FAO)		E : Estimated data		True	NA		True	NA	2017
15	15.4	15.4.2	ER_MTN_TOTL	Mountain area (square kilometres)	2019.Q1.G.03	798	Tuvalu	061	Polynesia	Country	TUV	1	178.6679611	-7.460048071	KM2	Square kilometers			G	Global	[2017]: NA = A figure was not provided.	[2017]: Food and Agriculture Organisation of United Nations ( FAO)		E : Estimated data		True	NA		True	NA	2017
15	15.4	15.4.2	ER_MTN_TOTL	Mountain area (square kilometres)	2019.Q1.G.03	800	Uganda	014	Eastern Africa	Country	UGA	1	32.39100438	1.279557331	KM2	Square kilometers			G	Global	[2017]: NA = A figure was not provided.	[2017]: Food and Agriculture Organisation of United Nations ( FAO)		E : Estimated data	41.6652004492188	False	41.6652004492188	41.6652004492188	False	41.6652004492188	2017
15	15.4	15.4.2	ER_MTN_TOTL	Mountain area (square kilometres)	2019.Q1.G.03	804	Ukraine	151	Eastern Europe	Country	UKR	1	31.40270802	49.00735945	KM2	Square kilometers			G	Global	[2017]: NA = A figure was not provided.	[2017]: Food and Agriculture Organisation of United Nations ( FAO)		E : Estimated data	23.1136078515625	False	23.1136078515625	23.1136078515625	False	23.1136078515625	2017
15	15.4	15.4.2	ER_MTN_TOTL	Mountain area (square kilometres)	2019.Q1.G.03	807	North Macedonia	039	Southern Europe	Country	MKD	1	21.7007909	41.60048068	KM2	Square kilometers			G	Global	[2017]: NA = A figure was not provided.	[2017]: Food and Agriculture Organisation of United Nations ( FAO)		E : Estimated data	21.64191171875	False	21.6419117187500	21.64191171875	False	21.6419117187500	2017
15	15.4	15.4.2	ER_MTN_TOTL	Mountain area (square kilometres)	2019.Q1.G.03	818	Egypt	015	Northern Africa	Country	EGY	1	29.77468534	26.57438204	KM2	Square kilometers			G	Global	[2017]: NA = A figure was not provided.	[2017]: Food and Agriculture Organisation of United Nations ( FAO)		E : Estimated data	51.341213046875	False	51.3412130468750	51.341213046875	False	51.3412130468750	2017
15	15.4	15.4.2	ER_MTN_TOTL	Mountain area (square kilometres)	2019.Q1.G.03	826	United Kingdom of Great Britain and Northern Ireland	154	Northern Europe	Country	GBR	1	-2.23830539	53.27691757	KM2	Square kilometers			G	Global	[2017]: NA = A figure was not provided.	[2017]: Food and Agriculture Organisation of United Nations ( FAO)		E : Estimated data	36.9512166015625	False	36.9512166015625	36.9512166015625	False	36.9512166015625	2017
15	15.4	15.4.2	ER_MTN_TOTL	Mountain area (square kilometres)	2019.Q1.G.03	831	Guernsey	830	Channel Islands	Country	GGY	0	-2.200712402	49.71561166	KM2	Square kilometers			G	Global	[2017]: NA = A figure was not provided.	[2017]: Food and Agriculture Organisation of United Nations ( FAO)		E : Estimated data		True	NA		True	NA	2017
15	15.4	15.4.2	ER_MTN_TOTL	Mountain area (square kilometres)	2019.Q1.G.03	832	Jersey	830	Channel Islands	Country	JEY	0	-2.136773508	49.22353354	KM2	Square kilometers			G	Global	[2017]: NA = A figure was not provided.	[2017]: Food and Agriculture Organisation of United Nations ( FAO)		E : Estimated data		True	NA		True	NA	2017
15	15.4	15.4.2	ER_MTN_TOTL	Mountain area (square kilometres)	2019.Q1.G.03	833	Isle of Man	154	Northern Europe	Country	IMN	0	-4.538190305	54.22880901	KM2	Square kilometers			G	Global	[2017]: NA = A figure was not provided.	[2017]: Food and Agriculture Organisation of United Nations ( FAO)		E : Estimated data		True	NA		True	NA	2017
15	15.4	15.4.2	ER_MTN_TOTL	Mountain area (square kilometres)	2019.Q1.G.03	834	United Republic of Tanzania	014	Eastern Africa	Country	TZA	1	34.80521182	-6.265332606	KM2	Square kilometers			G	Global	[2017]: NA = A figure was not provided.	[2017]: Food and Agriculture Organisation of United Nations ( FAO)		E : Estimated data	232.1330589648437	False	232.1330589648437	232.1330589648437	False	232.1330589648437	2017
15	15.4	15.4.2	ER_MTN_TOTL	Mountain area (square kilometres)	2019.Q1.G.03	840	United States of America	021	Northern America	Country	USA	1	-99.13830311	39.5277871	KM2	Square kilometers			G	Global	[2017]: NA = A figure was not provided.	[2017]: Food and Agriculture Organisation of United Nations ( FAO)		E : Estimated data	2579.020695683594	False	2579.0206956835940	2579.020695683594	False	2579.0206956835940	2017
15	15.4	15.4.2	ER_MTN_TOTL	Mountain area (square kilometres)	2019.Q1.G.03	850	United States Virgin Islands	029	Caribbean	Country	VIR	0	-64.76960113	17.73297693	KM2	Square kilometers			G	Global	[2017]: NA = A figure was not provided.	[2017]: Food and Agriculture Organisation of United Nations ( FAO)		E : Estimated data		True	NA		True	NA	2017
15	15.4	15.4.2	ER_MTN_TOTL	Mountain area (square kilometres)	2019.Q1.G.03	854	Burkina Faso	011	Western Africa	Country	BFA	1	-1.742843829	12.27491081	KM2	Square kilometers			G	Global	[2017]: NA = A figure was not provided.	[2017]: Food and Agriculture Organisation of United Nations ( FAO)		E : Estimated data	0.337601484375	False	0.3376014843750	0.337601484375	False	0.3376014843750	2017
15	15.4	15.4.2	ER_MTN_TOTL	Mountain area (square kilometres)	2019.Q1.G.03	858	Uruguay	005	South America	Country	URY	1	-56.01387025	-32.8002838	KM2	Square kilometers			G	Global	[2017]: NA = A figure was not provided.	[2017]: Food and Agriculture Organisation of United Nations ( FAO)		E : Estimated data	0.2534327929688	False	0.2534327929688	0.2534327929688	False	0.2534327929688	2017
15	15.4	15.4.2	ER_MTN_TOTL	Mountain area (square kilometres)	2019.Q1.G.03	860	Uzbekistan	143	Central Asia	Country	UZB	1	63.11944558	41.77560518	KM2	Square kilometers			G	Global	[2017]: NA = A figure was not provided.	[2017]: Food and Agriculture Organisation of United Nations ( FAO)		E : Estimated data	13.8230335546875	False	13.8230335546875	13.8230335546875	False	13.8230335546875	2017
15	15.4	15.4.2	ER_MTN_TOTL	Mountain area (square kilometres)	2019.Q1.G.03	862	Venezuela (Bolivarian Republic of)	005	South America	Country	VEN	1	-66.15642084	7.121324748	KM2	Square kilometers			G	Global	[2017]: NA = A figure was not provided.	[2017]: Food and Agriculture Organisation of United Nations ( FAO)		E : Estimated data	240.1413643847656	False	240.1413643847656	240.1413643847656	False	240.1413643847656	2017
15	15.4	15.4.2	ER_MTN_TOTL	Mountain area (square kilometres)	2019.Q1.G.03	876	Wallis and Futuna Islands	061	Polynesia	Country	WLF	0	-176.2034788	-13.28471201	KM2	Square kilometers			G	Global	[2017]: NA = A figure was not provided.	[2017]: Food and Agriculture Organisation of United Nations ( FAO)		E : Estimated data		True	NA		True	NA	2017
15	15.4	15.4.2	ER_MTN_TOTL	Mountain area (square kilometres)	2019.Q1.G.03	882	Samoa	061	Polynesia	Country	WSM	1	-172.4430749	-13.61541469	KM2	Square kilometers			G	Global	[2017]: NA = A figure was not provided.	[2017]: Food and Agriculture Organisation of United Nations ( FAO)		E : Estimated data		True	NA		True	NA	2017
15	15.4	15.4.2	ER_MTN_TOTL	Mountain area (square kilometres)	2019.Q1.G.03	887	Yemen	145	Western Asia	Country	YEM	1	45.22389143	15.22242099	KM2	Square kilometers			G	Global		[2017]: Food and Agriculture Organisation of United Nations ( FAO)		E : Estimated data	157.97313515625	False	157.9731351562500	157.97313515625	False	157.9731351562500	2017
15	15.4	15.4.2	ER_MTN_TOTL	Mountain area (square kilometres)	2019.Q1.G.03	894	Zambia	014	Eastern Africa	Country	ZMB	1	27.850329	-14.59701056	KM2	Square kilometers			G	Global		[2017]: Food and Agriculture Organisation of United Nations ( FAO)		E : Estimated data	68.8501676464844	False	68.8501676464844	68.8501676464844	False	68.8501676464844	2017
