goal	target	indicator	seriesCode	seriesDesc	release	geoAreaCode	geoAreaName	parentCode	parentName	type	ISO3	UN_Member	X	Y	ageCode	ageDesc	sexCode	sexDesc	unitsCode	unitsDesc	unitmultiplierCode	unitmultiplierDesc	reportingTypeCode	reportingTypeDesc	valueDetails	footnotes	sources	timeDetails	nature	value_2000	value_2001	value_2002	value_2003	value_2004	value_2005	value_2006	value_2007	value_2008	value_2009	value_2010	value_2011	value_2012	value_2013	value_2014	value_2015	value_2016	value_2017	value_latest_year	latest_year
3	3.2	3.2.2	SH_DYN_NMRTN	Neonatal deaths (number)	2019.Q1.G.03	004	Afghanistan	034	Southern Asia	Country	AFG	1	66.02688198	33.83160199	M0	under 1 month old	_T	Both sexes	NUMBER	Number			G	Global			United Nations Inter-agency Group for Child Mortality Estimation (UN IGME), 2018.		E: Estimated data	60411.0	61031.0	61469.0	61620.0	61509.0	61059.0	60326.0	59329.0	58035.0	56524.0	54823.0	53137.0	51521.0	50022.0	48662.0	47429.0	46279.0	45219.0	45219.0	2017
3	3.2	3.2.2	SH_DYN_NMRTN	Neonatal deaths (number)	2019.Q1.G.03	008	Albania	039	Southern Europe	Country	ALB	1	20.06660928	41.13897007	M0	under 1 month old	_T	Both sexes	NUMBER	Number			G	Global			United Nations Inter-agency Group for Child Mortality Estimation (UN IGME), 2018.		E: Estimated data	563.0	514.0	466.0	420.0	378.0	341.0	309.0	281.0	258.0	239.0	224.0	212.0	204.0	200.0	201.0	205.0	208.0	208.0	208.0	2017
3	3.2	3.2.2	SH_DYN_NMRTN	Neonatal deaths (number)	2019.Q1.G.03	010	Antarctica	001	World	Country	ATA	0	21.47585697	-80.40897662	M0	under 1 month old	_T	Both sexes																															
3	3.2	3.2.2	SH_DYN_NMRTN	Neonatal deaths (number)	2019.Q1.G.03	012	Algeria	015	Northern Africa	Country	DZA	1	2.678164227	28.15940032	M0	under 1 month old	_T	Both sexes	NUMBER	Number			G	Global			United Nations Inter-agency Group for Child Mortality Estimation (UN IGME), 2018.		E: Estimated data	13036.0	12979.0	13032.0	13145.0	13296.0	13559.0	13903.0	14306.0	14687.0	14988.0	15192.0	15288.0	15301.0	15218.0	15016.0	14673.0	14219.0	13678.0	13678.0	2017
3	3.2	3.2.2	SH_DYN_NMRTN	Neonatal deaths (number)	2019.Q1.G.03	016	American Samoa	061	Polynesia	Country	ASM	0	-170.7187269	-14.30587306	M0	under 1 month old	_T	Both sexes																															
3	3.2	3.2.2	SH_DYN_NMRTN	Neonatal deaths (number)	2019.Q1.G.03	020	Andorra	039	Southern Europe	Country	AND	1	1.576257417	42.54548611	M0	under 1 month old	_T	Both sexes	NUMBER	Number			G	Global			United Nations Inter-agency Group for Child Mortality Estimation (UN IGME), 2018.		E: Estimated data	2.0	1.0	1.0	1.0	1.0	1.0	1.0	1.0	1.0	1.0	1.0	1.0	1.0	1.0	1.0	1.0	1.0	1.0	1.0	2017
3	3.2	3.2.2	SH_DYN_NMRTN	Neonatal deaths (number)	2019.Q1.G.03	024	Angola	017	Middle Africa	Country	AGO	1	17.57817062	-12.33724746	M0	under 1 month old	_T	Both sexes	NUMBER	Number			G	Global			United Nations Inter-agency Group for Child Mortality Estimation (UN IGME), 2018.		E: Estimated data	41171.0	41427.0	41553.0	41540.0	41461.0	41059.0	40701.0	40307.0	39804.0	39308.0	38757.0	38181.0	37551.0	36962.0	36476.0	36147.0	36029.0	35914.0	35914.0	2017
3	3.2	3.2.2	SH_DYN_NMRTN	Neonatal deaths (number)	2019.Q1.G.03	028	Antigua and Barbuda	029	Caribbean	Country	ATG	1	-61.7999755	17.07761471	M0	under 1 month old	_T	Both sexes	NUMBER	Number			G	Global			United Nations Inter-agency Group for Child Mortality Estimation (UN IGME), 2018.		E: Estimated data	15.0	14.0	14.0	13.0	13.0	12.0	11.0	11.0	10.0	9.0	9.0	8.0	8.0	7.0	7.0	7.0	7.0	6.0	6.0	2017
3	3.2	3.2.2	SH_DYN_NMRTN	Neonatal deaths (number)	2019.Q1.G.03	031	Azerbaijan	145	Western Asia	Country	AZE	1	50.01064725	40.39229544	M0	under 1 month old	_T	Both sexes	NUMBER	Number			G	Global			United Nations Inter-agency Group for Child Mortality Estimation (UN IGME), 2018.		E: Estimated data	4803.0	4512.0	4255.0	4030.0	3837.0	3685.0	3575.0	3510.0	3453.0	3401.0	3340.0	3198.0	3022.0	2824.0	2611.0	2395.0	2184.0	1983.0	1983.0	2017
3	3.2	3.2.2	SH_DYN_NMRTN	Neonatal deaths (number)	2019.Q1.G.03	032	Argentina	005	South America	Country	ARG	1	-65.14563274	-35.19446255	M0	under 1 month old	_T	Both sexes	NUMBER	Number			G	Global			United Nations Inter-agency Group for Child Mortality Estimation (UN IGME), 2018.		E: Estimated data	7595.0	7564.0	7499.0	7322.0	6989.0	6527.0	6122.0	5933.0	5902.0	5873.0	5768.0	5656.0	5593.0	5521.0	5342.0	5042.0	4711.0	4439.0	4439.0	2017
3	3.2	3.2.2	SH_DYN_NMRTN	Neonatal deaths (number)	2019.Q1.G.03	036	Australia	053	Australia and New Zealand	Country	AUS	1	134.3499412	-25.57717202	M0	under 1 month old	_T	Both sexes	NUMBER	Number			G	Global			United Nations Inter-agency Group for Child Mortality Estimation (UN IGME), 2018.		E: Estimated data	872.0	867.0	865.0	868.0	876.0	884.0	888.0	886.0	875.0	856.0	831.0	803.0	775.0	752.0	732.0	713.0	694.0	674.0	674.0	2017
3	3.2	3.2.2	SH_DYN_NMRTN	Neonatal deaths (number)	2019.Q1.G.03	040	Austria	155	Western Europe	Country	AUT	1	14.14172472	47.58704857	M0	under 1 month old	_T	Both sexes	NUMBER	Number			G	Global			United Nations Inter-agency Group for Child Mortality Estimation (UN IGME), 2018.		E: Estimated data	248.0	243.0	239.0	233.0	227.0	219.0	213.0	207.0	203.0	199.0	196.0	194.0	192.0	191.0	189.0	187.0	185.0	182.0	182.0	2017
3	3.2	3.2.2	SH_DYN_NMRTN	Neonatal deaths (number)	2019.Q1.G.03	044	Bahamas	029	Caribbean	Country	BHS	1	-78.05111663	24.69546597	M0	under 1 month old	_T	Both sexes	NUMBER	Number			G	Global			United Nations Inter-agency Group for Child Mortality Estimation (UN IGME), 2018.		E: Estimated data	44.0	43.0	43.0	44.0	44.0	45.0	45.0	44.0	42.0	40.0	37.0	34.0	31.0	29.0	26.0	25.0	23.0	22.0	22.0	2017
3	3.2	3.2.2	SH_DYN_NMRTN	Neonatal deaths (number)	2019.Q1.G.03	048	Bahrain	145	Western Asia	Country	BHR	1	50.5490754	26.04407747	M0	under 1 month old	_T	Both sexes	NUMBER	Number			G	Global			United Nations Inter-agency Group for Child Mortality Estimation (UN IGME), 2018.		E: Estimated data	70.0	66.0	64.0	63.0	62.0	61.0	61.0	60.0	60.0	61.0	62.0	63.0	65.0	67.0	68.0	69.0	69.0	68.0	68.0	2017
3	3.2	3.2.2	SH_DYN_NMRTN	Neonatal deaths (number)	2019.Q1.G.03	050	Bangladesh	034	Southern Asia	Country	BGD	1	89.17660788	22.86961622	M0	under 1 month old	_T	Both sexes	NUMBER	Number			G	Global			United Nations Inter-agency Group for Child Mortality Estimation (UN IGME), 2018.		E: Estimated data	154345.0	147504.0	140656.0	133963.0	127287.0	120571.0	113958.0	107454.0	100975.0	94676.0	88612.0	82947.0	77688.0	72959.0	68726.0	64518.0	60140.0	56341.0	56341.0	2017
3	3.2	3.2.2	SH_DYN_NMRTN	Neonatal deaths (number)	2019.Q1.G.03	051	Armenia	145	Western Asia	Country	ARM	1	44.93839317	40.29499741	M0	under 1 month old	_T	Both sexes	NUMBER	Number			G	Global			United Nations Inter-agency Group for Child Mortality Estimation (UN IGME), 2018.		E: Estimated data	622.0	590.0	568.0	550.0	534.0	519.0	501.0	482.0	461.0	440.0	416.0	391.0	366.0	341.0	318.0	296.0	274.0	255.0	255.0	2017
3	3.2	3.2.2	SH_DYN_NMRTN	Neonatal deaths (number)	2019.Q1.G.03	052	Barbados	029	Caribbean	Country	BRB	1	-59.5346489	13.13648273	M0	under 1 month old	_T	Both sexes	NUMBER	Number			G	Global			United Nations Inter-agency Group for Child Mortality Estimation (UN IGME), 2018.		E: Estimated data	34.0	34.0	34.0	35.0	35.0	35.0	35.0	35.0	35.0	34.0	33.0	32.0	32.0	31.0	30.0	29.0	28.0	27.0	27.0	2017
3	3.2	3.2.2	SH_DYN_NMRTN	Neonatal deaths (number)	2019.Q1.G.03	056	Belgium	155	Western Europe	Country	BEL	1	4.660976456	50.64104975	M0	under 1 month old	_T	Both sexes	NUMBER	Number			G	Global			United Nations Inter-agency Group for Child Mortality Estimation (UN IGME), 2018.		E: Estimated data	340.0	328.0	322.0	320.0	319.0	317.0	314.0	311.0	307.0	302.0	297.0	292.0	289.0	288.0	286.0	283.0	278.0	272.0	272.0	2017
3	3.2	3.2.2	SH_DYN_NMRTN	Neonatal deaths (number)	2019.Q1.G.03	060	Bermuda	021	Northern America	Country	BMU	0	-64.78155012	32.27881922	M0	under 1 month old	_T	Both sexes																															
3	3.2	3.2.2	SH_DYN_NMRTN	Neonatal deaths (number)	2019.Q1.G.03	064	Bhutan	034	Southern Asia	Country	BTN	1	90.45098484	27.39598568	M0	under 1 month old	_T	Both sexes	NUMBER	Number			G	Global			United Nations Inter-agency Group for Child Mortality Estimation (UN IGME), 2018.		E: Estimated data	516.0	493.0	472.0	453.0	436.0	419.0	402.0	386.0	369.0	353.0	336.0	321.0	307.0	293.0	278.0	266.0	255.0	244.0	244.0	2017
3	3.2	3.2.2	SH_DYN_NMRTN	Neonatal deaths (number)	2019.Q1.G.03	068	Bolivia (Plurinational State of)	005	South America	Country	BOL	1	-64.66224284	-16.71273412	M0	under 1 month old	_T	Both sexes	NUMBER	Number			G	Global			United Nations Inter-agency Group for Child Mortality Estimation (UN IGME), 2018.		E: Estimated data	7690.0	7472.0	7297.0	7162.0	7025.0	6873.0	6695.0	6489.0	6248.0	6005.0	5800.0	5608.0	5441.0	5290.0	5137.0	5028.0	4867.0	4697.0	4697.0	2017
3	3.2	3.2.2	SH_DYN_NMRTN	Neonatal deaths (number)	2019.Q1.G.03	070	Bosnia and Herzegovina	039	Southern Europe	Country	BIH	1	17.78584332	44.16845548	M0	under 1 month old	_T	Both sexes	NUMBER	Number			G	Global			United Nations Inter-agency Group for Child Mortality Estimation (UN IGME), 2018.		E: Estimated data	269.0	242.0	222.0	207.0	196.0	189.0	185.0	182.0	180.0	176.0	170.0	163.0	156.0	149.0	143.0	138.0	134.0	130.0	130.0	2017
3	3.2	3.2.2	SH_DYN_NMRTN	Neonatal deaths (number)	2019.Q1.G.03	072	Botswana	018	Southern Africa	Country	BWA	1	23.81380223	-22.18810073	M0	under 1 month old	_T	Both sexes	NUMBER	Number			G	Global			United Nations Inter-agency Group for Child Mortality Estimation (UN IGME), 2018.		E: Estimated data	1250.0	1277.0	1315.0	1358.0	1404.0	1449.0	1491.0	1523.0	1538.0	1548.0	1551.0	1543.0	1531.0	1507.0	1477.0	1439.0	1395.0	1346.0	1346.0	2017
3	3.2	3.2.2	SH_DYN_NMRTN	Neonatal deaths (number)	2019.Q1.G.03	074	Bouvet Island	005	South America	Country	BVT	0	3.410732868	-54.43295905	M0	under 1 month old	_T	Both sexes																															
3	3.2	3.2.2	SH_DYN_NMRTN	Neonatal deaths (number)	2019.Q1.G.03	076	Brazil	005	South America	Country	BRA	1	-53.08432878	-10.77668561	M0	under 1 month old	_T	Both sexes	NUMBER	Number			G	Global			United Nations Inter-agency Group for Child Mortality Estimation (UN IGME), 2018.		E: Estimated data	64863.0	60795.0	56831.0	53015.0	49378.0	46029.0	43022.0	40394.0	38156.0	36196.0	34326.0	32553.0	31058.0	29978.0	29058.0	27869.0	28361.0	24726.0	24726.0	2017
3	3.2	3.2.2	SH_DYN_NMRTN	Neonatal deaths (number)	2019.Q1.G.03	084	Belize	013	Central America	Country	BLZ	1	-88.70199554	17.19965901	M0	under 1 month old	_T	Both sexes	NUMBER	Number			G	Global			United Nations Inter-agency Group for Child Mortality Estimation (UN IGME), 2018.		E: Estimated data	87.0	85.0	82.0	78.0	73.0	68.0	64.0	62.0	64.0	68.0	73.0	77.0	80.0	80.0	80.0	78.0	76.0	74.0	74.0	2017
3	3.2	3.2.2	SH_DYN_NMRTN	Neonatal deaths (number)	2019.Q1.G.03	086	British Indian Ocean Territory	014	Eastern Africa	Country	IOT	0	72.38715553	-7.299281071	M0	under 1 month old	_T	Both sexes																															
3	3.2	3.2.2	SH_DYN_NMRTN	Neonatal deaths (number)	2019.Q1.G.03	090	Solomon Islands	054	Melanesia	Country	SLB	1	160.1584117	-9.622391719	M0	under 1 month old	_T	Both sexes	NUMBER	Number			G	Global			United Nations Inter-agency Group for Child Mortality Estimation (UN IGME), 2018.		E: Estimated data	186.0	188.0	190.0	192.0	194.0	195.0	195.0	193.0	191.0	187.0	182.0	176.0	171.0	165.0	160.0	155.0	150.0	146.0	146.0	2017
3	3.2	3.2.2	SH_DYN_NMRTN	Neonatal deaths (number)	2019.Q1.G.03	092	British Virgin Islands	029	Caribbean	Country	VGB	0	-64.63294223	18.42256578	M0	under 1 month old	_T	Both sexes																															
3	3.2	3.2.2	SH_DYN_NMRTN	Neonatal deaths (number)	2019.Q1.G.03	096	Brunei Darussalam	035	South-Eastern Asia	Country	BRN	1	114.6288563	4.49736984	M0	under 1 month old	_T	Both sexes	NUMBER	Number			G	Global			United Nations Inter-agency Group for Child Mortality Estimation (UN IGME), 2018.		E: Estimated data	36.0	35.0	34.0	33.0	33.0	32.0	31.0	31.0	31.0	31.0	31.0	31.0	31.0	31.0	31.0	32.0	32.0	31.0	31.0	2017
3	3.2	3.2.2	SH_DYN_NMRTN	Neonatal deaths (number)	2019.Q1.G.03	100	Bulgaria	151	Eastern Europe	Country	BGR	1	25.23763153	42.75731323	M0	under 1 month old	_T	Both sexes	NUMBER	Number			G	Global			United Nations Inter-agency Group for Child Mortality Estimation (UN IGME), 2018.		E: Estimated data	515.0	495.0	477.0	459.0	438.0	418.0	400.0	386.0	376.0	369.0	361.0	347.0	328.0	308.0	289.0	273.0	258.0	244.0	244.0	2017
3	3.2	3.2.2	SH_DYN_NMRTN	Neonatal deaths (number)	2019.Q1.G.03	104	Myanmar	035	South-Eastern Asia	Country	MMR	1	96.51752295	21.19332882	M0	under 1 month old	_T	Both sexes	NUMBER	Number			G	Global			United Nations Inter-agency Group for Child Mortality Estimation (UN IGME), 2018.		E: Estimated data	42859.0	41932.0	40825.0	39531.0	38040.0	36452.0	34782.0	33068.0	31828.0	29945.0	28594.0	27403.0	26375.0	25433.0	24581.0	23869.0	23210.0	22625.0	22625.0	2017
3	3.2	3.2.2	SH_DYN_NMRTN	Neonatal deaths (number)	2019.Q1.G.03	108	Burundi	014	Eastern Africa	Country	BDI	1	29.89080992	-3.366387428	M0	under 1 month old	_T	Both sexes	NUMBER	Number			G	Global			United Nations Inter-agency Group for Child Mortality Estimation (UN IGME), 2018.		E: Estimated data	10167.0	10160.0	10219.0	10329.0	10456.0	10579.0	10674.0	10733.0	10757.0	10737.0	10677.0	10592.0	10485.0	10391.0	10297.0	10237.0	10157.0	10061.0	10061.0	2017
3	3.2	3.2.2	SH_DYN_NMRTN	Neonatal deaths (number)	2019.Q1.G.03	112	Belarus	151	Eastern Europe	Country	BLR	1	28.04940161	53.54193075	M0	under 1 month old	_T	Both sexes	NUMBER	Number			G	Global			United Nations Inter-agency Group for Child Mortality Estimation (UN IGME), 2018.		E: Estimated data	536.0	484.0	442.0	405.0	368.0	331.0	293.0	257.0	229.0	210.0	201.0	199.0	203.0	205.0	200.0	191.0	181.0	173.0	173.0	2017
3	3.2	3.2.2	SH_DYN_NMRTN	Neonatal deaths (number)	2019.Q1.G.03	116	Cambodia	035	South-Eastern Asia	Country	KHM	1	104.922836	12.71163737	M0	under 1 month old	_T	Both sexes	NUMBER	Number			G	Global			United Nations Inter-agency Group for Child Mortality Estimation (UN IGME), 2018.		E: Estimated data	12031.0	11348.0	10705.0	10154.0	9734.0	9388.0	9108.0	8831.0	8519.0	8209.0	7849.0	7461.0	7114.0	6713.0	6331.0	6001.0	5714.0	5458.0	5458.0	2017
3	3.2	3.2.2	SH_DYN_NMRTN	Neonatal deaths (number)	2019.Q1.G.03	120	Cameroon	017	Middle Africa	Country	CMR	1	12.7419827	5.692387031	M0	under 1 month old	_T	Both sexes	NUMBER	Number			G	Global			United Nations Inter-agency Group for Child Mortality Estimation (UN IGME), 2018.		E: Estimated data	20782.0	20834.0	21033.0	21397.0	21863.0	22351.0	22727.0	23002.0	23123.0	23104.0	23053.0	22936.0	22805.0	22679.0	22494.0	22316.0	22179.0	21957.0	21957.0	2017
3	3.2	3.2.2	SH_DYN_NMRTN	Neonatal deaths (number)	2019.Q1.G.03	124	Canada	021	Northern America	Country	CAN	1	-101.6575058	57.72360191	M0	under 1 month old	_T	Both sexes	NUMBER	Number			G	Global			United Nations Inter-agency Group for Child Mortality Estimation (UN IGME), 2018.		E: Estimated data	1246.0	1255.0	1280.0	1313.0	1347.0	1375.0	1397.0	1409.0	1415.0	1416.0	1414.0	1411.0	1407.0	1402.0	1394.0	1382.0	1365.0	1342.0	1342.0	2017
3	3.2	3.2.2	SH_DYN_NMRTN	Neonatal deaths (number)	2019.Q1.G.03	132	Cabo Verde	011	Western Africa	Country	CPV	1	-23.63544151	15.07791834	M0	under 1 month old	_T	Both sexes	NUMBER	Number			G	Global			United Nations Inter-agency Group for Child Mortality Estimation (UN IGME), 2018.		E: Estimated data	218.0	200.0	186.0	178.0	174.0	173.0	175.0	176.0	177.0	175.0	172.0	166.0	159.0	151.0	142.0	133.0	124.0	117.0	117.0	2017
3	3.2	3.2.2	SH_DYN_NMRTN	Neonatal deaths (number)	2019.Q1.G.03	136	Cayman Islands	029	Caribbean	Country	CYM	0	-81.16740559	19.32266656	M0	under 1 month old	_T	Both sexes																															
3	3.2	3.2.2	SH_DYN_NMRTN	Neonatal deaths (number)	2019.Q1.G.03	140	Central African Republic	017	Middle Africa	Country	CAF	1	20.93559492	7.003720791	M0	under 1 month old	_T	Both sexes	NUMBER	Number			G	Global			United Nations Inter-agency Group for Child Mortality Estimation (UN IGME), 2018.		E: Estimated data	7406.0	7530.0	7633.0	7730.0	7803.0	7881.0	7928.0	7952.0	7928.0	7889.0	7821.0	7716.0	7573.0	7445.0	7303.0	7149.0	7023.0	6895.0	6895.0	2017
3	3.2	3.2.2	SH_DYN_NMRTN	Neonatal deaths (number)	2019.Q1.G.03	144	Sri Lanka	034	Southern Asia	Country	LKA	1	80.70489654	7.614693343	M0	under 1 month old	_T	Both sexes	NUMBER	Number			G	Global			United Nations Inter-agency Group for Child Mortality Estimation (UN IGME), 2018.		E: Estimated data	3326.0	2933.0	2557.0	2333.0	2396.0	2398.0	2519.0	2592.0	2559.0	2413.0	2262.0	2201.0	2201.0	2184.0	2118.0	2027.0	1928.0	1830.0	1830.0	2017
3	3.2	3.2.2	SH_DYN_NMRTN	Neonatal deaths (number)	2019.Q1.G.03	148	Chad	017	Middle Africa	Country	TCD	1	18.66618401	15.36279341	M0	under 1 month old	_T	Both sexes	NUMBER	Number			G	Global			United Nations Inter-agency Group for Child Mortality Estimation (UN IGME), 2018.		E: Estimated data	19027.0	19223.0	19397.0	19577.0	19784.0	20010.0	20242.0	20502.0	20793.0	21079.0	21351.0	21567.0	21742.0	21863.0	21965.0	22076.0	22167.0	22220.0	22220.0	2017
3	3.2	3.2.2	SH_DYN_NMRTN	Neonatal deaths (number)	2019.Q1.G.03	152	Chile	005	South America	Country	CHL	1	-71.23029019	-35.2652885	M0	under 1 month old	_T	Both sexes	NUMBER	Number			G	Global			United Nations Inter-agency Group for Child Mortality Estimation (UN IGME), 2018.		E: Estimated data	1422.0	1330.0	1269.0	1242.0	1244.0	1266.0	1296.0	1325.0	1344.0	1348.0	1335.0	1316.0	1300.0	1289.0	1276.0	1256.0	1229.0	1196.0	1196.0	2017
3	3.2	3.2.2	SH_DYN_NMRTN	Neonatal deaths (number)	2019.Q1.G.03	156	China	030	Eastern Asia	Country	CHN	1	104.1403375	32.30955217	M0	under 1 month old	_T	Both sexes	NUMBER	Number			G	Global			United Nations Inter-agency Group for Child Mortality Estimation (UN IGME), 2018.		E: Estimated data	347408.0	322017.0	297459.0	273356.0	249731.0	227404.0	206857.0	188489.0	172240.0	157663.0	144794.0	133110.0	122457.0	112237.0	102786.0	93745.0	85382.0	78087.0	78087.0	2017
3	3.2	3.2.2	SH_DYN_NMRTN	Neonatal deaths (number)	2019.Q1.G.03	162	Christmas Island	053	Australia and New Zealand	Country	CXR	0	105.6426067	-10.4882473	M0	under 1 month old	_T	Both sexes																															
3	3.2	3.2.2	SH_DYN_NMRTN	Neonatal deaths (number)	2019.Q1.G.03	166	Cocos (Keeling) Islands	053	Australia and New Zealand	Country	CCK	0	96.82633757	-12.18600682	M0	under 1 month old	_T	Both sexes																															
3	3.2	3.2.2	SH_DYN_NMRTN	Neonatal deaths (number)	2019.Q1.G.03	170	Colombia	005	South America	Country	COL	1	-73.07446751	3.888209046	M0	under 1 month old	_T	Both sexes	NUMBER	Number			G	Global			United Nations Inter-agency Group for Child Mortality Estimation (UN IGME), 2018.		E: Estimated data	11424.0	11068.0	10741.0	10407.0	10065.0	9723.0	9359.0	8991.0	8628.0	8273.0	7925.0	7586.0	7269.0	6963.0	6663.0	6386.0	6108.0	5850.0	5850.0	2017
3	3.2	3.2.2	SH_DYN_NMRTN	Neonatal deaths (number)	2019.Q1.G.03	174	Comoros	014	Eastern Africa	Country	COM	1	43.34234565	-11.66121732	M0	under 1 month old	_T	Both sexes	NUMBER	Number			G	Global			United Nations Inter-agency Group for Child Mortality Estimation (UN IGME), 2018.		E: Estimated data	831.0	844.0	857.0	872.0	882.0	891.0	896.0	900.0	904.0	899.0	896.0	895.0	887.0	879.0	872.0	859.0	845.0	834.0	834.0	2017
3	3.2	3.2.2	SH_DYN_NMRTN	Neonatal deaths (number)	2019.Q1.G.03	175	Mayotte	014	Eastern Africa	Country	MYT	0	45.14015057	-12.82217691	M0	under 1 month old	_T	Both sexes																															
3	3.2	3.2.2	SH_DYN_NMRTN	Neonatal deaths (number)	2019.Q1.G.03	178	Congo	011	Western Africa	Country	COG	1	15.22052612	-0.840544119	M0	under 1 month old	_T	Both sexes	NUMBER	Number			G	Global			United Nations Inter-agency Group for Child Mortality Estimation (UN IGME), 2018.		E: Estimated data	3992.0	4055.0	4079.0	4071.0	4048.0	4002.0	3946.0	3894.0	3840.0	3797.0	3765.0	3741.0	3713.0	3674.0	3627.0	3576.0	3522.0	3481.0	3481.0	2017
3	3.2	3.2.2	SH_DYN_NMRTN	Neonatal deaths (number)	2019.Q1.G.03	180	Democratic Republic of the Congo	017	Middle Africa	Country	COD	1	23.65496507	-2.877154732	M0	under 1 month old	_T	Both sexes	NUMBER	Number			G	Global			United Nations Inter-agency Group for Child Mortality Estimation (UN IGME), 2018.		E: Estimated data	84582.0	86095.0	87663.0	89170.0	90577.0	91473.0	92325.0	93142.0	93898.0	94551.0	95167.0	95837.0	96441.0	96836.0	97225.0	97832.0	97869.0	98060.0	98060.0	2017
3	3.2	3.2.2	SH_DYN_NMRTN	Neonatal deaths (number)	2019.Q1.G.03	184	Cook Islands	061	Polynesia	Country	COK	0	-159.7711391	-21.22696458	M0	under 1 month old	_T	Both sexes	NUMBER	Number			G	Global			United Nations Inter-agency Group for Child Mortality Estimation (UN IGME), 2018.		E: Estimated data	4.0	3.0	3.0	3.0	3.0	2.0	2.0	2.0	2.0	2.0	2.0	2.0	1.0	1.0	1.0	1.0	1.0	1.0	1.0	2017
3	3.2	3.2.2	SH_DYN_NMRTN	Neonatal deaths (number)	2019.Q1.G.03	188	Costa Rica	013	Central America	Country	CRI	1	-84.19712782	9.970998683	M0	under 1 month old	_T	Both sexes	NUMBER	Number			G	Global			United Nations Inter-agency Group for Child Mortality Estimation (UN IGME), 2018.		E: Estimated data	585.0	557.0	534.0	517.0	505.0	499.0	498.0	499.0	496.0	489.0	478.0	468.0	459.0	450.0	440.0	429.0	417.0	405.0	405.0	2017
3	3.2	3.2.2	SH_DYN_NMRTN	Neonatal deaths (number)	2019.Q1.G.03	191	Croatia	039	Southern Europe	Country	HRV	1	17.95874553	45.45172212	M0	under 1 month old	_T	Both sexes	NUMBER	Number			G	Global			United Nations Inter-agency Group for Child Mortality Estimation (UN IGME), 2018.		E: Estimated data	250.0	233.0	215.0	200.0	188.0	179.0	173.0	167.0	163.0	159.0	153.0	145.0	137.0	131.0	127.0	123.0	117.0	112.0	112.0	2017
3	3.2	3.2.2	SH_DYN_NMRTN	Neonatal deaths (number)	2019.Q1.G.03	192	Cuba	029	Caribbean	Country	CUB	1	-79.54460144	22.10030366	M0	under 1 month old	_T	Both sexes	NUMBER	Number			G	Global			United Nations Inter-agency Group for Child Mortality Estimation (UN IGME), 2018.		E: Estimated data	597.0	576.0	548.0	512.0	465.0	419.0	384.0	365.0	357.0	353.0	351.0	344.0	332.0	318.0	306.0	295.0	284.0	272.0	272.0	2017
3	3.2	3.2.2	SH_DYN_NMRTN	Neonatal deaths (number)	2019.Q1.G.03	196	Cyprus	145	Western Asia	Country	CYP	1	33.22285964	35.05659437	M0	under 1 month old	_T	Both sexes	NUMBER	Number			G	Global			United Nations Inter-agency Group for Child Mortality Estimation (UN IGME), 2018.		E: Estimated data	39.0	36.0	33.0	31.0	30.0	29.0	28.0	28.0	27.0	26.0	25.0	24.0	24.0	23.0	22.0	22.0	21.0	20.0	20.0	2017
3	3.2	3.2.2	SH_DYN_NMRTN	Neonatal deaths (number)	2019.Q1.G.03	203	Czechia	151	Eastern Europe	Country	CZE	1	15.33151382	49.73913871	M0	under 1 month old	_T	Both sexes	NUMBER	Number			G	Global			United Nations Inter-agency Group for Child Mortality Estimation (UN IGME), 2018.		E: Estimated data	238.0	228.0	224.0	225.0	227.0	228.0	225.0	217.0	207.0	198.0	190.0	182.0	176.0	172.0	172.0	175.0	180.0	186.0	186.0	2017
3	3.2	3.2.2	SH_DYN_NMRTN	Neonatal deaths (number)	2019.Q1.G.03	204	Benin	011	Western Africa	Country	BEN	1	2.339933594	9.65401646	M0	under 1 month old	_T	Both sexes	NUMBER	Number			G	Global			United Nations Inter-agency Group for Child Mortality Estimation (UN IGME), 2018.		E: Estimated data	11679.0	11688.0	11678.0	11674.0	11710.0	11780.0	11910.0	12081.0	12281.0	12500.0	12719.0	12915.0	13092.0	13223.0	13288.0	13355.0	13353.0	13391.0	13391.0	2017
3	3.2	3.2.2	SH_DYN_NMRTN	Neonatal deaths (number)	2019.Q1.G.03	208	Denmark	154	Northern Europe	Country	DNK	1	9.326571283	56.03829721	M0	under 1 month old	_T	Both sexes	NUMBER	Number			G	Global			United Nations Inter-agency Group for Child Mortality Estimation (UN IGME), 2018.		E: Estimated data	229.0	221.0	215.0	209.0	204.0	199.0	193.0	187.0	181.0	176.0	174.0	173.0	174.0	176.0	179.0	183.0	186.0	189.0	189.0	2017
3	3.2	3.2.2	SH_DYN_NMRTN	Neonatal deaths (number)	2019.Q1.G.03	212	Dominica	029	Caribbean	Country	DMA	1	-61.3493756	15.43391378	M0	under 1 month old	_T	Both sexes	NUMBER	Number			G	Global			United Nations Inter-agency Group for Child Mortality Estimation (UN IGME), 2018.		E: Estimated data	13.0	12.0	12.0	12.0	12.0	12.0	13.0	14.0	15.0	16.0	17.0	19.0	21.0	23.0	25.0	28.0	29.0	30.0	30.0	2017
3	3.2	3.2.2	SH_DYN_NMRTN	Neonatal deaths (number)	2019.Q1.G.03	214	Dominican Republic	029	Caribbean	Country	DOM	1	-70.49847576	18.89832088	M0	under 1 month old	_T	Both sexes	NUMBER	Number			G	Global			United Nations Inter-agency Group for Child Mortality Estimation (UN IGME), 2018.		E: Estimated data	5090.0	5086.0	5082.0	5091.0	5103.0	5108.0	5107.0	5104.0	5089.0	5063.0	5023.0	4977.0	4910.0	4820.0	4705.0	4576.0	4434.0	4286.0	4286.0	2017
3	3.2	3.2.2	SH_DYN_NMRTN	Neonatal deaths (number)	2019.Q1.G.03	218	Ecuador	005	South America	Country	ECU	1	-78.37005241	-1.447785891	M0	under 1 month old	_T	Both sexes	NUMBER	Number			G	Global			United Nations Inter-agency Group for Child Mortality Estimation (UN IGME), 2018.		E: Estimated data	4444.0	4194.0	3990.0	3816.0	3669.0	3545.0	3425.0	3311.0	3197.0	3088.0	2988.0	2897.0	2816.0	2743.0	2673.0	2604.0	2536.0	2464.0	2464.0	2017
3	3.2	3.2.2	SH_DYN_NMRTN	Neonatal deaths (number)	2019.Q1.G.03	222	El Salvador	013	Central America	Country	SLV	1	-88.86862995	13.73603564	M0	under 1 month old	_T	Both sexes	NUMBER	Number			G	Global			United Nations Inter-agency Group for Child Mortality Estimation (UN IGME), 2018.		E: Estimated data	2141.0	1970.0	1818.0	1685.0	1569.0	1468.0	1380.0	1305.0	1239.0	1181.0	1124.0	1072.0	1021.0	976.0	931.0	895.0	859.0	827.0	827.0	2017
3	3.2	3.2.2	SH_DYN_NMRTN	Neonatal deaths (number)	2019.Q1.G.03	226	Equatorial Guinea	017	Middle Africa	Country	GNQ	1	10.46535826	1.565792376	M0	under 1 month old	_T	Both sexes	NUMBER	Number			G	Global			United Nations Inter-agency Group for Child Mortality Estimation (UN IGME), 2018.		E: Estimated data	1126.0	1152.0	1176.0	1198.0	1213.0	1226.0	1236.0	1242.0	1248.0	1256.0	1262.0	1271.0	1281.0	1290.0	1298.0	1304.0	1308.0	1314.0	1314.0	2017
3	3.2	3.2.2	SH_DYN_NMRTN	Neonatal deaths (number)	2019.Q1.G.03	231	Ethiopia	014	Eastern Africa	Country	ETH	1	39.63505296	8.631223181	M0	under 1 month old	_T	Both sexes	NUMBER	Number			G	Global			United Nations Inter-agency Group for Child Mortality Estimation (UN IGME), 2018.		E: Estimated data	141752.0	140051.0	137850.0	135255.0	132122.0	128909.0	125638.0	122174.0	119044.0	116010.0	113052.0	110200.0	107463.0	104750.0	102094.0	99519.0	97138.0	94978.0	94978.0	2017
3	3.2	3.2.2	SH_DYN_NMRTN	Neonatal deaths (number)	2019.Q1.G.03	232	Eritrea	014	Eastern Africa	Country	ERI	1	38.11074289	16.12894644	M0	under 1 month old	_T	Both sexes	NUMBER	Number			G	Global			United Nations Inter-agency Group for Child Mortality Estimation (UN IGME), 2018.		E: Estimated data	3144.0	3178.0	3226.0	3280.0	3329.0	3359.0	3375.0	3372.0	3349.0	3310.0	3259.0	3210.0	3154.0	3095.0	3030.0	2966.0	2910.0	2862.0	2862.0	2017
3	3.2	3.2.2	SH_DYN_NMRTN	Neonatal deaths (number)	2019.Q1.G.03	233	Estonia	154	Northern Europe	Country	EST	1	25.84093481	58.68487172	M0	under 1 month old	_T	Both sexes	NUMBER	Number			G	Global			United Nations Inter-agency Group for Child Mortality Estimation (UN IGME), 2018.		E: Estimated data	68.0	63.0	59.0	55.0	52.0	49.0	45.0	42.0	38.0	35.0	31.0	28.0	26.0	24.0	22.0	20.0	19.0	17.0	17.0	2017
3	3.2	3.2.2	SH_DYN_NMRTN	Neonatal deaths (number)	2019.Q1.G.03	234	Faroe Islands	154	Northern Europe	Country	FRO	0	-7.122044325	62.21228119	M0	under 1 month old	_T	Both sexes																															
3	3.2	3.2.2	SH_DYN_NMRTN	Neonatal deaths (number)	2019.Q1.G.03	238	Falkland Islands (Malvinas)	005	South America	Country	FLK	0	-58.75246778	-51.74562601	M0	under 1 month old	_T	Both sexes																															
3	3.2	3.2.2	SH_DYN_NMRTN	Neonatal deaths (number)	2019.Q1.G.03	239	South Georgia and the South Sandwich Islands	005	South America	Country	SGS	0	-36.90662765	-54.20736749	M0	under 1 month old	_T	Both sexes																															
3	3.2	3.2.2	SH_DYN_NMRTN	Neonatal deaths (number)	2019.Q1.G.03	242	Fiji	054	Melanesia	Country	FJI	1	177.9660884	-17.83301566	M0	under 1 month old	_T	Both sexes	NUMBER	Number			G	Global			United Nations Inter-agency Group for Child Mortality Estimation (UN IGME), 2018.		E: Estimated data	180.0	181.0	185.0	193.0	201.0	207.0	209.0	204.0	196.0	188.0	182.0	178.0	176.0	175.0	176.0	178.0	181.0	183.0	183.0	2017
3	3.2	3.2.2	SH_DYN_NMRTN	Neonatal deaths (number)	2019.Q1.G.03	246	Finland	154	Northern Europe	Country	FIN	1	23.308447	61.91586738	M0	under 1 month old	_T	Both sexes	NUMBER	Number			G	Global			United Nations Inter-agency Group for Child Mortality Estimation (UN IGME), 2018.		E: Estimated data	157.0	157.0	155.0	154.0	157.0	160.0	162.0	161.0	156.0	147.0	135.0	121.0	107.0	99.0	99.0	104.0	108.0	110.0	110.0	2017
3	3.2	3.2.2	SH_DYN_NMRTN	Neonatal deaths (number)	2019.Q1.G.03	248	Åland Islands	154	Northern Europe	Country	ALA	0	19.80945969	60.1544901	M0	under 1 month old	_T	Both sexes																															
3	3.2	3.2.2	SH_DYN_NMRTN	Neonatal deaths (number)	2019.Q1.G.03	250	France	155	Western Europe	Country	FRA	1	2.457288129	46.62660861	M0	under 1 month old	_T	Both sexes	NUMBER	Number			G	Global			United Nations Inter-agency Group for Child Mortality Estimation (UN IGME), 2018.		E: Estimated data	2058.0	2069.0	2071.0	2023.0	1943.0	1882.0	1860.0	1848.0	1822.0	1786.0	1757.0	1751.0	1764.0	1793.0	1829.0	1856.0	1864.0	1858.0	1858.0	2017
3	3.2	3.2.2	SH_DYN_NMRTN	Neonatal deaths (number)	2019.Q1.G.03	254	French Guiana	005	South America	Country	GUF	0	-53.23619089	3.922673437	M0	under 1 month old	_T	Both sexes																															
3	3.2	3.2.2	SH_DYN_NMRTN	Neonatal deaths (number)	2019.Q1.G.03	258	French Polynesia	061	Polynesia	Country	PYF	0	-149.4052367	-17.67709294	M0	under 1 month old	_T	Both sexes																															
3	3.2	3.2.2	SH_DYN_NMRTN	Neonatal deaths (number)	2019.Q1.G.03	260	French Southern Territories	014	Eastern Africa	Country	ATF	0	69.64849091	-49.6068576	M0	under 1 month old	_T	Both sexes																															
3	3.2	3.2.2	SH_DYN_NMRTN	Neonatal deaths (number)	2019.Q1.G.03	262	Djibouti	014	Eastern Africa	Country	DJI	1	42.18274707	11.56004161	M0	under 1 month old	_T	Both sexes	NUMBER	Number			G	Global			United Nations Inter-agency Group for Child Mortality Estimation (UN IGME), 2018.		E: Estimated data	993.0	977.0	962.0	945.0	926.0	905.0	883.0	861.0	842.0	824.0	806.0	791.0	777.0	763.0	748.0	733.0	716.0	702.0	702.0	2017
3	3.2	3.2.2	SH_DYN_NMRTN	Neonatal deaths (number)	2019.Q1.G.03	266	Gabon	017	Middle Africa	Country	GAB	1	11.78727747	-0.60687619	M0	under 1 month old	_T	Both sexes	NUMBER	Number			G	Global			United Nations Inter-agency Group for Child Mortality Estimation (UN IGME), 2018.		E: Estimated data	1185.0	1193.0	1201.0	1211.0	1223.0	1238.0	1254.0	1272.0	1288.0	1302.0	1312.0	1319.0	1322.0	1319.0	1310.0	1295.0	1276.0	1252.0	1252.0	2017
3	3.2	3.2.2	SH_DYN_NMRTN	Neonatal deaths (number)	2019.Q1.G.03	268	Georgia	145	Western Asia	Country	GEO	1	43.3713615	42.04813028	M0	under 1 month old	_T	Both sexes	NUMBER	Number			G	Global			United Nations Inter-agency Group for Child Mortality Estimation (UN IGME), 2018.		E: Estimated data	1249.0	1165.0	1093.0	1031.0	974.0	925.0	879.0	837.0	795.0	752.0	708.0	660.0	607.0	549.0	491.0	435.0	386.0	346.0	346.0	2017
3	3.2	3.2.2	SH_DYN_NMRTN	Neonatal deaths (number)	2019.Q1.G.03	270	Gambia	011	Western Africa	Country	GMB	1	-15.39944785	13.45295927	M0	under 1 month old	_T	Both sexes	NUMBER	Number			G	Global			United Nations Inter-agency Group for Child Mortality Estimation (UN IGME), 2018.		E: Estimated data	2280.0	2289.0	2292.0	2299.0	2300.0	2302.0	2304.0	2302.0	2301.0	2307.0	2306.0	2304.0	2298.0	2291.0	2289.0	2283.0	2276.0	2259.0	2259.0	2017
3	3.2	3.2.2	SH_DYN_NMRTN	Neonatal deaths (number)	2019.Q1.G.03	275	State of Palestine	145	Western Asia	Country	PSE	0	35.25694122	31.94347933	M0	under 1 month old	_T	Both sexes	NUMBER	Number			G	Global			United Nations Inter-agency Group for Child Mortality Estimation (UN IGME), 2018.		E: Estimated data	1954.0	1925.0	1900.0	1875.0	1851.0	1824.0	1795.0	1772.0	1754.0	1742.0	1741.0	1744.0	1750.0	1758.0	1765.0	1769.0	1761.0	1746.0	1746.0	2017
3	3.2	3.2.2	SH_DYN_NMRTN	Neonatal deaths (number)	2019.Q1.G.03	276	Germany	155	Western Europe	Country	DEU	1	10.3806066	51.08862743	M0	under 1 month old	_T	Both sexes	NUMBER	Number			G	Global			United Nations Inter-agency Group for Child Mortality Estimation (UN IGME), 2018.		E: Estimated data	2075.0	2025.0	1966.0	1904.0	1854.0	1815.0	1773.0	1715.0	1651.0	1601.0	1575.0	1567.0	1568.0	1577.0	1590.0	1604.0	1613.0	1608.0	1608.0	2017
3	3.2	3.2.2	SH_DYN_NMRTN	Neonatal deaths (number)	2019.Q1.G.03	288	Ghana	011	Western Africa	Country	GHA	1	-1.205623522	7.964825185	M0	under 1 month old	_T	Both sexes	NUMBER	Number			G	Global			United Nations Inter-agency Group for Child Mortality Estimation (UN IGME), 2018.		E: Estimated data	24385.0	24291.0	24209.0	24230.0	24351.0	24587.0	24883.0	25146.0	25324.0	25356.0	25224.0	24940.0	24513.0	23951.0	23334.0	22650.0	21931.0	21313.0	21313.0	2017
3	3.2	3.2.2	SH_DYN_NMRTN	Neonatal deaths (number)	2019.Q1.G.03	292	Gibraltar	039	Southern Europe	Country	GIB	0	-5.347561686	36.13895036	M0	under 1 month old	_T	Both sexes																															
3	3.2	3.2.2	SH_DYN_NMRTN	Neonatal deaths (number)	2019.Q1.G.03	296	Kiribati	057	Micronesia	Country	KIR	1	-157.5643005	1.768837732	M0	under 1 month old	_T	Both sexes	NUMBER	Number			G	Global			United Nations Inter-agency Group for Child Mortality Estimation (UN IGME), 2018.		E: Estimated data	75.0	74.0	73.0	72.0	73.0	73.0	74.0	75.0	77.0	77.0	78.0	78.0	78.0	78.0	78.0	77.0	76.0	75.0	75.0	2017
3	3.2	3.2.2	SH_DYN_NMRTN	Neonatal deaths (number)	2019.Q1.G.03	300	Greece	039	Southern Europe	Country	GRC	1	22.58307827	39.47301873	M0	under 1 month old	_T	Both sexes	NUMBER	Number			G	Global			United Nations Inter-agency Group for Child Mortality Estimation (UN IGME), 2018.		E: Estimated data	434.0	399.0	366.0	335.0	311.0	293.0	278.0	263.0	249.0	241.0	237.0	238.0	241.0	246.0	252.0	259.0	264.0	267.0	267.0	2017
3	3.2	3.2.2	SH_DYN_NMRTN	Neonatal deaths (number)	2019.Q1.G.03	304	Greenland	021	Northern America	Country	GRL	0	-41.39371316	74.75625681	M0	under 1 month old	_T	Both sexes																															
3	3.2	3.2.2	SH_DYN_NMRTN	Neonatal deaths (number)	2019.Q1.G.03	308	Grenada	029	Caribbean	Country	GRD	1	-61.68248568	12.11238395	M0	under 1 month old	_T	Both sexes	NUMBER	Number			G	Global			United Nations Inter-agency Group for Child Mortality Estimation (UN IGME), 2018.		E: Estimated data	16.0	16.0	15.0	15.0	15.0	15.0	15.0	15.0	15.0	16.0	17.0	17.0	18.0	20.0	20.0	21.0	22.0	22.0	22.0	2017
3	3.2	3.2.2	SH_DYN_NMRTN	Neonatal deaths (number)	2019.Q1.G.03	312	Guadeloupe	029	Caribbean	Country	GLP	0	-61.64762115	16.14416917	M0	under 1 month old	_T	Both sexes																															
3	3.2	3.2.2	SH_DYN_NMRTN	Neonatal deaths (number)	2019.Q1.G.03	316	Guam	057	Micronesia	Country	GUM	0	144.7029305	13.35485404	M0	under 1 month old	_T	Both sexes																															
3	3.2	3.2.2	SH_DYN_NMRTN	Neonatal deaths (number)	2019.Q1.G.03	320	Guatemala	013	Central America	Country	GTM	1	-91.2312746	15.00273719	M0	under 1 month old	_T	Both sexes	NUMBER	Number			G	Global			United Nations Inter-agency Group for Child Mortality Estimation (UN IGME), 2018.		E: Estimated data	8762.0	8573.0	8363.0	8143.0	7906.0	7669.0	7446.0	7229.0	7042.0	6852.0	6633.0	6441.0	6254.0	6081.0	5906.0	5744.0	5590.0	5426.0	5426.0	2017
3	3.2	3.2.2	SH_DYN_NMRTN	Neonatal deaths (number)	2019.Q1.G.03	324	Guinea	011	Western Africa	Country	GIN	1	-11.28173419	11.00210343	M0	under 1 month old	_T	Both sexes	NUMBER	Number			G	Global			United Nations Inter-agency Group for Child Mortality Estimation (UN IGME), 2018.		E: Estimated data	17603.0	16915.0	16375.0	15947.0	15553.0	15109.0	14605.0	14047.0	13500.0	12981.0	12506.0	12093.0	11738.0	11428.0	11189.0	11048.0	10950.0	10897.0	10897.0	2017
3	3.2	3.2.2	SH_DYN_NMRTN	Neonatal deaths (number)	2019.Q1.G.03	328	Guyana	005	South America	Country	GUY	1	-58.97322037	4.788012784	M0	under 1 month old	_T	Both sexes	NUMBER	Number			G	Global			United Nations Inter-agency Group for Child Mortality Estimation (UN IGME), 2018.		E: Estimated data	523.0	500.0	478.0	457.0	436.0	418.0	402.0	388.0	376.0	366.0	359.0	352.0	345.0	338.0	330.0	321.0	310.0	299.0	299.0	2017
3	3.2	3.2.2	SH_DYN_NMRTN	Neonatal deaths (number)	2019.Q1.G.03	332	Haiti	029	Caribbean	Country	HTI	1	-72.33640958	18.40426539	M0	under 1 month old	_T	Both sexes	NUMBER	Number			G	Global			United Nations Inter-agency Group for Child Mortality Estimation (UN IGME), 2018.		E: Estimated data	8017.0	7924.0	7874.0	7867.0	7881.0	7893.0	7912.0	7914.0	7921.0	7912.0	8467.0	7847.0	7815.0	7769.0	7713.0	7629.0	7527.0	7391.0	7391.0	2017
3	3.2	3.2.2	SH_DYN_NMRTN	Neonatal deaths (number)	2019.Q1.G.03	334	Heard Island and McDonald Islands	053	Australia and New Zealand	Country	HMD	0	73.52633626	-53.09106147	M0	under 1 month old	_T	Both sexes																															
3	3.2	3.2.2	SH_DYN_NMRTN	Neonatal deaths (number)	2019.Q1.G.03	336	Holy See	039	Southern Europe	Country	VAT	0	12.45315803	41.90343751	M0	under 1 month old	_T	Both sexes																															
3	3.2	3.2.2	SH_DYN_NMRTN	Neonatal deaths (number)	2019.Q1.G.03	340	Honduras	013	Central America	Country	HND	1	-86.59974381	14.82243161	M0	under 1 month old	_T	Both sexes	NUMBER	Number			G	Global			United Nations Inter-agency Group for Child Mortality Estimation (UN IGME), 2018.		E: Estimated data	3801.0	3702.0	3597.0	3487.0	3378.0	3268.0	3155.0	3034.0	2905.0	2772.0	2635.0	2511.0	2399.0	2299.0	2209.0	2132.0	2062.0	1996.0	1996.0	2017
3	3.2	3.2.2	SH_DYN_NMRTN	Neonatal deaths (number)	2019.Q1.G.03	344	China, Hong Kong Special Administrative Region	030	Eastern Asia	Country	HKG	0	114.0266445	22.41749934	M0	under 1 month old	_T	Both sexes																															
3	3.2	3.2.2	SH_DYN_NMRTN	Neonatal deaths (number)	2019.Q1.G.03	348	Hungary	151	Eastern Europe	Country	HUN	1	19.41221519	47.1651448	M0	under 1 month old	_T	Both sexes	NUMBER	Number			G	Global			United Nations Inter-agency Group for Child Mortality Estimation (UN IGME), 2018.		E: Estimated data	552.0	518.0	485.0	452.0	420.0	394.0	375.0	360.0	344.0	327.0	312.0	299.0	286.0	272.0	257.0	241.0	226.0	211.0	211.0	2017
3	3.2	3.2.2	SH_DYN_NMRTN	Neonatal deaths (number)	2019.Q1.G.03	352	Iceland	154	Northern Europe	Country	ISL	1	-19.02116966	64.79134763	M0	under 1 month old	_T	Both sexes	NUMBER	Number			G	Global			United Nations Inter-agency Group for Child Mortality Estimation (UN IGME), 2018.		E: Estimated data	9.0	8.0	8.0	8.0	7.0	7.0	7.0	7.0	7.0	6.0	6.0	6.0	6.0	5.0	5.0	5.0	5.0	5.0	5.0	2017
3	3.2	3.2.2	SH_DYN_NMRTN	Neonatal deaths (number)	2019.Q1.G.03	356	India	034	Southern Asia	Country	IND	1	79.3608464	22.34642074	M0	under 1 month old	_T	Both sexes	NUMBER	Number			G	Global			United Nations Inter-agency Group for Child Mortality Estimation (UN IGME), 2018.		E: Estimated data	1256685.0	1217259.0	1176565.0	1134977.0	1094137.0	1053198.0	1012421.0	971223.0	929232.0	885954.0	842772.0	800558.0	760798.0	723874.0	690043.0	658644.0	630113.0	604726.0	604726.0	2017
3	3.2	3.2.2	SH_DYN_NMRTN	Neonatal deaths (number)	2019.Q1.G.03	360	Indonesia	035	South-Eastern Asia	Country	IDN	1	113.9174	-0.994582204	M0	under 1 month old	_T	Both sexes	NUMBER	Number			G	Global			United Nations Inter-agency Group for Child Mortality Estimation (UN IGME), 2018.		E: Estimated data	102700.0	101053.0	99562.0	98071.0	96935.0	94835.0	93133.0	91258.0	88592.0	85320.0	81990.0	78664.0	75470.0	72270.0	69257.0	66299.0	63647.0	60986.0	60986.0	2017
3	3.2	3.2.2	SH_DYN_NMRTN	Neonatal deaths (number)	2019.Q1.G.03	364	Iran (Islamic Republic of)	034	Southern Asia	Country	IRN	1	54.19766348	32.74370885	M0	under 1 month old	_T	Both sexes	NUMBER	Number			G	Global			United Nations Inter-agency Group for Child Mortality Estimation (UN IGME), 2018.		E: Estimated data	23487.0	22108.0	21052.0	20250.0	19607.0	19037.0	18526.0	18053.0	17595.0	17088.0	16543.0	15951.0	15321.0	14695.0	14013.0	13275.0	12489.0	11700.0	11700.0	2017
3	3.2	3.2.2	SH_DYN_NMRTN	Neonatal deaths (number)	2019.Q1.G.03	368	Iraq	145	Western Asia	Country	IRQ	1	43.76606267	33.05013795	M0	under 1 month old	_T	Both sexes	NUMBER	Number			G	Global			United Nations Inter-agency Group for Child Mortality Estimation (UN IGME), 2018.		E: Estimated data	20441.0	20638.0	20848.0	21051.0	21269.0	21482.0	21722.0	21954.0	22199.0	22426.0	22602.0	22636.0	22588.0	22454.0	22274.0	22029.0	21728.0	21376.0	21376.0	2017
3	3.2	3.2.2	SH_DYN_NMRTN	Neonatal deaths (number)	2019.Q1.G.03	372	Ireland	154	Northern Europe	Country	IRL	1	-7.121425272	53.25274054	M0	under 1 month old	_T	Both sexes	NUMBER	Number			G	Global			United Nations Inter-agency Group for Child Mortality Estimation (UN IGME), 2018.		E: Estimated data	233.0	232.0	228.0	221.0	212.0	200.0	190.0	182.0	178.0	177.0	177.0	177.0	175.0	171.0	164.0	158.0	151.0	143.0	143.0	2017
3	3.2	3.2.2	SH_DYN_NMRTN	Neonatal deaths (number)	2019.Q1.G.03	376	Israel	145	Western Asia	Country	ISR	1	34.62277992	31.06164552	M0	under 1 month old	_T	Both sexes	NUMBER	Number			G	Global			United Nations Inter-agency Group for Child Mortality Estimation (UN IGME), 2018.		E: Estimated data	457.0	451.0	441.0	426.0	405.0	383.0	367.0	364.0	370.0	378.0	381.0	379.0	373.0	366.0	358.0	349.0	340.0	329.0	329.0	2017
3	3.2	3.2.2	SH_DYN_NMRTN	Neonatal deaths (number)	2019.Q1.G.03	380	Italy	039	Southern Europe	Country	ITA	1	12.57022427	42.79917282	M0	under 1 month old	_T	Both sexes	NUMBER	Number			G	Global			United Nations Inter-agency Group for Child Mortality Estimation (UN IGME), 2018.		E: Estimated data	1846.0	1745.0	1671.0	1615.0	1563.0	1510.0	1459.0	1418.0	1382.0	1343.0	1297.0	1247.0	1196.0	1145.0	1094.0	1044.0	999.0	959.0	959.0	2017
3	3.2	3.2.2	SH_DYN_NMRTN	Neonatal deaths (number)	2019.Q1.G.03	384	Côte d'Ivoire	011	Western Africa	Country	CIV	1	-5.552690016	7.62211586	M0	under 1 month old	_T	Both sexes	NUMBER	Number			G	Global			United Nations Inter-agency Group for Child Mortality Estimation (UN IGME), 2018.		E: Estimated data	30742.0	30748.0	30649.0	30492.0	30339.0	30156.0	30006.0	29856.0	29740.0	29680.0	29610.0	29594.0	29584.0	29649.0	29656.0	29697.0	29731.0	29743.0	29743.0	2017
3	3.2	3.2.2	SH_DYN_NMRTN	Neonatal deaths (number)	2019.Q1.G.03	388	Jamaica	029	Caribbean	Country	JAM	1	-77.31068409	18.15616857	M0	under 1 month old	_T	Both sexes	NUMBER	Number			G	Global			United Nations Inter-agency Group for Child Mortality Estimation (UN IGME), 2018.		E: Estimated data	978.0	935.0	891.0	850.0	813.0	781.0	755.0	733.0	711.0	691.0	667.0	645.0	621.0	599.0	576.0	555.0	534.0	512.0	512.0	2017
3	3.2	3.2.2	SH_DYN_NMRTN	Neonatal deaths (number)	2019.Q1.G.03	392	Japan	030	Eastern Asia	Country	JPN	1	139.2716103	36.6554539	M0	under 1 month old	_T	Both sexes	NUMBER	Number			G	Global			United Nations Inter-agency Group for Child Mortality Estimation (UN IGME), 2018.		E: Estimated data	2055.0	1985.0	1909.0	1809.0	1697.0	1595.0	1510.0	1432.0	1353.0	1274.0	1202.0	1147.0	1089.0	1043.0	1001.0	965.0	920.0	882.0	882.0	2017
3	3.2	3.2.2	SH_DYN_NMRTN	Neonatal deaths (number)	2019.Q1.G.03	398	Kazakhstan	143	Central Asia	Country	KAZ	1	66.65359159	48.01963494	M0	under 1 month old	_T	Both sexes	NUMBER	Number			G	Global			United Nations Inter-agency Group for Child Mortality Estimation (UN IGME), 2018.		E: Estimated data	4997.0	4823.0	4751.0	4692.0	4618.0	4546.0	4446.0	4310.0	4207.0	4151.0	4050.0	3777.0	3314.0	2825.0	2429.0	2161.0	2027.0	1989.0	1989.0	2017
3	3.2	3.2.2	SH_DYN_NMRTN	Neonatal deaths (number)	2019.Q1.G.03	400	Jordan	145	Western Asia	Country	JOR	1	37.13024774	30.65365973	M0	under 1 month old	_T	Both sexes	NUMBER	Number			G	Global			United Nations Inter-agency Group for Child Mortality Estimation (UN IGME), 2018.		E: Estimated data	2653.0	2619.0	2585.0	2556.0	2533.0	2523.0	2531.0	2553.0	2582.0	2621.0	2655.0	2680.0	2695.0	2689.0	2672.0	2628.0	2573.0	2502.0	2502.0	2017
3	3.2	3.2.2	SH_DYN_NMRTN	Neonatal deaths (number)	2019.Q1.G.03	404	Kenya	014	Eastern Africa	Country	KEN	1	37.86096816	0.534797278	M0	under 1 month old	_T	Both sexes	NUMBER	Number			G	Global			United Nations Inter-agency Group for Child Mortality Estimation (UN IGME), 2018.		E: Estimated data	38542.0	38733.0	38675.0	38455.0	38091.0	37646.0	37105.0	36497.0	35905.0	35326.0	34739.0	34185.0	33755.0	33348.0	33019.0	32697.0	32357.0	32051.0	32051.0	2017
3	3.2	3.2.2	SH_DYN_NMRTN	Neonatal deaths (number)	2019.Q1.G.03	408	Democratic People's Republic of Korea	030	Eastern Asia	Country	PRK	1	127.1803633	40.1462645	M0	under 1 month old	_T	Both sexes	NUMBER	Number			G	Global			United Nations Inter-agency Group for Child Mortality Estimation (UN IGME), 2018.		E: Estimated data	11119.0	9941.0	8809.0	7851.0	7014.0	6496.0	6265.0	6137.0	5988.0	5770.0	5463.0	5103.0	4733.0	4399.0	4125.0	3894.0	3694.0	3525.0	3525.0	2017
3	3.2	3.2.2	SH_DYN_NMRTN	Neonatal deaths (number)	2019.Q1.G.03	410	Republic of Korea	030	Eastern Asia	Country	KOR	1	127.8610254	36.45201023	M0	under 1 month old	_T	Both sexes	NUMBER	Number			G	Global			United Nations Inter-agency Group for Child Mortality Estimation (UN IGME), 2018.		E: Estimated data	1950.0	1754.0	1578.0	1417.0	1271.0	1136.0	1015.0	918.0	853.0	812.0	788.0	776.0	768.0	758.0	745.0	729.0	713.0	695.0	695.0	2017
3	3.2	3.2.2	SH_DYN_NMRTN	Neonatal deaths (number)	2019.Q1.G.03	414	Kuwait	145	Western Asia	Country	KWT	1	47.49305029	29.53949468	M0	under 1 month old	_T	Both sexes	NUMBER	Number			G	Global			United Nations Inter-agency Group for Child Mortality Estimation (UN IGME), 2018.		E: Estimated data	290.0	284.0	280.0	280.0	283.0	290.0	299.0	310.0	319.0	324.0	326.0	324.0	320.0	315.0	308.0	299.0	290.0	280.0	280.0	2017
3	3.2	3.2.2	SH_DYN_NMRTN	Neonatal deaths (number)	2019.Q1.G.03	417	Kyrgyzstan	143	Central Asia	Country	KGZ	1	74.52324839	41.46204516	M0	under 1 month old	_T	Both sexes	NUMBER	Number			G	Global			United Nations Inter-agency Group for Child Mortality Estimation (UN IGME), 2018.		E: Estimated data	2279.0	2211.0	2166.0	2151.0	2162.0	2197.0	2253.0	2282.0	2288.0	2270.0	2231.0	2172.0	2099.0	2020.0	1928.0	1823.0	1705.0	1587.0	1587.0	2017
3	3.2	3.2.2	SH_DYN_NMRTN	Neonatal deaths (number)	2019.Q1.G.03	418	Lao People's Democratic Republic	035	South-Eastern Asia	Country	LAO	1	101.9901968	20.27482773	M0	under 1 month old	_T	Both sexes	NUMBER	Number			G	Global			United Nations Inter-agency Group for Child Mortality Estimation (UN IGME), 2018.		E: Estimated data	6800.0	6594.0	6427.0	6278.0	6154.0	6047.0	5948.0	5836.0	5719.0	5594.0	5461.0	5325.0	5192.0	5055.0	4921.0	4795.0	4665.0	4529.0	4529.0	2017
3	3.2	3.2.2	SH_DYN_NMRTN	Neonatal deaths (number)	2019.Q1.G.03	422	Lebanon	145	Western Asia	Country	LBN	1	35.89391711	33.92152458	M0	under 1 month old	_T	Both sexes	NUMBER	Number			G	Global			United Nations Inter-agency Group for Child Mortality Estimation (UN IGME), 2018.		E: Estimated data	733.0	673.0	612.0	552.0	496.0	447.0	410.0	385.0	373.0	371.0	377.0	386.0	398.0	408.0	415.0	418.0	414.0	409.0	409.0	2017
3	3.2	3.2.2	SH_DYN_NMRTN	Neonatal deaths (number)	2019.Q1.G.03	426	Lesotho	018	Southern Africa	Country	LSO	1	28.25362195	-29.58041814	M0	under 1 month old	_T	Both sexes	NUMBER	Number			G	Global			United Nations Inter-agency Group for Child Mortality Estimation (UN IGME), 2018.		E: Estimated data	2553.0	2550.0	2533.0	2509.0	2482.0	2458.0	2440.0	2428.0	2423.0	2423.0	2428.0	2432.0	2438.0	2436.0	2426.0	2403.0	2374.0	2331.0	2331.0	2017
3	3.2	3.2.2	SH_DYN_NMRTN	Neonatal deaths (number)	2019.Q1.G.03	428	Latvia	154	Northern Europe	Country	LVA	1	26.42461876	56.64196636	M0	under 1 month old	_T	Both sexes	NUMBER	Number			G	Global			United Nations Inter-agency Group for Child Mortality Estimation (UN IGME), 2018.		E: Estimated data	140.0	130.0	124.0	121.0	119.0	118.0	116.0	113.0	108.0	101.0	93.0	84.0	75.0	66.0	59.0	52.0	47.0	43.0	43.0	2017
3	3.2	3.2.2	SH_DYN_NMRTN	Neonatal deaths (number)	2019.Q1.G.03	430	Liberia	011	Western Africa	Country	LBR	1	-9.311879038	6.448381009	M0	under 1 month old	_T	Both sexes	NUMBER	Number			G	Global			United Nations Inter-agency Group for Child Mortality Estimation (UN IGME), 2018.		E: Estimated data	5272.0	5195.0	5099.0	5001.0	4888.0	4776.0	4659.0	4552.0	4446.0	4370.0	4296.0	4247.0	4203.0	4171.0	4146.0	4114.0	4080.0	4046.0	4046.0	2017
3	3.2	3.2.2	SH_DYN_NMRTN	Neonatal deaths (number)	2019.Q1.G.03	434	Libya	015	Northern Africa	Country	LBY	1	18.0295985	27.04042819	M0	under 1 month old	_T	Both sexes	NUMBER	Number			G	Global			United Nations Inter-agency Group for Child Mortality Estimation (UN IGME), 2018.		E: Estimated data	1734.0	1689.0	1651.0	1609.0	1558.0	1497.0	1427.0	1349.0	1274.0	1209.0	1152.0	1101.0	1045.0	995.0	945.0	895.0	847.0	803.0	803.0	2017
3	3.2	3.2.2	SH_DYN_NMRTN	Neonatal deaths (number)	2019.Q1.G.03	438	Liechtenstein	155	Western Europe	Country	LIE	1	9.552985019	47.14167005	M0	under 1 month old	_T	Both sexes																															
3	3.2	3.2.2	SH_DYN_NMRTN	Neonatal deaths (number)	2019.Q1.G.03	440	Lithuania	154	Northern Europe	Country	LTU	1	23.90517807	55.33680309	M0	under 1 month old	_T	Both sexes	NUMBER	Number			G	Global			United Nations Inter-agency Group for Child Mortality Estimation (UN IGME), 2018.		E: Estimated data	151.0	141.0	135.0	132.0	131.0	129.0	124.0	114.0	104.0	96.0	90.0	84.0	80.0	76.0	75.0	73.0	69.0	62.0	62.0	2017
3	3.2	3.2.2	SH_DYN_NMRTN	Neonatal deaths (number)	2019.Q1.G.03	442	Luxembourg	155	Western Europe	Country	LUX	1	6.092656563	49.77679538	M0	under 1 month old	_T	Both sexes	NUMBER	Number			G	Global			United Nations Inter-agency Group for Child Mortality Estimation (UN IGME), 2018.		E: Estimated data	13.0	13.0	12.0	11.0	11.0	11.0	10.0	10.0	10.0	10.0	10.0	11.0	11.0	11.0	11.0	11.0	11.0	11.0	11.0	2017
3	3.2	3.2.2	SH_DYN_NMRTN	Neonatal deaths (number)	2019.Q1.G.03	446	China, Macao Special Administrative Region	030	Eastern Asia	Country	MAC	0	113.5665388	22.1237259	M0	under 1 month old	_T	Both sexes																															
3	3.2	3.2.2	SH_DYN_NMRTN	Neonatal deaths (number)	2019.Q1.G.03	450	Madagascar	014	Eastern Africa	Country	MDG	1	46.6982339	-19.38514785	M0	under 1 month old	_T	Both sexes	NUMBER	Number			G	Global			United Nations Inter-agency Group for Child Mortality Estimation (UN IGME), 2018.		E: Estimated data	20338.0	19920.0	19518.0	19157.0	18800.0	18492.0	18209.0	17912.0	17577.0	17219.0	16832.0	16521.0	16242.0	16021.0	15865.0	15720.0	15594.0	15509.0	15509.0	2017
3	3.2	3.2.2	SH_DYN_NMRTN	Neonatal deaths (number)	2019.Q1.G.03	454	Malawi	014	Eastern Africa	Country	MWI	1	33.4884625	-13.40819859	M0	under 1 month old	_T	Both sexes	NUMBER	Number			G	Global			United Nations Inter-agency Group for Child Mortality Estimation (UN IGME), 2018.		E: Estimated data	19805.0	19145.0	18564.0	18062.0	17698.0	17511.0	17477.0	17541.0	17604.0	17570.0	17408.0	17101.0	16746.0	16367.0	16008.0	15754.0	15531.0	15386.0	15386.0	2017
3	3.2	3.2.2	SH_DYN_NMRTN	Neonatal deaths (number)	2019.Q1.G.03	458	Malaysia	035	South-Eastern Asia	Country	MYS	1	116.8346314	5.452415309	M0	under 1 month old	_T	Both sexes	NUMBER	Number			G	Global			United Nations Inter-agency Group for Child Mortality Estimation (UN IGME), 2018.		E: Estimated data	2690.0	2467.0	2289.0	2168.0	2096.0	2046.0	2010.0	1978.0	1951.0	1926.0	1905.0	1893.0	1898.0	1930.0	1990.0	2079.0	2190.0	2295.0	2295.0	2017
3	3.2	3.2.2	SH_DYN_NMRTN	Neonatal deaths (number)	2019.Q1.G.03	462	Maldives	034	Southern Asia	Country	MDV	1	73.09672546	-0.614385021	M0	under 1 month old	_T	Both sexes	NUMBER	Number			G	Global			United Nations Inter-agency Group for Child Mortality Estimation (UN IGME), 2018.		E: Estimated data	162.0	144.0	126.0	109.0	96.0	84.0	76.0	69.0	63.0	58.0	54.0	50.0	47.0	44.0	41.0	39.0	36.0	34.0	34.0	2017
3	3.2	3.2.2	SH_DYN_NMRTN	Neonatal deaths (number)	2019.Q1.G.03	466	Mali	011	Western Africa	Country	MLI	1	-3.522016039	17.35311254	M0	under 1 month old	_T	Both sexes	NUMBER	Number			G	Global			United Nations Inter-agency Group for Child Mortality Estimation (UN IGME), 2018.		E: Estimated data	30474.0	30096.0	29671.0	29303.0	29026.0	28867.0	28745.0	28667.0	28629.0	28546.0	28466.0	28344.0	28246.0	28091.0	27971.0	27829.0	27781.0	27677.0	27677.0	2017
3	3.2	3.2.2	SH_DYN_NMRTN	Neonatal deaths (number)	2019.Q1.G.03	470	Malta	039	Southern Europe	Country	MLT	1	14.44617519	35.89194275	M0	under 1 month old	_T	Both sexes	NUMBER	Number			G	Global			United Nations Inter-agency Group for Child Mortality Estimation (UN IGME), 2018.		E: Estimated data	23.0	22.0	20.0	19.0	18.0	18.0	18.0	18.0	18.0	18.0	18.0	18.0	18.0	18.0	19.0	19.0	19.0	19.0	19.0	2017
3	3.2	3.2.2	SH_DYN_NMRTN	Neonatal deaths (number)	2019.Q1.G.03	474	Martinique	029	Caribbean	Country	MTQ	0	-60.91544135	14.56086108	M0	under 1 month old	_T	Both sexes																															
3	3.2	3.2.2	SH_DYN_NMRTN	Neonatal deaths (number)	2019.Q1.G.03	478	Mauritania	011	Western Africa	Country	MRT	1	-10.33187259	20.26089546	M0	under 1 month old	_T	Both sexes	NUMBER	Number			G	Global			United Nations Inter-agency Group for Child Mortality Estimation (UN IGME), 2018.		E: Estimated data	4467.0	4537.0	4620.0	4707.0	4790.0	4861.0	4920.0	4975.0	5012.0	5051.0	5085.0	5105.0	5110.0	5121.0	5109.0	5077.0	5061.0	5032.0	5032.0	2017
3	3.2	3.2.2	SH_DYN_NMRTN	Neonatal deaths (number)	2019.Q1.G.03	480	Mauritius	014	Eastern Africa	Country	MUS	1	57.568022	-20.28581998	M0	under 1 month old	_T	Both sexes	NUMBER	Number			G	Global			United Nations Inter-agency Group for Child Mortality Estimation (UN IGME), 2018.		E: Estimated data	246.0	218.0	197.0	186.0	182.0	179.0	174.0	166.0	155.0	144.0	136.0	132.0	130.0	128.0	125.0	120.0	113.0	105.0	105.0	2017
3	3.2	3.2.2	SH_DYN_NMRTN	Neonatal deaths (number)	2019.Q1.G.03	484	Mexico	013	Central America	Country	MEX	1	-102.5148166	23.93378032	M0	under 1 month old	_T	Both sexes	NUMBER	Number			G	Global			United Nations Inter-agency Group for Child Mortality Estimation (UN IGME), 2018.		E: Estimated data	31952.0	29409.0	26957.0	24666.0	22613.0	20975.0	19929.0	19477.0	19322.0	19242.0	19103.0	18872.0	18543.0	18184.0	17872.0	17643.0	17521.0	17431.0	17431.0	2017
3	3.2	3.2.2	SH_DYN_NMRTN	Neonatal deaths (number)	2019.Q1.G.03	492	Monaco	155	Western Europe	Country	MCO	1	7.424214814	43.73532918	M0	under 1 month old	_T	Both sexes	NUMBER	Number			G	Global			United Nations Inter-agency Group for Child Mortality Estimation (UN IGME), 2018.		E: Estimated data	1.0	1.0	1.0	1.0	1.0	1.0	1.0	1.0	1.0	1.0	1.0	1.0	1.0	1.0	1.0	1.0	1.0	1.0	1.0	2017
3	3.2	3.2.2	SH_DYN_NMRTN	Neonatal deaths (number)	2019.Q1.G.03	496	Mongolia	030	Eastern Asia	Country	MNG	1	103.0728057	46.83892054	M0	under 1 month old	_T	Both sexes	NUMBER	Number			G	Global			United Nations Inter-agency Group for Child Mortality Estimation (UN IGME), 2018.		E: Estimated data	1144.0	1087.0	1048.0	1023.0	1009.0	1006.0	1012.0	1000.0	981.0	959.0	929.0	893.0	856.0	817.0	776.0	733.0	690.0	647.0	647.0	2017
3	3.2	3.2.2	SH_DYN_NMRTN	Neonatal deaths (number)	2019.Q1.G.03	498	Republic of Moldova	151	Eastern Europe	Country	MDA	1	28.4650624	47.20236795	M0	under 1 month old	_T	Both sexes	NUMBER	Number			G	Global			United Nations Inter-agency Group for Child Mortality Estimation (UN IGME), 2018.		E: Estimated data	993.0	866.0	758.0	674.0	620.0	588.0	575.0	573.0	577.0	579.0	578.0	573.0	561.0	546.0	529.0	511.0	491.0	473.0	473.0	2017
3	3.2	3.2.2	SH_DYN_NMRTN	Neonatal deaths (number)	2019.Q1.G.03	499	Montenegro	039	Southern Europe	Country	MNE	1	19.25214024	42.78717043	M0	under 1 month old	_T	Both sexes	NUMBER	Number			G	Global			United Nations Inter-agency Group for Child Mortality Estimation (UN IGME), 2018.		E: Estimated data	75.0	72.0	68.0	65.0	61.0	56.0	52.0	48.0	43.0	39.0	35.0	31.0	28.0	24.0	22.0	19.0	18.0	16.0	16.0	2017
3	3.2	3.2.2	SH_DYN_NMRTN	Neonatal deaths (number)	2019.Q1.G.03	500	Montserrat	029	Caribbean	Country	MSR	0	-62.19261223	16.73558313	M0	under 1 month old	_T	Both sexes																															
3	3.2	3.2.2	SH_DYN_NMRTN	Neonatal deaths (number)	2019.Q1.G.03	504	Morocco	015	Northern Africa	Country	MAR	1	-6.281942841	31.8440131	M0	under 1 month old	_T	Both sexes	NUMBER	Number			G	Global			United Nations Inter-agency Group for Child Mortality Estimation (UN IGME), 2018.		E: Estimated data	17556.0	17084.0	16679.0	16301.0	15962.0	15640.0	15346.0	15020.0	14619.0	14226.0	13814.0	13362.0	12869.0	12329.0	11750.0	11167.0	10580.0	10024.0	10024.0	2017
3	3.2	3.2.2	SH_DYN_NMRTN	Neonatal deaths (number)	2019.Q1.G.03	508	Mozambique	014	Eastern Africa	Country	MOZ	1	38.18479941	-14.27963886	M0	under 1 month old	_T	Both sexes	NUMBER	Number			G	Global			United Nations Inter-agency Group for Child Mortality Estimation (UN IGME), 2018.		E: Estimated data	35945.0	35236.0	34625.0	34087.0	33587.0	33215.0	32900.0	32635.0	32394.0	32179.0	31939.0	31730.0	31483.0	31278.0	31095.0	30994.0	30888.0	30780.0	30780.0	2017
3	3.2	3.2.2	SH_DYN_NMRTN	Neonatal deaths (number)	2019.Q1.G.03	512	Oman	145	Western Asia	Country	OMN	1	57.87743482	21.98805614	M0	under 1 month old	_T	Both sexes	NUMBER	Number			G	Global			United Nations Inter-agency Group for Child Mortality Estimation (UN IGME), 2018.		E: Estimated data	407.0	373.0	347.0	329.0	318.0	314.0	316.0	323.0	334.0	347.0	361.0	374.0	385.0	394.0	401.0	407.0	411.0	412.0	412.0	2017
3	3.2	3.2.2	SH_DYN_NMRTN	Neonatal deaths (number)	2019.Q1.G.03	516	Namibia	018	Southern Africa	Country	NAM	1	17.21907885	-22.13817068	M0	under 1 month old	_T	Both sexes	NUMBER	Number			G	Global			United Nations Inter-agency Group for Child Mortality Estimation (UN IGME), 2018.		E: Estimated data	1366.0	1343.0	1315.0	1288.0	1261.0	1238.0	1226.0	1222.0	1229.0	1242.0	1262.0	1279.0	1292.0	1300.0	1301.0	1295.0	1282.0	1268.0	1268.0	2017
3	3.2	3.2.2	SH_DYN_NMRTN	Neonatal deaths (number)	2019.Q1.G.03	520	Nauru	057	Micronesia	Country	NRU	1	166.92313	-0.528742623	M0	under 1 month old	_T	Both sexes	NUMBER	Number			G	Global			United Nations Inter-agency Group for Child Mortality Estimation (UN IGME), 2018.		E: Estimated data	5.0	4.0	4.0	4.0	4.0	4.0	4.0	4.0	4.0	4.0	4.0	4.0	4.0	4.0	4.0	3.0	3.0	3.0	3.0	2017
3	3.2	3.2.2	SH_DYN_NMRTN	Neonatal deaths (number)	2019.Q1.G.03	524	Nepal	034	Southern Asia	Country	NPL	1	83.94678863	28.25866332	M0	under 1 month old	_T	Both sexes	NUMBER	Number			G	Global			United Nations Inter-agency Group for Child Mortality Estimation (UN IGME), 2018.		E: Estimated data	30886.0	29432.0	27947.0	26466.0	25021.0	23605.0	22226.0	20874.0	19553.0	18277.0	17105.0	16027.0	15065.0	14240.0	13553.0	12936.0	12345.0	11842.0	11842.0	2017
3	3.2	3.2.2	SH_DYN_NMRTN	Neonatal deaths (number)	2019.Q1.G.03	528	Netherlands	155	Western Europe	Country	NLD	1	5.331480568	51.86728884	M0	under 1 month old	_T	Both sexes	NUMBER	Number			G	Global			United Nations Inter-agency Group for Child Mortality Estimation (UN IGME), 2018.		E: Estimated data	757.0	751.0	737.0	717.0	695.0	669.0	634.0	594.0	555.0	524.0	503.0	491.0	485.0	480.0	471.0	456.0	434.0	407.0	407.0	2017
3	3.2	3.2.2	SH_DYN_NMRTN	Neonatal deaths (number)	2019.Q1.G.03	530	Netherlands Antilles	029	Caribbean	Country	ANT	0	-68.30676179	12.22720635	M0	under 1 month old	_T	Both sexes																															
3	3.2	3.2.2	SH_DYN_NMRTN	Neonatal deaths (number)	2019.Q1.G.03	531	Curaçao	029	Caribbean	Country	CUW	0	-68.95033464	12.15058042	M0	under 1 month old	_T	Both sexes																															
3	3.2	3.2.2	SH_DYN_NMRTN	Neonatal deaths (number)	2019.Q1.G.03	533	Aruba	029	Caribbean	Country	ABW	0	-69.97050586	12.50878756	M0	under 1 month old	_T	Both sexes																															
3	3.2	3.2.2	SH_DYN_NMRTN	Neonatal deaths (number)	2019.Q1.G.03	534	Sint Maarten (Dutch part)	029	Caribbean	Country	SXM	0	-63.06198692	18.03926508	M0	under 1 month old	_T	Both sexes																															
3	3.2	3.2.2	SH_DYN_NMRTN	Neonatal deaths (number)	2019.Q1.G.03	540	New Caledonia	054	Melanesia	Country	NCL	0	165.5067368	-21.41742531	M0	under 1 month old	_T	Both sexes																															
3	3.2	3.2.2	SH_DYN_NMRTN	Neonatal deaths (number)	2019.Q1.G.03	548	Vanuatu	054	Melanesia	Country	VUT	1	167.0679779	-15.34445547	M0	under 1 month old	_T	Both sexes	NUMBER	Number			G	Global			United Nations Inter-agency Group for Child Mortality Estimation (UN IGME), 2018.		E: Estimated data	75.0	74.0	74.0	74.0	75.0	75.0	76.0	78.0	79.0	80.0	82.0	84.0	85.0	85.0	85.0	84.0	83.0	82.0	82.0	2017
3	3.2	3.2.2	SH_DYN_NMRTN	Neonatal deaths (number)	2019.Q1.G.03	554	New Zealand	053	Australia and New Zealand	Country	NZL	1	170.4755673	-43.98721568	M0	under 1 month old	_T	Both sexes	NUMBER	Number			G	Global			United Nations Inter-agency Group for Child Mortality Estimation (UN IGME), 2018.		E: Estimated data	194.0	194.0	194.0	193.0	191.0	188.0	186.0	186.0	190.0	194.0	198.0	201.0	201.0	199.0	196.0	192.0	188.0	182.0	182.0	2017
3	3.2	3.2.2	SH_DYN_NMRTN	Neonatal deaths (number)	2019.Q1.G.03	558	Nicaragua	013	Central America	Country	NIC	1	-85.03060315	12.84210839	M0	under 1 month old	_T	Both sexes	NUMBER	Number			G	Global			United Nations Inter-agency Group for Child Mortality Estimation (UN IGME), 2018.		E: Estimated data	2190.0	2065.0	1928.0	1807.0	1695.0	1594.0	1497.0	1408.0	1326.0	1251.0	1181.0	1118.0	1062.0	1011.0	966.0	922.0	879.0	841.0	841.0	2017
3	3.2	3.2.2	SH_DYN_NMRTN	Neonatal deaths (number)	2019.Q1.G.03	562	Niger	011	Western Africa	Country	NER	1	9.400167877	17.42143036	M0	under 1 month old	_T	Both sexes	NUMBER	Number			G	Global			United Nations Inter-agency Group for Child Mortality Estimation (UN IGME), 2018.		E: Estimated data	26200.0	26220.0	26197.0	26160.0	26135.0	26089.0	26092.0	26048.0	25998.0	26018.0	26084.0	26125.0	26226.0	26307.0	26367.0	26463.0	26577.0	26787.0	26787.0	2017
3	3.2	3.2.2	SH_DYN_NMRTN	Neonatal deaths (number)	2019.Q1.G.03	566	Nigeria	011	Western Africa	Country	NGA	1	8.097363256	9.585789025	M0	under 1 month old	_T	Both sexes	NUMBER	Number			G	Global			United Nations Inter-agency Group for Child Mortality Estimation (UN IGME), 2018.		E: Estimated data	253992.0	254479.0	254251.0	253638.0	252805.0	251976.0	251181.0	250788.0	250504.0	249774.0	249281.0	248513.0	247967.0	246782.0	245664.0	244120.0	242294.0	241021.0	241021.0	2017
3	3.2	3.2.2	SH_DYN_NMRTN	Neonatal deaths (number)	2019.Q1.G.03	570	Niue	061	Polynesia	Country	NIU	0	-169.8601693	-19.05000475	M0	under 1 month old	_T	Both sexes	NUMBER	Number			G	Global			United Nations Inter-agency Group for Child Mortality Estimation (UN IGME), 2018.		E: Estimated data	0.0	0.0	0.0	0.0	0.0	0.0	0.0	0.0	0.0	0.0	0.0	0.0	0.0	0.0	0.0	0.0	0.0	0.0	0.0	2017
3	3.2	3.2.2	SH_DYN_NMRTN	Neonatal deaths (number)	2019.Q1.G.03	574	Norfolk Island	053	Australia and New Zealand	Country	NFK	0	167.9515548	-29.03230018	M0	under 1 month old	_T	Both sexes																															
3	3.2	3.2.2	SH_DYN_NMRTN	Neonatal deaths (number)	2019.Q1.G.03	578	Norway	154	Northern Europe	Country	NOR	1	11.47846389	61.34311134	M0	under 1 month old	_T	Both sexes	NUMBER	Number			G	Global			United Nations Inter-agency Group for Child Mortality Estimation (UN IGME), 2018.		E: Estimated data	155.0	151.0	145.0	140.0	136.0	132.0	129.0	125.0	121.0	116.0	112.0	108.0	105.0	102.0	101.0	99.0	97.0	95.0	95.0	2017
3	3.2	3.2.2	SH_DYN_NMRTN	Neonatal deaths (number)	2019.Q1.G.03	580	Northern Mariana Islands	057	Micronesia	Country	MNP	0	145.7582114	15.19099517	M0	under 1 month old	_T	Both sexes																															
3	3.2	3.2.2	SH_DYN_NMRTN	Neonatal deaths (number)	2019.Q1.G.03	581	United States Minor Outlying Islands	057	Micronesia	Country	UMI	0	-162.4343752	5.874443968	M0	under 1 month old	_T	Both sexes																															
3	3.2	3.2.2	SH_DYN_NMRTN	Neonatal deaths (number)	2019.Q1.G.03	583	Micronesia (Federated States of)	057	Micronesia	Country	FSM	1	158.225216	6.880670092	M0	under 1 month old	_T	Both sexes	NUMBER	Number			G	Global			United Nations Inter-agency Group for Child Mortality Estimation (UN IGME), 2018.		E: Estimated data	81.0	78.0	74.0	70.0	67.0	63.0	60.0	57.0	55.0	53.0	50.0	49.0	48.0	46.0	45.0	44.0	43.0	42.0	42.0	2017
3	3.2	3.2.2	SH_DYN_NMRTN	Neonatal deaths (number)	2019.Q1.G.03	584	Marshall Islands	057	Micronesia	Country	MHL	1	171.0839119	7.110213497	M0	under 1 month old	_T	Both sexes	NUMBER	Number			G	Global			United Nations Inter-agency Group for Child Mortality Estimation (UN IGME), 2018.		E: Estimated data	39.0	38.0	38.0	37.0	36.0	35.0	34.0	33.0	32.0	30.0	29.0	28.0	26.0	25.0	23.0	21.0	20.0	18.0	18.0	2017
3	3.2	3.2.2	SH_DYN_NMRTN	Neonatal deaths (number)	2019.Q1.G.03	585	Palau	057	Micronesia	Country	PLW	1	134.5733878	7.502307591	M0	under 1 month old	_T	Both sexes	NUMBER	Number			G	Global			United Nations Inter-agency Group for Child Mortality Estimation (UN IGME), 2018.		E: Estimated data	5.0	5.0	4.0	4.0	4.0	4.0	4.0	3.0	3.0	3.0	3.0	3.0	3.0	3.0	3.0	3.0	2.0	2.0	2.0	2017
3	3.2	3.2.2	SH_DYN_NMRTN	Neonatal deaths (number)	2019.Q1.G.03	586	Pakistan	034	Southern Asia	Country	PAK	1	68.80479684	29.36491634	M0	under 1 month old	_T	Both sexes	NUMBER	Number			G	Global			United Nations Inter-agency Group for Child Mortality Estimation (UN IGME), 2018.		E: Estimated data	266267.0	260065.0	255107.0	250865.0	247173.0	245217.0	245763.0	248516.0	252561.0	257132.0	260783.0	262075.0	261395.0	259463.0	255621.0	251606.0	246502.0	240808.0	240808.0	2017
3	3.2	3.2.2	SH_DYN_NMRTN	Neonatal deaths (number)	2019.Q1.G.03	591	Panama	013	Central America	Country	PAN	1	-81.26616623	8.450965746	M0	under 1 month old	_T	Both sexes	NUMBER	Number			G	Global			United Nations Inter-agency Group for Child Mortality Estimation (UN IGME), 2018.		E: Estimated data	1028.0	1012.0	994.0	975.0	957.0	940.0	924.0	909.0	891.0	872.0	852.0	833.0	811.0	788.0	768.0	745.0	721.0	698.0	698.0	2017
3	3.2	3.2.2	SH_DYN_NMRTN	Neonatal deaths (number)	2019.Q1.G.03	598	Papua New Guinea	054	Melanesia	Country	PNG	1	145.8587761	-6.756057077	M0	under 1 month old	_T	Both sexes	NUMBER	Number			G	Global			United Nations Inter-agency Group for Child Mortality Estimation (UN IGME), 2018.		E: Estimated data	5645.0	5706.0	5764.0	5828.0	5869.0	5884.0	5895.0	5883.0	5860.0	5828.0	5772.0	5729.0	5667.0	5607.0	5549.0	5464.0	5403.0	5332.0	5332.0	2017
3	3.2	3.2.2	SH_DYN_NMRTN	Neonatal deaths (number)	2019.Q1.G.03	600	Paraguay	005	South America	Country	PRY	1	-60.54854225	-21.70216237	M0	under 1 month old	_T	Both sexes	NUMBER	Number			G	Global			United Nations Inter-agency Group for Child Mortality Estimation (UN IGME), 2018.		E: Estimated data	2574.0	2493.0	2413.0	2343.0	2281.0	2221.0	2169.0	2110.0	2048.0	1984.0	1929.0	1874.0	1814.0	1757.0	1706.0	1655.0	1608.0	1562.0	1562.0	2017
3	3.2	3.2.2	SH_DYN_NMRTN	Neonatal deaths (number)	2019.Q1.G.03	604	Peru	005	South America	Country	PER	1	-71.82093277	-13.58939705	M0	under 1 month old	_T	Both sexes	NUMBER	Number			G	Global			United Nations Inter-agency Group for Child Mortality Estimation (UN IGME), 2018.		E: Estimated data	10152.0	9438.0	8756.0	8204.0	7754.0	7369.0	7022.0	6704.0	6431.0	6196.0	5981.0	5773.0	5564.0	5349.0	5126.0	4900.0	4680.0	4473.0	4473.0	2017
3	3.2	3.2.2	SH_DYN_NMRTN	Neonatal deaths (number)	2019.Q1.G.03	608	Philippines	035	South-Eastern Asia	Country	PHL	1	120.8601418	14.16591706	M0	under 1 month old	_T	Both sexes	NUMBER	Number			G	Global			United Nations Inter-agency Group for Child Mortality Estimation (UN IGME), 2018.		E: Estimated data	38815.0	38966.0	38828.0	38341.0	37725.0	37042.0	36369.0	35691.0	35082.0	34583.0	34210.0	34015.0	33897.0	33819.0	33711.0	33575.0	33310.0	32836.0	32836.0	2017
3	3.2	3.2.2	SH_DYN_NMRTN	Neonatal deaths (number)	2019.Q1.G.03	612	Pitcairn	061	Polynesia	Country	PCN	0	-128.3225873	-24.37538456	M0	under 1 month old	_T	Both sexes																															
3	3.2	3.2.2	SH_DYN_NMRTN	Neonatal deaths (number)	2019.Q1.G.03	616	Poland	151	Eastern Europe	Country	POL	1	19.40660158	52.1226733	M0	under 1 month old	_T	Both sexes	NUMBER	Number			G	Global			United Nations Inter-agency Group for Child Mortality Estimation (UN IGME), 2018.		E: Estimated data	2175.0	2010.0	1910.0	1846.0	1791.0	1740.0	1696.0	1654.0	1600.0	1524.0	1432.0	1335.0	1246.0	1173.0	1121.0	1084.0	1057.0	1034.0	1034.0	2017
3	3.2	3.2.2	SH_DYN_NMRTN	Neonatal deaths (number)	2019.Q1.G.03	620	Portugal	039	Southern Europe	Country	PRT	1	-7.961599811	39.68509315	M0	under 1 month old	_T	Both sexes	NUMBER	Number			G	Global			United Nations Inter-agency Group for Child Mortality Estimation (UN IGME), 2018.		E: Estimated data	380.0	363.0	342.0	314.0	284.0	257.0	235.0	221.0	212.0	209.0	207.0	206.0	204.0	198.0	191.0	182.0	171.0	162.0	162.0	2017
3	3.2	3.2.2	SH_DYN_NMRTN	Neonatal deaths (number)	2019.Q1.G.03	624	Guinea-Bissau	011	Western Africa	Country	GNB	1	-14.40182514	12.11760394	M0	under 1 month old	_T	Both sexes	NUMBER	Number			G	Global			United Nations Inter-agency Group for Child Mortality Estimation (UN IGME), 2018.		E: Estimated data	2835.0	2814.0	2806.0	2816.0	2831.0	2839.0	2838.0	2830.0	2813.0	2788.0	2752.0	2719.0	2682.0	2645.0	2605.0	2566.0	2526.0	2495.0	2495.0	2017
3	3.2	3.2.2	SH_DYN_NMRTN	Neonatal deaths (number)	2019.Q1.G.03	626	Timor-Leste	035	South-Eastern Asia	Country	TLS	1	125.9451052	-8.797497247	M0	under 1 month old	_T	Both sexes	NUMBER	Number			G	Global			United Nations Inter-agency Group for Child Mortality Estimation (UN IGME), 2018.		E: Estimated data	1450.0	1370.0	1299.0	1239.0	1193.0	1157.0	1130.0	1108.0	1088.0	1070.0	1051.0	1029.0	1006.0	986.0	969.0	952.0	938.0	930.0	930.0	2017
3	3.2	3.2.2	SH_DYN_NMRTN	Neonatal deaths (number)	2019.Q1.G.03	630	Puerto Rico	029	Caribbean	Country	PRI	0	-66.47591017	18.22753799	M0	under 1 month old	_T	Both sexes																															
3	3.2	3.2.2	SH_DYN_NMRTN	Neonatal deaths (number)	2019.Q1.G.03	634	Qatar	145	Western Asia	Country	QAT	1	51.19152467	25.28355379	M0	under 1 month old	_T	Both sexes	NUMBER	Number			G	Global			United Nations Inter-agency Group for Child Mortality Estimation (UN IGME), 2018.		E: Estimated data	78.0	78.0	78.0	78.0	79.0	80.0	81.0	83.0	86.0	89.0	92.0	95.0	97.0	99.0	100.0	100.0	100.0	99.0	99.0	2017
3	3.2	3.2.2	SH_DYN_NMRTN	Neonatal deaths (number)	2019.Q1.G.03	638	Réunion	014	Eastern Africa	Country	REU	0	55.53171398	-21.13183266	M0	under 1 month old	_T	Both sexes																															
3	3.2	3.2.2	SH_DYN_NMRTN	Neonatal deaths (number)	2019.Q1.G.03	642	Romania	151	Eastern Europe	Country	ROU	1	24.98481009	45.83893563	M0	under 1 month old	_T	Both sexes	NUMBER	Number			G	Global			United Nations Inter-agency Group for Child Mortality Estimation (UN IGME), 2018.		E: Estimated data	2335.0	2228.0	2152.0	2089.0	2006.0	1869.0	1681.0	1488.0	1328.0	1208.0	1129.0	1083.0	1043.0	986.0	915.0	835.0	757.0	688.0	688.0	2017
3	3.2	3.2.2	SH_DYN_NMRTN	Neonatal deaths (number)	2019.Q1.G.03	643	Russian Federation	151	Eastern Europe	Country	RUS	1	99.01404926	61.61899849	M0	under 1 month old	_T	Both sexes	NUMBER	Number			G	Global			United Nations Inter-agency Group for Child Mortality Estimation (UN IGME), 2018.		E: Estimated data	12564.0	12116.0	11607.0	11048.0	10432.0	9805.0	9187.0	8624.0	8185.0	7922.0	7844.0	7884.0	7877.0	7733.0	7419.0	6964.0	6472.0	6013.0	6013.0	2017
3	3.2	3.2.2	SH_DYN_NMRTN	Neonatal deaths (number)	2019.Q1.G.03	646	Rwanda	014	Eastern Africa	Country	RWA	1	29.92310194	-1.999842114	M0	under 1 month old	_T	Both sexes	NUMBER	Number			G	Global			United Nations Inter-agency Group for Child Mortality Estimation (UN IGME), 2018.		E: Estimated data	11931.0	11729.0	11453.0	11090.0	10678.0	10248.0	9820.0	9393.0	8979.0	8561.0	8145.0	7725.0	7337.0	6997.0	6726.0	6483.0	6281.0	6104.0	6104.0	2017
3	3.2	3.2.2	SH_DYN_NMRTN	Neonatal deaths (number)	2019.Q1.G.03	652	Saint Barthélemy	029	Caribbean	Country	BLM	0	-62.83173536	17.89513362	M0	under 1 month old	_T	Both sexes																															
3	3.2	3.2.2	SH_DYN_NMRTN	Neonatal deaths (number)	2019.Q1.G.03	654	Saint Helena	011	Western Africa	Country	SHN	0	-5.705752501	-15.96503946	M0	under 1 month old	_T	Both sexes																															
3	3.2	3.2.2	SH_DYN_NMRTN	Neonatal deaths (number)	2019.Q1.G.03	659	Saint Kitts and Nevis	029	Caribbean	Country	KNA	1	-62.76628613	17.33994219	M0	under 1 month old	_T	Both sexes	NUMBER	Number			G	Global			United Nations Inter-agency Group for Child Mortality Estimation (UN IGME), 2018.		E: Estimated data	13.0	12.0	11.0	10.0	10.0	9.0	9.0	9.0	9.0	8.0	8.0	8.0	8.0	8.0	8.0	8.0	8.0	7.0	7.0	2017
3	3.2	3.2.2	SH_DYN_NMRTN	Neonatal deaths (number)	2019.Q1.G.03	660	Anguilla	029	Caribbean	Country	AIA	0	-63.05651612	18.21525315	M0	under 1 month old	_T	Both sexes																															
3	3.2	3.2.2	SH_DYN_NMRTN	Neonatal deaths (number)	2019.Q1.G.03	662	Saint Lucia	029	Caribbean	Country	LCA	1	-60.96529553	13.89405601	M0	under 1 month old	_T	Both sexes	NUMBER	Number			G	Global			United Nations Inter-agency Group for Child Mortality Estimation (UN IGME), 2018.		E: Estimated data	33.0	32.0	32.0	31.0	31.0	31.0	31.0	31.0	31.0	31.0	31.0	30.0	30.0	29.0	29.0	28.0	27.0	26.0	26.0	2017
3	3.2	3.2.2	SH_DYN_NMRTN	Neonatal deaths (number)	2019.Q1.G.03	663	Saint Martin (French Part)	029	Caribbean	Country	MAF	0	-63.04505461	18.0882685	M0	under 1 month old	_T	Both sexes																															
3	3.2	3.2.2	SH_DYN_NMRTN	Neonatal deaths (number)	2019.Q1.G.03	666	Saint Pierre and Miquelon	021	Northern America	Country	SPM	0	-56.33682442	46.85812735	M0	under 1 month old	_T	Both sexes																															
3	3.2	3.2.2	SH_DYN_NMRTN	Neonatal deaths (number)	2019.Q1.G.03	670	Saint Vincent and the Grenadines	029	Caribbean	Country	VCT	1	-61.19024321	13.24627968	M0	under 1 month old	_T	Both sexes	NUMBER	Number			G	Global			United Nations Inter-agency Group for Child Mortality Estimation (UN IGME), 2018.		E: Estimated data	29.0	28.0	28.0	27.0	27.0	26.0	26.0	25.0	25.0	24.0	23.0	22.0	21.0	20.0	19.0	18.0	17.0	16.0	16.0	2017
3	3.2	3.2.2	SH_DYN_NMRTN	Neonatal deaths (number)	2019.Q1.G.03	674	San Marino	039	Southern Europe	Country	SMR	1	12.46329038	43.93841766	M0	under 1 month old	_T	Both sexes	NUMBER	Number			G	Global			United Nations Inter-agency Group for Child Mortality Estimation (UN IGME), 2018.		E: Estimated data	1.0	1.0	1.0	1.0	1.0	1.0	1.0	1.0	0.0	0.0	0.0	0.0	0.0	0.0	0.0	0.0	0.0	0.0	0.0	2017
3	3.2	3.2.2	SH_DYN_NMRTN	Neonatal deaths (number)	2019.Q1.G.03	678	Sao Tome and Principe	017	Middle Africa	Country	STP	1	6.609772265	0.241554875	M0	under 1 month old	_T	Both sexes	NUMBER	Number			G	Global			United Nations Inter-agency Group for Child Mortality Estimation (UN IGME), 2018.		E: Estimated data	127.0	126.0	125.0	124.0	122.0	121.0	119.0	118.0	117.0	117.0	116.0	115.0	114.0	112.0	109.0	105.0	101.0	98.0	98.0	2017
3	3.2	3.2.2	SH_DYN_NMRTN	Neonatal deaths (number)	2019.Q1.G.03	682	Saudi Arabia	145	Western Asia	Country	SAU	1	44.54763347	24.12594211	M0	under 1 month old	_T	Both sexes	NUMBER	Number			G	Global			United Nations Inter-agency Group for Child Mortality Estimation (UN IGME), 2018.		E: Estimated data	6397.0	6070.0	5782.0	5529.0	5282.0	5051.0	4817.0	4585.0	4348.0	4105.0	3872.0	3636.0	3411.0	3197.0	2992.0	2790.0	2609.0	2446.0	2446.0	2017
3	3.2	3.2.2	SH_DYN_NMRTN	Neonatal deaths (number)	2019.Q1.G.03	686	Senegal	011	Western Africa	Country	SEN	1	-14.46636926	14.35920905	M0	under 1 month old	_T	Both sexes	NUMBER	Number			G	Global			United Nations Inter-agency Group for Child Mortality Estimation (UN IGME), 2018.		E: Estimated data	14879.0	14791.0	14637.0	14434.0	14210.0	13975.0	13747.0	13535.0	13335.0	13127.0	12937.0	12732.0	12527.0	12288.0	12043.0	11808.0	11574.0	11368.0	11368.0	2017
3	3.2	3.2.2	SH_DYN_NMRTN	Neonatal deaths (number)	2019.Q1.G.03	688	Serbia	039	Southern Europe	Country	SRB	1	20.805876	44.03145697	M0	under 1 month old	_T	Both sexes	NUMBER	Number			G	Global			United Nations Inter-agency Group for Child Mortality Estimation (UN IGME), 2018.		E: Estimated data	911.0	856.0	795.0	719.0	641.0	578.0	536.0	508.0	489.0	476.0	463.0	449.0	433.0	416.0	398.0	378.0	359.0	339.0	339.0	2017
3	3.2	3.2.2	SH_DYN_NMRTN	Neonatal deaths (number)	2019.Q1.G.03	690	Seychelles	014	Eastern Africa	Country	SYC	1	55.46561591	-4.678053059	M0	under 1 month old	_T	Both sexes	NUMBER	Number			G	Global			United Nations Inter-agency Group for Child Mortality Estimation (UN IGME), 2018.		E: Estimated data	13.0	14.0	14.0	14.0	15.0	15.0	15.0	15.0	15.0	15.0	15.0	15.0	14.0	14.0	14.0	14.0	13.0	13.0	13.0	2017
3	3.2	3.2.2	SH_DYN_NMRTN	Neonatal deaths (number)	2019.Q1.G.03	694	Sierra Leone	011	Western Africa	Country	SLE	1	-11.78306584	8.568604164	M0	under 1 month old	_T	Both sexes	NUMBER	Number			G	Global			United Nations Inter-agency Group for Child Mortality Estimation (UN IGME), 2018.		E: Estimated data	10798.0	10928.0	11056.0	11197.0	11304.0	11356.0	11349.0	11248.0	11079.0	10837.0	10562.0	10287.0	9976.0	9675.0	9383.0	9135.0	8927.0	8730.0	8730.0	2017
3	3.2	3.2.2	SH_DYN_NMRTN	Neonatal deaths (number)	2019.Q1.G.03	702	Singapore	035	South-Eastern Asia	Country	SGP	1	103.8107883	1.361009155	M0	under 1 month old	_T	Both sexes	NUMBER	Number			G	Global			United Nations Inter-agency Group for Child Mortality Estimation (UN IGME), 2018.		E: Estimated data	81.0	73.0	67.0	63.0	61.0	59.0	59.0	58.0	57.0	57.0	56.0	54.0	53.0	52.0	51.0	51.0	52.0	52.0	52.0	2017
3	3.2	3.2.2	SH_DYN_NMRTN	Neonatal deaths (number)	2019.Q1.G.03	703	Slovakia	151	Eastern Europe	Country	SVK	1	19.48495604	48.70741446	M0	under 1 month old	_T	Both sexes	NUMBER	Number			G	Global			United Nations Inter-agency Group for Child Mortality Estimation (UN IGME), 2018.		E: Estimated data	272.0	254.0	239.0	225.0	214.0	206.0	200.0	195.0	193.0	191.0	189.0	187.0	184.0	179.0	174.0	168.0	162.0	156.0	156.0	2017
3	3.2	3.2.2	SH_DYN_NMRTN	Neonatal deaths (number)	2019.Q1.G.03	704	Viet Nam	035	South-Eastern Asia	Country	VNM	1	105.802499	10.09643079	M0	under 1 month old	_T	Both sexes	NUMBER	Number			G	Global			United Nations Inter-agency Group for Child Mortality Estimation (UN IGME), 2018.		E: Estimated data	20878.0	19671.0	18794.0	18198.0	17825.0	17625.0	17574.0	17618.0	17724.0	17864.0	17943.0	17992.0	17952.0	17854.0	17690.0	17430.0	17080.0	16666.0	16666.0	2017
3	3.2	3.2.2	SH_DYN_NMRTN	Neonatal deaths (number)	2019.Q1.G.03	705	Slovenia	039	Southern Europe	Country	SVN	1	14.82209486	46.11958061	M0	under 1 month old	_T	Both sexes	NUMBER	Number			G	Global			United Nations Inter-agency Group for Child Mortality Estimation (UN IGME), 2018.		E: Estimated data	57.0	55.0	52.0	50.0	48.0	47.0	45.0	44.0	42.0	40.0	38.0	36.0	34.0	32.0	30.0	28.0	26.0	24.0	24.0	2017
3	3.2	3.2.2	SH_DYN_NMRTN	Neonatal deaths (number)	2019.Q1.G.03	706	Somalia	014	Eastern Africa	Country	SOM	1	46.20367477	4.406485729	M0	under 1 month old	_T	Both sexes	NUMBER	Number			G	Global			United Nations Inter-agency Group for Child Mortality Estimation (UN IGME), 2018.		E: Estimated data	19484.0	20058.0	20627.0	21148.0	21686.0	22247.0	22718.0	23100.0	23382.0	23552.0	23708.0	23865.0	23948.0	24093.0	24197.0	24338.0	24352.0	24498.0	24498.0	2017
3	3.2	3.2.2	SH_DYN_NMRTN	Neonatal deaths (number)	2019.Q1.G.03	710	South Africa	018	Southern Africa	Country	ZAF	1	24.67184355	-29.99957544	M0	under 1 month old	_T	Both sexes	NUMBER	Number			G	Global			United Nations Inter-agency Group for Child Mortality Estimation (UN IGME), 2018.		E: Estimated data	19792.0	19428.0	19080.0	18702.0	18326.0	17901.0	17443.0	16934.0	16396.0	15850.0	15275.0	14697.0	14214.0	13877.0	13481.0	13171.0	12887.0	12572.0	12572.0	2017
3	3.2	3.2.2	SH_DYN_NMRTN	Neonatal deaths (number)	2019.Q1.G.03	716	Zimbabwe	014	Eastern Africa	Country	ZWE	1	29.86909584	-19.00075492	M0	under 1 month old	_T	Both sexes	NUMBER	Number			G	Global			United Nations Inter-agency Group for Child Mortality Estimation (UN IGME), 2018.		E: Estimated data	11320.0	11515.0	11867.0	12332.0	12829.0	13354.0	13915.0	14460.0	14932.0	15222.0	15263.0	15037.0	14635.0	14095.0	13488.0	12893.0	12366.0	11932.0	11932.0	2017
3	3.2	3.2.2	SH_DYN_NMRTN	Neonatal deaths (number)	2019.Q1.G.03	724	Spain	039	Southern Europe	Country	ESP	1	-3.554078296	40.39211472	M0	under 1 month old	_T	Both sexes	NUMBER	Number			G	Global			United Nations Inter-agency Group for Child Mortality Estimation (UN IGME), 2018.		E: Estimated data	1124.0	1151.0	1165.0	1161.0	1149.0	1135.0	1113.0	1078.0	1039.0	1008.0	987.0	963.0	929.0	886.0	837.0	786.0	739.0	699.0	699.0	2017
3	3.2	3.2.2	SH_DYN_NMRTN	Neonatal deaths (number)	2019.Q1.G.03	728	South Sudan	014	Eastern Africa	Country	SSD	1	30.32618773	7.290839152	M0	under 1 month old	_T	Both sexes	NUMBER	Number			G	Global			United Nations Inter-agency Group for Child Mortality Estimation (UN IGME), 2018.		E: Estimated data	16360.0	16356.0	16415.0	16462.0	16530.0	16566.0	16626.0	16579.0	16535.0	16507.0	16422.0	16319.0	16332.0	16517.0	16809.0	17099.0	17400.0	17698.0	17698.0	2017
3	3.2	3.2.2	SH_DYN_NMRTN	Neonatal deaths (number)	2019.Q1.G.03	729	Sudan	015	Northern Africa	Country	SDN	0	29.95650159	16.02643066	M0	under 1 month old	_T	Both sexes	NUMBER	Number			G	Global			United Nations Inter-agency Group for Child Mortality Estimation (UN IGME), 2018.		E: Estimated data	40245.0	40208.0	40162.0	40047.0	39926.0	39831.0	39777.0	39802.0	39894.0	39992.0	40028.0	40060.0	39981.0	39886.0	39687.0	39502.0	39249.0	38975.0	38975.0	2017
3	3.2	3.2.2	SH_DYN_NMRTN	Neonatal deaths (number)	2019.Q1.G.03	732	Western Sahara	015	Northern Africa	Country	ESH	0	-13.13515523	24.66265342	M0	under 1 month old	_T	Both sexes																															
3	3.2	3.2.2	SH_DYN_NMRTN	Neonatal deaths (number)	2019.Q1.G.03	740	Suriname	005	South America	Country	SUR	1	-55.90626394	4.132603197	M0	under 1 month old	_T	Both sexes	NUMBER	Number			G	Global			United Nations Inter-agency Group for Child Mortality Estimation (UN IGME), 2018.		E: Estimated data	200.0	191.0	183.0	175.0	168.0	162.0	155.0	149.0	143.0	138.0	133.0	128.0	124.0	120.0	116.0	112.0	107.0	103.0	103.0	2017
3	3.2	3.2.2	SH_DYN_NMRTN	Neonatal deaths (number)	2019.Q1.G.03	744	Svalbard and Jan Mayen Islands	154	Northern Europe	Country	SJM	0	13.38071013	78.82894131	M0	under 1 month old	_T	Both sexes																															
3	3.2	3.2.2	SH_DYN_NMRTN	Neonatal deaths (number)	2019.Q1.G.03	748	Eswatini	018	Southern Africa	Country	SWZ	1	31.50149288	-26.56471011	M0	under 1 month old	_T	Both sexes	NUMBER	Number			G	Global			United Nations Inter-agency Group for Child Mortality Estimation (UN IGME), 2018.		E: Estimated data	900.0	896.0	887.0	875.0	860.0	844.0	827.0	815.0	805.0	797.0	786.0	769.0	755.0	738.0	717.0	702.0	688.0	675.0	675.0	2017
3	3.2	3.2.2	SH_DYN_NMRTN	Neonatal deaths (number)	2019.Q1.G.03	752	Sweden	154	Northern Europe	Country	SWE	1	14.3775338	60.60103109	M0	under 1 month old	_T	Both sexes	NUMBER	Number			G	Global			United Nations Inter-agency Group for Child Mortality Estimation (UN IGME), 2018.		E: Estimated data	211.0	212.0	211.0	208.0	203.0	197.0	192.0	188.0	185.0	182.0	180.0	179.0	181.0	184.0	189.0	194.0	200.0	205.0	205.0	2017
3	3.2	3.2.2	SH_DYN_NMRTN	Neonatal deaths (number)	2019.Q1.G.03	756	Switzerland	155	Western Europe	Country	CHE	1	8.223158	46.96617097	M0	under 1 month old	_T	Both sexes	NUMBER	Number			G	Global			United Nations Inter-agency Group for Child Mortality Estimation (UN IGME), 2018.		E: Estimated data	265.0	260.0	255.0	249.0	245.0	243.0	244.0	246.0	248.0	250.0	251.0	252.0	254.0	256.0	259.0	262.0	263.0	263.0	263.0	2017
3	3.2	3.2.2	SH_DYN_NMRTN	Neonatal deaths (number)	2019.Q1.G.03	760	Syrian Arab Republic	145	Western Asia	Country	SYR	1	38.50466565	35.01676176	M0	under 1 month old	_T	Both sexes	NUMBER	Number			G	Global			United Nations Inter-agency Group for Child Mortality Estimation (UN IGME), 2018.		E: Estimated data	6334.0	6181.0	6020.0	5846.0	5673.0	5494.0	5296.0	5075.0	4862.0	4680.0	4541.0	4415.0	4274.0	4101.0	3918.0	3739.0	3592.0	3475.0	3475.0	2017
3	3.2	3.2.2	SH_DYN_NMRTN	Neonatal deaths (number)	2019.Q1.G.03	762	Tajikistan	143	Central Asia	Country	TJK	1	69.294998	38.43069666	M0	under 1 month old	_T	Both sexes	NUMBER	Number			G	Global			United Nations Inter-agency Group for Child Mortality Estimation (UN IGME), 2018.		E: Estimated data	5349.0	5125.0	4919.0	4749.0	4636.0	4581.0	4556.0	4568.0	4584.0	4588.0	4553.0	4469.0	4352.0	4218.0	4085.0	3933.0	3786.0	3653.0	3653.0	2017
3	3.2	3.2.2	SH_DYN_NMRTN	Neonatal deaths (number)	2019.Q1.G.03	764	Thailand	035	South-Eastern Asia	Country	THA	1	101.0202951	15.13089239	M0	under 1 month old	_T	Both sexes	NUMBER	Number			G	Global			United Nations Inter-agency Group for Child Mortality Estimation (UN IGME), 2018.		E: Estimated data	11040.0	10294.0	9609.0	8992.0	8443.0	7933.0	7459.0	7023.0	6624.0	6231.0	5861.0	5500.0	5156.0	4832.0	4522.0	4218.0	3935.0	3681.0	3681.0	2017
3	3.2	3.2.2	SH_DYN_NMRTN	Neonatal deaths (number)	2019.Q1.G.03	768	Togo	011	Western Africa	Country	TGO	1	0.97835765	8.532096072	M0	under 1 month old	_T	Both sexes	NUMBER	Number			G	Global			United Nations Inter-agency Group for Child Mortality Estimation (UN IGME), 2018.		E: Estimated data	7067.0	7144.0	7213.0	7262.0	7296.0	7298.0	7266.0	7210.0	7149.0	7070.0	7002.0	6943.0	6896.0	6850.0	6804.0	6753.0	6698.0	6645.0	6645.0	2017
3	3.2	3.2.2	SH_DYN_NMRTN	Neonatal deaths (number)	2019.Q1.G.03	772	Tokelau	061	Polynesia	Country	TKL	0	-171.8154473	-9.214545558	M0	under 1 month old	_T	Both sexes																															
3	3.2	3.2.2	SH_DYN_NMRTN	Neonatal deaths (number)	2019.Q1.G.03	776	Tonga	061	Polynesia	Country	TON	1	-175.1959991	-21.19511329	M0	under 1 month old	_T	Both sexes	NUMBER	Number			G	Global			United Nations Inter-agency Group for Child Mortality Estimation (UN IGME), 2018.		E: Estimated data	21.0	21.0	21.0	20.0	20.0	20.0	20.0	20.0	21.0	21.0	21.0	20.0	20.0	19.0	19.0	18.0	18.0	17.0	17.0	2017
3	3.2	3.2.2	SH_DYN_NMRTN	Neonatal deaths (number)	2019.Q1.G.03	780	Trinidad and Tobago	029	Caribbean	Country	TTO	1	-61.29389504	10.41877263	M0	under 1 month old	_T	Both sexes	NUMBER	Number			G	Global			United Nations Inter-agency Group for Child Mortality Estimation (UN IGME), 2018.		E: Estimated data	393.0	395.0	399.0	404.0	409.0	414.0	418.0	420.0	419.0	415.0	407.0	395.0	381.0	367.0	351.0	335.0	318.0	301.0	301.0	2017
3	3.2	3.2.2	SH_DYN_NMRTN	Neonatal deaths (number)	2019.Q1.G.03	784	United Arab Emirates	145	Western Asia	Country	ARE	1	53.98279159	23.43322219	M0	under 1 month old	_T	Both sexes	NUMBER	Number			G	Global			United Nations Inter-agency Group for Child Mortality Estimation (UN IGME), 2018.		E: Estimated data	312.0	316.0	324.0	334.0	345.0	355.0	365.0	375.0	383.0	388.0	391.0	392.0	396.0	400.0	407.0	415.0	420.0	422.0	422.0	2017
3	3.2	3.2.2	SH_DYN_NMRTN	Neonatal deaths (number)	2019.Q1.G.03	788	Tunisia	015	Northern Africa	Country	TUN	1	9.572737411	34.11439971	M0	under 1 month old	_T	Both sexes	NUMBER	Number			G	Global			United Nations Inter-agency Group for Child Mortality Estimation (UN IGME), 2018.		E: Estimated data	3022.0	2797.0	2608.0	2451.0	2317.0	2210.0	2124.0	2059.0	2009.0	1970.0	1933.0	1896.0	1853.0	1805.0	1747.0	1682.0	1608.0	1535.0	1535.0	2017
3	3.2	3.2.2	SH_DYN_NMRTN	Neonatal deaths (number)	2019.Q1.G.03	792	Turkey	145	Western Asia	Country	TUR	1	35.42890329	38.9899684	M0	under 1 month old	_T	Both sexes	NUMBER	Number			G	Global			United Nations Inter-agency Group for Child Mortality Estimation (UN IGME), 2018.		E: Estimated data	25995.0	24447.0	22638.0	21042.0	19565.0	18153.0	16767.0	15469.0	14258.0	13126.0	12051.0	11071.0	10343.0	9981.0	9735.0	9245.0	8436.0	7571.0	7571.0	2017
3	3.2	3.2.2	SH_DYN_NMRTN	Neonatal deaths (number)	2019.Q1.G.03	795	Turkmenistan	143	Central Asia	Country	TKM	1	58.9787665	40.0912346	M0	under 1 month old	_T	Both sexes	NUMBER	Number			G	Global			United Nations Inter-agency Group for Child Mortality Estimation (UN IGME), 2018.		E: Estimated data	3189.0	3125.0	3075.0	3031.0	2991.0	2968.0	2967.0	2991.0	3049.0	3124.0	3196.0	3260.0	3300.0	3302.0	3277.0	3206.0	3114.0	3009.0	3009.0	2017
3	3.2	3.2.2	SH_DYN_NMRTN	Neonatal deaths (number)	2019.Q1.G.03	796	Turks and Caicos Islands	029	Caribbean	Country	TCA	0	-71.745121	21.80780585	M0	under 1 month old	_T	Both sexes																															
3	3.2	3.2.2	SH_DYN_NMRTN	Neonatal deaths (number)	2019.Q1.G.03	798	Tuvalu	061	Polynesia	Country	TUV	1	178.6679611	-7.460048071	M0	under 1 month old	_T	Both sexes	NUMBER	Number			G	Global			United Nations Inter-agency Group for Child Mortality Estimation (UN IGME), 2018.		E: Estimated data	7.0	6.0	6.0	6.0	6.0	6.0	5.0	5.0	5.0	5.0	5.0	4.0	4.0	4.0	4.0	4.0	4.0	4.0	4.0	2017
3	3.2	3.2.2	SH_DYN_NMRTN	Neonatal deaths (number)	2019.Q1.G.03	800	Uganda	014	Eastern Africa	Country	UGA	1	32.39100438	1.279557331	M0	under 1 month old	_T	Both sexes	NUMBER	Number			G	Global			United Nations Inter-agency Group for Child Mortality Estimation (UN IGME), 2018.		E: Estimated data	34725.0	34652.0	34689.0	34862.0	35198.0	35756.0	36388.0	36949.0	37359.0	37701.0	37971.0	38074.0	38093.0	37911.0	37511.0	37054.0	36536.0	36056.0	36056.0	2017
3	3.2	3.2.2	SH_DYN_NMRTN	Neonatal deaths (number)	2019.Q1.G.03	804	Ukraine	151	Eastern Europe	Country	UKR	1	31.40270802	49.00735945	M0	under 1 month old	_T	Both sexes	NUMBER	Number			G	Global			United Nations Inter-agency Group for Child Mortality Estimation (UN IGME), 2018.		E: Estimated data	4460.0	4211.0	4018.0	3881.0	3794.0	3747.0	3720.0	3699.0	3642.0	3542.0	3413.0	3265.0	3104.0	2951.0	2808.0	2672.0	2544.0	2417.0	2417.0	2017
3	3.2	3.2.2	SH_DYN_NMRTN	Neonatal deaths (number)	2019.Q1.G.03	807	North Macedonia	039	Southern Europe	Country	MKD	1	21.7007909	41.60048068	M0	under 1 month old	_T	Both sexes	NUMBER	Number			G	Global			United Nations Inter-agency Group for Child Mortality Estimation (UN IGME), 2018.		E: Estimated data	243.0	225.0	214.0	212.0	214.0	212.0	204.0	191.0	177.0	165.0	158.0	158.0	164.0	176.0	193.0	213.0	231.0	245.0	245.0	2017
3	3.2	3.2.2	SH_DYN_NMRTN	Neonatal deaths (number)	2019.Q1.G.03	818	Egypt	015	Northern Africa	Country	EGY	1	29.77468534	26.57438204	M0	under 1 month old	_T	Both sexes	NUMBER	Number			G	Global			United Nations Inter-agency Group for Child Mortality Estimation (UN IGME), 2018.		E: Estimated data	39866.0	39096.0	38408.0	37834.0	37373.0	36685.0	36076.0	35674.0	35476.0	35380.0	35292.0	35081.0	34629.0	33892.0	32992.0	31796.0	30453.0	29067.0	29067.0	2017
3	3.2	3.2.2	SH_DYN_NMRTN	Neonatal deaths (number)	2019.Q1.G.03	826	United Kingdom of Great Britain and Northern Ireland	154	Northern Europe	Country	GBR	1	-2.23830539	53.27691757	M0	under 1 month old	_T	Both sexes	NUMBER	Number			G	Global			United Nations Inter-agency Group for Child Mortality Estimation (UN IGME), 2018.		E: Estimated data	2627.0	2557.0	2508.0	2484.0	2488.0	2510.0	2529.0	2529.0	2503.0	2465.0	2422.0	2368.0	2303.0	2242.0	2196.0	2167.0	2145.0	2121.0	2121.0	2017
3	3.2	3.2.2	SH_DYN_NMRTN	Neonatal deaths (number)	2019.Q1.G.03	831	Guernsey	830	Channel Islands	Country	GGY	0	-2.200712402	49.71561166	M0	under 1 month old	_T	Both sexes																															
3	3.2	3.2.2	SH_DYN_NMRTN	Neonatal deaths (number)	2019.Q1.G.03	832	Jersey	830	Channel Islands	Country	JEY	0	-2.136773508	49.22353354	M0	under 1 month old	_T	Both sexes																															
3	3.2	3.2.2	SH_DYN_NMRTN	Neonatal deaths (number)	2019.Q1.G.03	833	Isle of Man	154	Northern Europe	Country	IMN	0	-4.538190305	54.22880901	M0	under 1 month old	_T	Both sexes																															
3	3.2	3.2.2	SH_DYN_NMRTN	Neonatal deaths (number)	2019.Q1.G.03	834	United Republic of Tanzania	014	Eastern Africa	Country	TZA	1	34.80521182	-6.265332606	M0	under 1 month old	_T	Both sexes	NUMBER	Number			G	Global			United Nations Inter-agency Group for Child Mortality Estimation (UN IGME), 2018.		E: Estimated data	47152.0	47112.0	47031.0	46921.0	46855.0	46884.0	46926.0	46970.0	46970.0	46917.0	46782.0	46617.0	46506.0	46333.0	46120.0	45934.0	45809.0	45691.0	45691.0	2017
3	3.2	3.2.2	SH_DYN_NMRTN	Neonatal deaths (number)	2019.Q1.G.03	840	United States of America	021	Northern America	Country	USA	1	-99.13830311	39.5277871	M0	under 1 month old	_T	Both sexes	NUMBER	Number			G	Global			United Nations Inter-agency Group for Child Mortality Estimation (UN IGME), 2018.		E: Estimated data	18287.0	18539.0	18799.0	18789.0	18617.0	18578.0	18721.0	18649.0	18023.0	17077.0	16326.0	16007.0	15903.0	15787.0	15608.0	15377.0	15106.0	14839.0	14839.0	2017
3	3.2	3.2.2	SH_DYN_NMRTN	Neonatal deaths (number)	2019.Q1.G.03	850	United States Virgin Islands	029	Caribbean	Country	VIR	0	-64.76960113	17.73297693	M0	under 1 month old	_T	Both sexes																															
3	3.2	3.2.2	SH_DYN_NMRTN	Neonatal deaths (number)	2019.Q1.G.03	854	Burkina Faso	011	Western Africa	Country	BFA	1	-1.742843829	12.27491081	M0	under 1 month old	_T	Both sexes	NUMBER	Number			G	Global			United Nations Inter-agency Group for Child Mortality Estimation (UN IGME), 2018.		E: Estimated data	22046.0	22164.0	22249.0	22268.0	22146.0	21889.0	21578.0	21207.0	20884.0	20577.0	20281.0	19959.0	19662.0	19409.0	19198.0	19013.0	18875.0	18752.0	18752.0	2017
3	3.2	3.2.2	SH_DYN_NMRTN	Neonatal deaths (number)	2019.Q1.G.03	858	Uruguay	005	South America	Country	URY	1	-56.01387025	-32.8002838	M0	under 1 month old	_T	Both sexes	NUMBER	Number			G	Global			United Nations Inter-agency Group for Child Mortality Estimation (UN IGME), 2018.		E: Estimated data	448.0	435.0	423.0	407.0	384.0	354.0	322.0	292.0	268.0	252.0	242.0	240.0	241.0	243.0	242.0	238.0	231.0	222.0	222.0	2017
3	3.2	3.2.2	SH_DYN_NMRTN	Neonatal deaths (number)	2019.Q1.G.03	860	Uzbekistan	143	Central Asia	Country	UZB	1	63.11944558	41.77560518	M0	under 1 month old	_T	Both sexes	NUMBER	Number			G	Global			United Nations Inter-agency Group for Child Mortality Estimation (UN IGME), 2018.		E: Estimated data	16067.0	15388.0	14841.0	14422.0	14119.0	13897.0	13713.0	13532.0	13321.0	13012.0	12534.0	11883.0	11197.0	10505.0	9834.0	9142.0	8490.0	7882.0	7882.0	2017
3	3.2	3.2.2	SH_DYN_NMRTN	Neonatal deaths (number)	2019.Q1.G.03	862	Venezuela (Bolivarian Republic of)	005	South America	Country	VEN	1	-66.15642084	7.121324748	M0	under 1 month old	_T	Both sexes	NUMBER	Number			G	Global			United Nations Inter-agency Group for Child Mortality Estimation (UN IGME), 2018.		E: Estimated data	6331.0	6114.0	5885.0	5836.0	6004.0	6171.0	6147.0	6013.0	5936.0	5990.0	6103.0	6238.0	6467.0	6900.0	7615.0	8701.0	10192.0	11875.0	11875.0	2017
3	3.2	3.2.2	SH_DYN_NMRTN	Neonatal deaths (number)	2019.Q1.G.03	876	Wallis and Futuna Islands	061	Polynesia	Country	WLF	0	-176.2034788	-13.28471201	M0	under 1 month old	_T	Both sexes																															
3	3.2	3.2.2	SH_DYN_NMRTN	Neonatal deaths (number)	2019.Q1.G.03	882	Samoa	061	Polynesia	Country	WSM	1	-172.4430749	-13.61541469	M0	under 1 month old	_T	Both sexes	NUMBER	Number			G	Global			United Nations Inter-agency Group for Child Mortality Estimation (UN IGME), 2018.		E: Estimated data	62.0	60.0	58.0	56.0	55.0	55.0	54.0	53.0	53.0	52.0	51.0	50.0	49.0	47.0	46.0	44.0	42.0	41.0	41.0	2017
3	3.2	3.2.2	SH_DYN_NMRTN	Neonatal deaths (number)	2019.Q1.G.03	887	Yemen	145	Western Asia	Country	YEM	1	45.22389143	15.22242099	M0	under 1 month old	_T	Both sexes	NUMBER	Number			G	Global			United Nations Inter-agency Group for Child Mortality Estimation (UN IGME), 2018.		E: Estimated data	26260.0	25798.0	25367.0	24927.0	24446.0	23978.0	23527.0	23072.0	22657.0	22336.0	22251.0	22396.0	22686.0	22981.0	23207.0	23409.0	23563.0	23657.0	23657.0	2017
3	3.2	3.2.2	SH_DYN_NMRTN	Neonatal deaths (number)	2019.Q1.G.03	894	Zambia	014	Eastern Africa	Country	ZMB	1	27.850329	-14.59701056	M0	under 1 month old	_T	Both sexes	NUMBER	Number			G	Global			United Nations Inter-agency Group for Child Mortality Estimation (UN IGME), 2018.		E: Estimated data	17550.0	17494.0	17209.0	16768.0	16277.0	15828.0	15463.0	15220.0	15070.0	14972.0	14894.0	14805.0	14681.0	14562.0	14461.0	14404.0	14374.0	14378.0	14378.0	2017
