goal	target	indicator	seriesCode	seriesDesc	release	geoAreaCode	geoAreaName	parentCode	parentName	type	ISO3	UN_Member	X	Y	unitsCode	unitsDesc	unitmultiplierCode	unitmultiplierDesc	reportingTypeCode	reportingTypeDesc	valueDetails	footnotes	sources	timeDetails	nature	value_2000	value_2005	value_2010	value_2015	value_latest_year	latest_year
15	15.2	15.2.1	AG_LND_FRSTBIOPHA	Above-ground biomass in forest per hectare (tonnes per hectare)	2019.Q2.G.01	004	Afghanistan	034	Southern Asia	Country	AFG	1	66.02688198	33.83160199	T_PER_HA	Tonnes per hectare			G	Global		FAO Estimate	FAO, Global Forest Resources Assessment		E: Estimated data	46.96	46.96	46.96	46.96	46.96	2015
15	15.2	15.2.1	AG_LND_FRSTBIOPHA	Above-ground biomass in forest per hectare (tonnes per hectare)	2019.Q2.G.01	008	Albania	039	Southern Europe	Country	ALB	1	20.06660928	41.13897007	T_PER_HA	Tonnes per hectare			G	Global		FAO Estimate	FAO, Global Forest Resources Assessment		E: Estimated data	97.23	93.56	95.45	97.6	97.6	2015
15	15.2	15.2.1	AG_LND_FRSTBIOPHA	Above-ground biomass in forest per hectare (tonnes per hectare)	2019.Q2.G.01	010	Antarctica	001	World	Country	ATA	0	21.47585697	-80.40897662																	
15	15.2	15.2.1	AG_LND_FRSTBIOPHA	Above-ground biomass in forest per hectare (tonnes per hectare)	2019.Q2.G.01	012	Algeria	015	Northern Africa	Country	DZA	1	2.678164227	28.15940032	T_PER_HA	Tonnes per hectare			G	Global		Official country data submitted to FAO	FAO, Global Forest Resources Assessment		C: Country data	34.14	34.12	34.12	34.13	34.13	2015
15	15.2	15.2.1	AG_LND_FRSTBIOPHA	Above-ground biomass in forest per hectare (tonnes per hectare)	2019.Q2.G.01	016	American Samoa	061	Polynesia	Country	ASM	0	-170.7187269	-14.30587306	T_PER_HA	Tonnes per hectare			G	Global		FAO Estimate	FAO, Global Forest Resources Assessment		E: Estimated data	176.84	176.84	176.83	177.56	177.56	2015
15	15.2	15.2.1	AG_LND_FRSTBIOPHA	Above-ground biomass in forest per hectare (tonnes per hectare)	2019.Q2.G.01	020	Andorra	039	Southern Europe	Country	AND	1	1.576257417	42.54548611	T_PER_HA	Tonnes per hectare			G	Global	[2000]: NA // [2005]: NA // [2010]: NA // [2015]: NA	NA = A figure was not provided.	FAO, Global Forest Resources Assessment		E: Estimated data						2015
15	15.2	15.2.1	AG_LND_FRSTBIOPHA	Above-ground biomass in forest per hectare (tonnes per hectare)	2019.Q2.G.01	024	Angola	017	Middle Africa	Country	AGO	1	17.57817062	-12.33724746	T_PER_HA	Tonnes per hectare			G	Global		Official country data submitted to FAO	FAO, Global Forest Resources Assessment		C: Country data	128.68	128.67	128.66	128.65	128.65	2015
15	15.2	15.2.1	AG_LND_FRSTBIOPHA	Above-ground biomass in forest per hectare (tonnes per hectare)	2019.Q2.G.01	028	Antigua and Barbuda	029	Caribbean	Country	ATG	1	-61.7999755	17.07761471	T_PER_HA	Tonnes per hectare			G	Global	[2000]: NA // [2005]: NA // [2010]: NA // [2015]: NA	NA = A figure was not provided.	FAO, Global Forest Resources Assessment		E: Estimated data						2015
15	15.2	15.2.1	AG_LND_FRSTBIOPHA	Above-ground biomass in forest per hectare (tonnes per hectare)	2019.Q2.G.01	031	Azerbaijan	145	Western Asia	Country	AZE	1	50.01064725	40.39229544	T_PER_HA	Tonnes per hectare			G	Global	[2000]: NA // [2005]: NA // [2010]: NA // [2015]: NA	NA = A figure was not provided.	FAO, Global Forest Resources Assessment		E: Estimated data						2015
15	15.2	15.2.1	AG_LND_FRSTBIOPHA	Above-ground biomass in forest per hectare (tonnes per hectare)	2019.Q2.G.01	032	Argentina	005	South America	Country	ARG	1	-65.14563274	-35.19446255	T_PER_HA	Tonnes per hectare			G	Global		Official country data submitted to FAO	FAO, Global Forest Resources Assessment		C: Country data	173.82	177.37	180.1	182.69	182.69	2015
15	15.2	15.2.1	AG_LND_FRSTBIOPHA	Above-ground biomass in forest per hectare (tonnes per hectare)	2019.Q2.G.01	036	Australia	053	Australia and New Zealand	Country	AUS	1	134.3499412	-25.57717202	T_PER_HA	Tonnes per hectare			G	Global	[2015]: NA	[2000,2005,2010]: Official country data submitted to FAO // [2015]: NA = A figure was not provided.	FAO, Global Forest Resources Assessment		C: Country data	87.05	87.25	90.46			2015
15	15.2	15.2.1	AG_LND_FRSTBIOPHA	Above-ground biomass in forest per hectare (tonnes per hectare)	2019.Q2.G.01	040	Austria	155	Western Europe	Country	AUT	1	14.14172472	47.58704857	T_PER_HA	Tonnes per hectare			G	Global		Official country data submitted to FAO	FAO, Global Forest Resources Assessment		C: Country data	156.07	160.22	162.69	165.16	165.16	2015
15	15.2	15.2.1	AG_LND_FRSTBIOPHA	Above-ground biomass in forest per hectare (tonnes per hectare)	2019.Q2.G.01	044	Bahamas	029	Caribbean	Country	BHS	1	-78.05111663	24.69546597	T_PER_HA	Tonnes per hectare			G	Global	[2000]: NA // [2005]: NA // [2010]: NA // [2015]: NA	NA = A figure was not provided.	FAO, Global Forest Resources Assessment		E: Estimated data						2015
15	15.2	15.2.1	AG_LND_FRSTBIOPHA	Above-ground biomass in forest per hectare (tonnes per hectare)	2019.Q2.G.01	048	Bahrain	145	Western Asia	Country	BHR	1	50.5490754	26.04407747	T_PER_HA	Tonnes per hectare			G	Global	[2000]: NA // [2005]: NA // [2010]: NA // [2015]: NA	NA = A figure was not provided.	FAO, Global Forest Resources Assessment		E: Estimated data						2015
15	15.2	15.2.1	AG_LND_FRSTBIOPHA	Above-ground biomass in forest per hectare (tonnes per hectare)	2019.Q2.G.01	050	Bangladesh	034	Southern Asia	Country	BGD	1	89.17660788	22.86961622	T_PER_HA	Tonnes per hectare			G	Global		Official country data submitted to FAO	FAO, Global Forest Resources Assessment		C: Country data	98.77	98.97	118.59	123.86	123.86	2015
15	15.2	15.2.1	AG_LND_FRSTBIOPHA	Above-ground biomass in forest per hectare (tonnes per hectare)	2019.Q2.G.01	051	Armenia	145	Western Asia	Country	ARM	1	44.93839317	40.29499741	T_PER_HA	Tonnes per hectare			G	Global		Official country data submitted to FAO	FAO, Global Forest Resources Assessment		C: Country data	81.38	80.72	80.06	80.72	80.72	2015
15	15.2	15.2.1	AG_LND_FRSTBIOPHA	Above-ground biomass in forest per hectare (tonnes per hectare)	2019.Q2.G.01	052	Barbados	029	Caribbean	Country	BRB	1	-59.5346489	13.13648273	T_PER_HA	Tonnes per hectare			G	Global	[2000]: NA // [2005]: NA // [2010]: NA // [2015]: NA	NA = A figure was not provided.	FAO, Global Forest Resources Assessment		C: Country data						2015
15	15.2	15.2.1	AG_LND_FRSTBIOPHA	Above-ground biomass in forest per hectare (tonnes per hectare)	2019.Q2.G.01	056	Belgium	155	Western Europe	Country	BEL	1	4.660976456	50.64104975	T_PER_HA	Tonnes per hectare			G	Global		Official country data submitted to FAO	FAO, Global Forest Resources Assessment		C: Country data	148.48	158.71	166.63	175.61	175.61	2015
15	15.2	15.2.1	AG_LND_FRSTBIOPHA	Above-ground biomass in forest per hectare (tonnes per hectare)	2019.Q2.G.01	060	Bermuda	021	Northern America	Country	BMU	0	-64.78155012	32.27881922	T_PER_HA	Tonnes per hectare			G	Global	[2000]: NA // [2005]: NA // [2010]: NA // [2015]: NA	NA = A figure was not provided.	FAO, Global Forest Resources Assessment		E: Estimated data						2015
15	15.2	15.2.1	AG_LND_FRSTBIOPHA	Above-ground biomass in forest per hectare (tonnes per hectare)	2019.Q2.G.01	064	Bhutan	034	Southern Asia	Country	BTN	1	90.45098484	27.39598568	T_PER_HA	Tonnes per hectare			G	Global		Official country data submitted to FAO	FAO, Global Forest Resources Assessment		C: Country data	165.43	165.87	165.05	165.09	165.09	2015
15	15.2	15.2.1	AG_LND_FRSTBIOPHA	Above-ground biomass in forest per hectare (tonnes per hectare)	2019.Q2.G.01	068	Bolivia (Plurinational State of)	005	South America	Country	BOL	1	-64.66224284	-16.71273412	T_PER_HA	Tonnes per hectare			G	Global		Official country data submitted to FAO	FAO, Global Forest Resources Assessment		C: Country data	133.25	133.26	135.6	135.6	135.6	2015
15	15.2	15.2.1	AG_LND_FRSTBIOPHA	Above-ground biomass in forest per hectare (tonnes per hectare)	2019.Q2.G.01	070	Bosnia and Herzegovina	039	Southern Europe	Country	BIH	1	17.78584332	44.16845548	T_PER_HA	Tonnes per hectare			G	Global		FAO Estimate	FAO, Global Forest Resources Assessment		E: Estimated data	87.03	87.03	87.03	87.03	87.03	2015
15	15.2	15.2.1	AG_LND_FRSTBIOPHA	Above-ground biomass in forest per hectare (tonnes per hectare)	2019.Q2.G.01	072	Botswana	018	Southern Africa	Country	BWA	1	23.81380223	-22.18810073	T_PER_HA	Tonnes per hectare			G	Global		Official country data submitted to FAO	FAO, Global Forest Resources Assessment		C: Country data	72.12	74.77	77.61	80.07	80.07	2015
15	15.2	15.2.1	AG_LND_FRSTBIOPHA	Above-ground biomass in forest per hectare (tonnes per hectare)	2019.Q2.G.01	074	Bouvet Island	005	South America	Country	BVT	0	3.410732868	-54.43295905																	
15	15.2	15.2.1	AG_LND_FRSTBIOPHA	Above-ground biomass in forest per hectare (tonnes per hectare)	2019.Q2.G.01	076	Brazil	005	South America	Country	BRA	1	-53.08432878	-10.77668561	T_PER_HA	Tonnes per hectare			G	Global		Official country data submitted to FAO	FAO, Global Forest Resources Assessment		C: Country data	193.67	194.49	195.5	196.18	196.18	2015
15	15.2	15.2.1	AG_LND_FRSTBIOPHA	Above-ground biomass in forest per hectare (tonnes per hectare)	2019.Q2.G.01	084	Belize	013	Central America	Country	BLZ	1	-88.70199554	17.19965901	T_PER_HA	Tonnes per hectare			G	Global		FAO Estimate	FAO, Global Forest Resources Assessment		E: Estimated data	215.17	214.61	211.3	211.52	211.52	2015
15	15.2	15.2.1	AG_LND_FRSTBIOPHA	Above-ground biomass in forest per hectare (tonnes per hectare)	2019.Q2.G.01	086	British Indian Ocean Territory	014	Eastern Africa	Country	IOT	0	72.38715553	-7.299281071	T_PER_HA	Tonnes per hectare			G	Global	[2000]: NA // [2005]: NA // [2010]: NA // [2015]: NA	NA = A figure was not provided.	FAO, Global Forest Resources Assessment		C: Country data						2015
15	15.2	15.2.1	AG_LND_FRSTBIOPHA	Above-ground biomass in forest per hectare (tonnes per hectare)	2019.Q2.G.01	090	Solomon Islands	054	Melanesia	Country	SLB	1	160.1584117	-9.622391719	T_PER_HA	Tonnes per hectare			G	Global		FAO Estimate	FAO, Global Forest Resources Assessment		E: Estimated data	141.01	141.01	140.99	140.73	140.73	2015
15	15.2	15.2.1	AG_LND_FRSTBIOPHA	Above-ground biomass in forest per hectare (tonnes per hectare)	2019.Q2.G.01	092	British Virgin Islands	029	Caribbean	Country	VGB	0	-64.63294223	18.42256578	T_PER_HA	Tonnes per hectare			G	Global	[2000]: NA // [2005]: NA // [2010]: NA // [2015]: NA	NA = A figure was not provided.	FAO, Global Forest Resources Assessment		E: Estimated data						2015
15	15.2	15.2.1	AG_LND_FRSTBIOPHA	Above-ground biomass in forest per hectare (tonnes per hectare)	2019.Q2.G.01	096	Brunei Darussalam	035	South-Eastern Asia	Country	BRN	1	114.6288563	4.49736984	T_PER_HA	Tonnes per hectare			G	Global		FAO Estimate	FAO, Global Forest Resources Assessment		E: Estimated data	329.37	325.96	323.26	323.68	323.68	2015
15	15.2	15.2.1	AG_LND_FRSTBIOPHA	Above-ground biomass in forest per hectare (tonnes per hectare)	2019.Q2.G.01	100	Bulgaria	151	Eastern Europe	Country	BGR	1	25.23763153	42.75731323	T_PER_HA	Tonnes per hectare			G	Global		Official country data submitted to FAO	FAO, Global Forest Resources Assessment		C: Country data	79.7	82.99	88.04	92.86	92.86	2015
15	15.2	15.2.1	AG_LND_FRSTBIOPHA	Above-ground biomass in forest per hectare (tonnes per hectare)	2019.Q2.G.01	104	Myanmar	035	South-Eastern Asia	Country	MMR	1	96.51752295	21.19332882	T_PER_HA	Tonnes per hectare			G	Global		Official country data submitted to FAO	FAO, Global Forest Resources Assessment		C: Country data	92.26	92.25	92.25	94.72	94.72	2015
15	15.2	15.2.1	AG_LND_FRSTBIOPHA	Above-ground biomass in forest per hectare (tonnes per hectare)	2019.Q2.G.01	108	Burundi	014	Eastern Africa	Country	BDI	1	29.89080992	-3.366387428	T_PER_HA	Tonnes per hectare			G	Global		Official country data submitted to FAO	FAO, Global Forest Resources Assessment		C: Country data	159.9	166.57	167.0	166.78	166.78	2015
15	15.2	15.2.1	AG_LND_FRSTBIOPHA	Above-ground biomass in forest per hectare (tonnes per hectare)	2019.Q2.G.01	112	Belarus	151	Eastern Europe	Country	BLR	1	28.04940161	53.54193075	T_PER_HA	Tonnes per hectare			G	Global		Official country data submitted to FAO	FAO, Global Forest Resources Assessment		C: Country data	95.08	104.54	116.78	122.01	122.01	2015
15	15.2	15.2.1	AG_LND_FRSTBIOPHA	Above-ground biomass in forest per hectare (tonnes per hectare)	2019.Q2.G.01	116	Cambodia	035	South-Eastern Asia	Country	KHM	1	104.922836	12.71163737	T_PER_HA	Tonnes per hectare			G	Global		Official country data submitted to FAO	FAO, Global Forest Resources Assessment		C: Country data	63.4	63.0	62.71	62.39	62.39	2015
15	15.2	15.2.1	AG_LND_FRSTBIOPHA	Above-ground biomass in forest per hectare (tonnes per hectare)	2019.Q2.G.01	120	Cameroon	017	Middle Africa	Country	CMR	1	12.7419827	5.692387031	T_PER_HA	Tonnes per hectare			G	Global		Official country data submitted to FAO	FAO, Global Forest Resources Assessment		C: Country data	232.28	232.25	232.28	232.3	232.3	2015
15	15.2	15.2.1	AG_LND_FRSTBIOPHA	Above-ground biomass in forest per hectare (tonnes per hectare)	2019.Q2.G.01	124	Canada	021	Northern America	Country	CAN	1	-101.6575058	57.72360191	T_PER_HA	Tonnes per hectare			G	Global	[2015]: NA	[2000,2005,2010]: Official country data submitted to FAO // [2015]: NA = A figure was not provided.	FAO, Global Forest Resources Assessment		C: Country data	66.48	65.24	64.6			2015
15	15.2	15.2.1	AG_LND_FRSTBIOPHA	Above-ground biomass in forest per hectare (tonnes per hectare)	2019.Q2.G.01	132	Cabo Verde	011	Western Africa	Country	CPV	1	-23.63544151	15.07791834	T_PER_HA	Tonnes per hectare			G	Global		Official country data submitted to FAO	FAO, Global Forest Resources Assessment		C: Country data	95.02	94.51	95.19	95.44	95.44	2015
15	15.2	15.2.1	AG_LND_FRSTBIOPHA	Above-ground biomass in forest per hectare (tonnes per hectare)	2019.Q2.G.01	136	Cayman Islands	029	Caribbean	Country	CYM	0	-81.16740559	19.32266656	T_PER_HA	Tonnes per hectare			G	Global	[2000]: NA // [2005]: NA // [2010]: NA // [2015]: NA	NA = A figure was not provided.	FAO, Global Forest Resources Assessment		E: Estimated data						2015
15	15.2	15.2.1	AG_LND_FRSTBIOPHA	Above-ground biomass in forest per hectare (tonnes per hectare)	2019.Q2.G.01	140	Central African Republic	017	Middle Africa	Country	CAF	1	20.93559492	7.003720791	T_PER_HA	Tonnes per hectare			G	Global		Official country data submitted to FAO	FAO, Global Forest Resources Assessment		C: Country data	221.97	221.31	220.65	219.98	219.98	2015
15	15.2	15.2.1	AG_LND_FRSTBIOPHA	Above-ground biomass in forest per hectare (tonnes per hectare)	2019.Q2.G.01	144	Sri Lanka	034	Southern Asia	Country	LKA	1	80.70489654	7.614693343	T_PER_HA	Tonnes per hectare			G	Global		Official country data submitted to FAO	FAO, Global Forest Resources Assessment		C: Country data	64.61	62.98	62.44	61.76	61.76	2015
15	15.2	15.2.1	AG_LND_FRSTBIOPHA	Above-ground biomass in forest per hectare (tonnes per hectare)	2019.Q2.G.01	148	Chad	017	Middle Africa	Country	TCD	1	18.66618401	15.36279341	T_PER_HA	Tonnes per hectare			G	Global		Official country data submitted to FAO	FAO, Global Forest Resources Assessment		C: Country data	91.53	91.52	91.5	91.49	91.49	2015
15	15.2	15.2.1	AG_LND_FRSTBIOPHA	Above-ground biomass in forest per hectare (tonnes per hectare)	2019.Q2.G.01	152	Chile	005	South America	Country	CHL	1	-71.23029019	-35.2652885	T_PER_HA	Tonnes per hectare			G	Global		Official country data submitted to FAO	FAO, Global Forest Resources Assessment		C: Country data	139.83	139.04	138.47	140.25	140.25	2015
15	15.2	15.2.1	AG_LND_FRSTBIOPHA	Above-ground biomass in forest per hectare (tonnes per hectare)	2019.Q2.G.01	156	China	030	Eastern Asia	Country	CHN	1	104.1403375	32.30955217	T_PER_HA	Tonnes per hectare			G	Global		Official country data submitted to FAO	FAO, Global Forest Resources Assessment		C: Country data	48.61	48.51	51.12	52.54	52.54	2015
15	15.2	15.2.1	AG_LND_FRSTBIOPHA	Above-ground biomass in forest per hectare (tonnes per hectare)	2019.Q2.G.01	162	Christmas Island	053	Australia and New Zealand	Country	CXR	0	105.6426067	-10.4882473	T_PER_HA	Tonnes per hectare			G	Global	[2000]: NA // [2005]: NA // [2010]: NA // [2015]: NA	NA = A figure was not provided.	FAO, Global Forest Resources Assessment		C: Country data						2015
15	15.2	15.2.1	AG_LND_FRSTBIOPHA	Above-ground biomass in forest per hectare (tonnes per hectare)	2019.Q2.G.01	166	Cocos (Keeling) Islands	053	Australia and New Zealand	Country	CCK	0	96.82633757	-12.18600682	T_PER_HA	Tonnes per hectare			G	Global	[2000]: NA // [2005]: NA // [2010]: NA // [2015]: NA	NA = A figure was not provided.	FAO, Global Forest Resources Assessment		C: Country data						2015
15	15.2	15.2.1	AG_LND_FRSTBIOPHA	Above-ground biomass in forest per hectare (tonnes per hectare)	2019.Q2.G.01	170	Colombia	005	South America	Country	COL	1	-73.07446751	3.888209046	T_PER_HA	Tonnes per hectare			G	Global		Official country data submitted to FAO	FAO, Global Forest Resources Assessment		C: Country data	262.66	263.07	263.64	263.66	263.66	2015
15	15.2	15.2.1	AG_LND_FRSTBIOPHA	Above-ground biomass in forest per hectare (tonnes per hectare)	2019.Q2.G.01	174	Comoros	014	Eastern Africa	Country	COM	1	43.34234565	-11.66121732	T_PER_HA	Tonnes per hectare			G	Global		FAO Estimate	FAO, Global Forest Resources Assessment		E: Estimated data	64.67	65.0	65.64	64.32	64.32	2015
15	15.2	15.2.1	AG_LND_FRSTBIOPHA	Above-ground biomass in forest per hectare (tonnes per hectare)	2019.Q2.G.01	175	Mayotte	014	Eastern Africa	Country	MYT	0	45.14015057	-12.82217691	T_PER_HA	Tonnes per hectare			G	Global	[2000]: NA // [2005]: NA // [2010]: NA // [2015]: NA	NA = A figure was not provided.	FAO, Global Forest Resources Assessment		E: Estimated data						2015
15	15.2	15.2.1	AG_LND_FRSTBIOPHA	Above-ground biomass in forest per hectare (tonnes per hectare)	2019.Q2.G.01	178	Congo	011	Western Africa	Country	COG	1	15.22052612	-0.840544119	T_PER_HA	Tonnes per hectare			G	Global		Official country data submitted to FAO	FAO, Global Forest Resources Assessment		C: Country data	263.3	263.27	263.26	263.28	263.28	2015
15	15.2	15.2.1	AG_LND_FRSTBIOPHA	Above-ground biomass in forest per hectare (tonnes per hectare)	2019.Q2.G.01	180	Democratic Republic of the Congo	017	Middle Africa	Country	COD	1	23.65496507	-2.877154732	T_PER_HA	Tonnes per hectare			G	Global		Official country data submitted to FAO	FAO, Global Forest Resources Assessment		C: Country data	218.63	218.63	218.63	218.64	218.64	2015
15	15.2	15.2.1	AG_LND_FRSTBIOPHA	Above-ground biomass in forest per hectare (tonnes per hectare)	2019.Q2.G.01	184	Cook Islands	061	Polynesia	Country	COK	0	-159.7711391	-21.22696458	T_PER_HA	Tonnes per hectare			G	Global	[2000]: NA // [2005]: NA // [2010]: NA // [2015]: NA	NA = A figure was not provided.	FAO, Global Forest Resources Assessment		C: Country data						2015
15	15.2	15.2.1	AG_LND_FRSTBIOPHA	Above-ground biomass in forest per hectare (tonnes per hectare)	2019.Q2.G.01	188	Costa Rica	013	Central America	Country	CRI	1	-84.19712782	9.970998683	T_PER_HA	Tonnes per hectare			G	Global		Official country data submitted to FAO	FAO, Global Forest Resources Assessment		C: Country data	156.57	156.56	156.62	134.07	134.07	2015
15	15.2	15.2.1	AG_LND_FRSTBIOPHA	Above-ground biomass in forest per hectare (tonnes per hectare)	2019.Q2.G.01	191	Croatia	039	Southern Europe	Country	HRV	1	17.95874553	45.45172212	T_PER_HA	Tonnes per hectare			G	Global		Official country data submitted to FAO	FAO, Global Forest Resources Assessment		C: Country data	191.49	203.25	212.56	216.78	216.78	2015
15	15.2	15.2.1	AG_LND_FRSTBIOPHA	Above-ground biomass in forest per hectare (tonnes per hectare)	2019.Q2.G.01	192	Cuba	029	Caribbean	Country	CUB	1	-79.54460144	22.10030366	T_PER_HA	Tonnes per hectare			G	Global		Official country data submitted to FAO	FAO, Global Forest Resources Assessment		C: Country data	202.38	209.83	164.29	160.34	160.34	2015
15	15.2	15.2.1	AG_LND_FRSTBIOPHA	Above-ground biomass in forest per hectare (tonnes per hectare)	2019.Q2.G.01	196	Cyprus	145	Western Asia	Country	CYP	1	33.22285964	35.05659437	T_PER_HA	Tonnes per hectare			G	Global		Official country data submitted to FAO	FAO, Global Forest Resources Assessment		C: Country data	24.12	25.32	29.96	33.61	33.61	2015
15	15.2	15.2.1	AG_LND_FRSTBIOPHA	Above-ground biomass in forest per hectare (tonnes per hectare)	2019.Q2.G.01	203	Czechia	151	Eastern Europe	Country	CZE	1	15.33151382	49.73913871	T_PER_HA	Tonnes per hectare			G	Global		Official country data submitted to FAO	FAO, Global Forest Resources Assessment		C: Country data	219.98	230.56	235.79	246.31	246.31	2015
15	15.2	15.2.1	AG_LND_FRSTBIOPHA	Above-ground biomass in forest per hectare (tonnes per hectare)	2019.Q2.G.01	204	Benin	011	Western Africa	Country	BEN	1	2.339933594	9.65401646	T_PER_HA	Tonnes per hectare			G	Global		Official country data submitted to FAO	FAO, Global Forest Resources Assessment		C: Country data	98.76	98.77	98.77	98.77	98.77	2015
15	15.2	15.2.1	AG_LND_FRSTBIOPHA	Above-ground biomass in forest per hectare (tonnes per hectare)	2019.Q2.G.01	208	Denmark	154	Northern Europe	Country	DNK	1	9.326571283	56.03829721	T_PER_HA	Tonnes per hectare			G	Global		Official country data submitted to FAO	FAO, Global Forest Resources Assessment		C: Country data	107.6	112.96	109.01	111.07	111.07	2015
15	15.2	15.2.1	AG_LND_FRSTBIOPHA	Above-ground biomass in forest per hectare (tonnes per hectare)	2019.Q2.G.01	212	Dominica	029	Caribbean	Country	DMA	1	-61.3493756	15.43391378	T_PER_HA	Tonnes per hectare			G	Global	[2000]: NA // [2005]: NA // [2010]: NA // [2015]: NA	NA = A figure was not provided.	FAO, Global Forest Resources Assessment		E: Estimated data						2015
15	15.2	15.2.1	AG_LND_FRSTBIOPHA	Above-ground biomass in forest per hectare (tonnes per hectare)	2019.Q2.G.01	214	Dominican Republic	029	Caribbean	Country	DOM	1	-70.49847576	18.89832088	T_PER_HA	Tonnes per hectare			G	Global		Official country data submitted to FAO	FAO, Global Forest Resources Assessment		C: Country data	122.81	122.76	122.84	122.84	122.84	2015
15	15.2	15.2.1	AG_LND_FRSTBIOPHA	Above-ground biomass in forest per hectare (tonnes per hectare)	2019.Q2.G.01	218	Ecuador	005	South America	Country	ECU	1	-78.37005241	-1.447785891	T_PER_HA	Tonnes per hectare			G	Global		Official country data submitted to FAO	FAO, Global Forest Resources Assessment		C: Country data	189.58	189.66	189.75	189.85	189.85	2015
15	15.2	15.2.1	AG_LND_FRSTBIOPHA	Above-ground biomass in forest per hectare (tonnes per hectare)	2019.Q2.G.01	222	El Salvador	013	Central America	Country	SLV	1	-88.86862995	13.73603564	T_PER_HA	Tonnes per hectare			G	Global	[2000]: NA // [2005]: NA // [2010]: NA // [2015]: NA	NA = A figure was not provided.	FAO, Global Forest Resources Assessment		C: Country data						2015
15	15.2	15.2.1	AG_LND_FRSTBIOPHA	Above-ground biomass in forest per hectare (tonnes per hectare)	2019.Q2.G.01	226	Equatorial Guinea	017	Middle Africa	Country	GNQ	1	10.46535826	1.565792376	T_PER_HA	Tonnes per hectare			G	Global		Official country data submitted to FAO	FAO, Global Forest Resources Assessment		C: Country data	213.94	213.89	213.96	213.9	213.9	2015
15	15.2	15.2.1	AG_LND_FRSTBIOPHA	Above-ground biomass in forest per hectare (tonnes per hectare)	2019.Q2.G.01	231	Ethiopia	014	Eastern Africa	Country	ETH	1	39.63505296	8.631223181	T_PER_HA	Tonnes per hectare			G	Global	[2015]: NA	[2000,2005,2010]: Official country data submitted to FAO // [2015]: NA = A figure was not provided.	FAO, Global Forest Resources Assessment		C: Country data	31.08	30.46	29.85			2015
15	15.2	15.2.1	AG_LND_FRSTBIOPHA	Above-ground biomass in forest per hectare (tonnes per hectare)	2019.Q2.G.01	232	Eritrea	014	Eastern Africa	Country	ERI	1	38.11074289	16.12894644	T_PER_HA	Tonnes per hectare			G	Global	[2000]: NA // [2005]: NA // [2010]: NA // [2015]: NA	NA = A figure was not provided.	FAO, Global Forest Resources Assessment		E: Estimated data						2015
15	15.2	15.2.1	AG_LND_FRSTBIOPHA	Above-ground biomass in forest per hectare (tonnes per hectare)	2019.Q2.G.01	233	Estonia	154	Northern Europe	Country	EST	1	25.84093481	58.68487172	T_PER_HA	Tonnes per hectare			G	Global		Official country data submitted to FAO	FAO, Global Forest Resources Assessment		C: Country data	114.23	112.78	118.25	119.76	119.76	2015
15	15.2	15.2.1	AG_LND_FRSTBIOPHA	Above-ground biomass in forest per hectare (tonnes per hectare)	2019.Q2.G.01	234	Faroe Islands	154	Northern Europe	Country	FRO	0	-7.122044325	62.21228119	T_PER_HA	Tonnes per hectare			G	Global		FAO Estimate	FAO, Global Forest Resources Assessment		E: Estimated data	0.0	0.0	0.0	0.0	0.0	2015
15	15.2	15.2.1	AG_LND_FRSTBIOPHA	Above-ground biomass in forest per hectare (tonnes per hectare)	2019.Q2.G.01	238	Falkland Islands (Malvinas)	005	South America	Country	FLK	0	-58.75246778	-51.74562601	T_PER_HA	Tonnes per hectare			G	Global	[2000]: NA // [2005]: NA // [2010]: NA // [2015]: NA	NA = A figure was not provided.	FAO, Global Forest Resources Assessment		E: Estimated data						2015
15	15.2	15.2.1	AG_LND_FRSTBIOPHA	Above-ground biomass in forest per hectare (tonnes per hectare)	2019.Q2.G.01	239	South Georgia and the South Sandwich Islands	005	South America	Country	SGS	0	-36.90662765	-54.20736749	T_PER_HA	Tonnes per hectare			G	Global	[2000]: NA // [2005]: NA // [2010]: NA // [2015]: NA	NA = A figure was not provided.	FAO, Global Forest Resources Assessment		C: Country data						2015
15	15.2	15.2.1	AG_LND_FRSTBIOPHA	Above-ground biomass in forest per hectare (tonnes per hectare)	2019.Q2.G.01	242	Fiji	054	Melanesia	Country	FJI	1	177.9660884	-17.83301566	T_PER_HA	Tonnes per hectare			G	Global	[2000]: NA // [2005]: NA // [2010]: NA // [2015]: NA	NA = A figure was not provided.	FAO, Global Forest Resources Assessment		C: Country data						2015
15	15.2	15.2.1	AG_LND_FRSTBIOPHA	Above-ground biomass in forest per hectare (tonnes per hectare)	2019.Q2.G.01	246	Finland	154	Northern Europe	Country	FIN	1	23.308447	61.91586738	T_PER_HA	Tonnes per hectare			G	Global		Official country data submitted to FAO	FAO, Global Forest Resources Assessment		C: Country data	48.7	51.37	53.7	53.7	53.7	2015
15	15.2	15.2.1	AG_LND_FRSTBIOPHA	Above-ground biomass in forest per hectare (tonnes per hectare)	2019.Q2.G.01	248	Åland Islands	154	Northern Europe	Country	ALA	0	19.80945969	60.1544901	T_PER_HA	Tonnes per hectare			G	Global	[2000]: NA // [2005]: NA // [2010]: NA // [2015]: NA	NA = A figure was not provided.	FAO, Global Forest Resources Assessment		C: Country data						2015
15	15.2	15.2.1	AG_LND_FRSTBIOPHA	Above-ground biomass in forest per hectare (tonnes per hectare)	2019.Q2.G.01	250	France	155	Western Europe	Country	FRA	1	2.457288129	46.62660861	T_PER_HA	Tonnes per hectare			G	Global		Official country data submitted to FAO	FAO, Global Forest Resources Assessment		C: Country data	112.3	120.42	124.15	130.91	130.91	2015
15	15.2	15.2.1	AG_LND_FRSTBIOPHA	Above-ground biomass in forest per hectare (tonnes per hectare)	2019.Q2.G.01	254	French Guiana	005	South America	Country	GUF	0	-53.23619089	3.922673437	T_PER_HA	Tonnes per hectare			G	Global		Official country data submitted to FAO	FAO, Global Forest Resources Assessment		C: Country data	350.04	350.02	349.96	350.06	350.06	2015
15	15.2	15.2.1	AG_LND_FRSTBIOPHA	Above-ground biomass in forest per hectare (tonnes per hectare)	2019.Q2.G.01	258	French Polynesia	061	Polynesia	Country	PYF	0	-149.4052367	-17.67709294	T_PER_HA	Tonnes per hectare			G	Global	[2000]: NA // [2005]: NA	[2000,2005]: NA = A figure was not provided. // [2010,2015]: FAO Estimate	FAO, Global Forest Resources Assessment		E: Estimated data			232.13	232.13	232.13	2015
15	15.2	15.2.1	AG_LND_FRSTBIOPHA	Above-ground biomass in forest per hectare (tonnes per hectare)	2019.Q2.G.01	260	French Southern Territories	014	Eastern Africa	Country	ATF	0	69.64849091	-49.6068576	T_PER_HA	Tonnes per hectare			G	Global	[2000]: NA // [2005]: NA // [2010]: NA // [2015]: NA	NA = A figure was not provided.	FAO, Global Forest Resources Assessment		C: Country data						2015
15	15.2	15.2.1	AG_LND_FRSTBIOPHA	Above-ground biomass in forest per hectare (tonnes per hectare)	2019.Q2.G.01	262	Djibouti	014	Eastern Africa	Country	DJI	1	42.18274707	11.56004161	T_PER_HA	Tonnes per hectare			G	Global		FAO Estimate	FAO, Global Forest Resources Assessment		E: Estimated data	60.71	60.71	60.71	60.71	60.71	2015
15	15.2	15.2.1	AG_LND_FRSTBIOPHA	Above-ground biomass in forest per hectare (tonnes per hectare)	2019.Q2.G.01	266	Gabon	017	Middle Africa	Country	GAB	1	11.78727747	-0.60687619	T_PER_HA	Tonnes per hectare			G	Global		Official country data submitted to FAO	FAO, Global Forest Resources Assessment		C: Country data	223.27	223.27	223.27	223.26	223.26	2015
15	15.2	15.2.1	AG_LND_FRSTBIOPHA	Above-ground biomass in forest per hectare (tonnes per hectare)	2019.Q2.G.01	268	Georgia	145	Western Asia	Country	GEO	1	43.3713615	42.04813028	T_PER_HA	Tonnes per hectare			G	Global		Official country data submitted to FAO	FAO, Global Forest Resources Assessment		C: Country data	116.47	118.73	119.33	119.33	119.33	2015
15	15.2	15.2.1	AG_LND_FRSTBIOPHA	Above-ground biomass in forest per hectare (tonnes per hectare)	2019.Q2.G.01	270	Gambia	011	Western Africa	Country	GMB	1	-15.39944785	13.45295927	T_PER_HA	Tonnes per hectare			G	Global		Official country data submitted to FAO	FAO, Global Forest Resources Assessment		C: Country data	112.86	112.72	112.81	112.58	112.58	2015
15	15.2	15.2.1	AG_LND_FRSTBIOPHA	Above-ground biomass in forest per hectare (tonnes per hectare)	2019.Q2.G.01	275	State of Palestine	145	Western Asia	Country	PSE	0	35.25694122	31.94347933	T_PER_HA	Tonnes per hectare			G	Global	[2000]: NA // [2005]: NA // [2010]: NA // [2015]: NA	NA = A figure was not provided.	FAO, Global Forest Resources Assessment		E: Estimated data						2015
15	15.2	15.2.1	AG_LND_FRSTBIOPHA	Above-ground biomass in forest per hectare (tonnes per hectare)	2019.Q2.G.01	276	Germany	155	Western Europe	Country	DEU	1	10.3806066	51.08862743	T_PER_HA	Tonnes per hectare			G	Global		Official country data submitted to FAO	FAO, Global Forest Resources Assessment		C: Country data	158.62	164.88	169.87	179.79	179.79	2015
15	15.2	15.2.1	AG_LND_FRSTBIOPHA	Above-ground biomass in forest per hectare (tonnes per hectare)	2019.Q2.G.01	288	Ghana	011	Western Africa	Country	GHA	1	-1.205623522	7.964825185	T_PER_HA	Tonnes per hectare			G	Global		Official country data submitted to FAO	FAO, Global Forest Resources Assessment		C: Country data	142.46	130.58	129.64	125.42	125.42	2015
15	15.2	15.2.1	AG_LND_FRSTBIOPHA	Above-ground biomass in forest per hectare (tonnes per hectare)	2019.Q2.G.01	292	Gibraltar	039	Southern Europe	Country	GIB	0	-5.347561686	36.13895036	T_PER_HA	Tonnes per hectare			G	Global	[2000]: NA // [2005]: NA // [2010]: NA // [2015]: NA	NA = A figure was not provided.	FAO, Global Forest Resources Assessment		E: Estimated data						2015
15	15.2	15.2.1	AG_LND_FRSTBIOPHA	Above-ground biomass in forest per hectare (tonnes per hectare)	2019.Q2.G.01	296	Kiribati	057	Micronesia	Country	KIR	1	-157.5643005	1.768837732	T_PER_HA	Tonnes per hectare			G	Global	[2000]: NA // [2005]: NA // [2010]: NA // [2015]: NA	NA = A figure was not provided.	FAO, Global Forest Resources Assessment		E: Estimated data						2015
15	15.2	15.2.1	AG_LND_FRSTBIOPHA	Above-ground biomass in forest per hectare (tonnes per hectare)	2019.Q2.G.01	300	Greece	039	Southern Europe	Country	GRC	1	22.58307827	39.47301873	T_PER_HA	Tonnes per hectare			G	Global		FAO Estimate	FAO, Global Forest Resources Assessment		E: Estimated data	33.88	33.85	33.82	33.79	33.79	2015
15	15.2	15.2.1	AG_LND_FRSTBIOPHA	Above-ground biomass in forest per hectare (tonnes per hectare)	2019.Q2.G.01	304	Greenland	021	Northern America	Country	GRL	0	-41.39371316	74.75625681	T_PER_HA	Tonnes per hectare			G	Global		FAO Estimate	FAO, Global Forest Resources Assessment		E: Estimated data	0.0	0.0	0.0	0.0	0.0	2015
15	15.2	15.2.1	AG_LND_FRSTBIOPHA	Above-ground biomass in forest per hectare (tonnes per hectare)	2019.Q2.G.01	308	Grenada	029	Caribbean	Country	GRD	1	-61.68248568	12.11238395	T_PER_HA	Tonnes per hectare			G	Global	[2015]: NA	[2000,2005,2010]: FAO Estimate // [2015]: NA = A figure was not provided.	FAO, Global Forest Resources Assessment		E: Estimated data	137.49	87.52	112.48			2015
15	15.2	15.2.1	AG_LND_FRSTBIOPHA	Above-ground biomass in forest per hectare (tonnes per hectare)	2019.Q2.G.01	312	Guadeloupe	029	Caribbean	Country	GLP	0	-61.64762115	16.14416917	T_PER_HA	Tonnes per hectare			G	Global		Official country data submitted to FAO	FAO, Global Forest Resources Assessment		C: Country data	307.96	303.17	302.67	303.51	303.51	2015
15	15.2	15.2.1	AG_LND_FRSTBIOPHA	Above-ground biomass in forest per hectare (tonnes per hectare)	2019.Q2.G.01	316	Guam	057	Micronesia	Country	GUM	0	144.7029305	13.35485404	T_PER_HA	Tonnes per hectare			G	Global		FAO Estimate	FAO, Global Forest Resources Assessment		E: Estimated data	112.0	112.0	112.0	112.0	112.0	2015
15	15.2	15.2.1	AG_LND_FRSTBIOPHA	Above-ground biomass in forest per hectare (tonnes per hectare)	2019.Q2.G.01	320	Guatemala	013	Central America	Country	GTM	1	-91.2312746	15.00273719	T_PER_HA	Tonnes per hectare			G	Global		Official country data submitted to FAO	FAO, Global Forest Resources Assessment		C: Country data	124.05	123.92	121.98	124.01	124.01	2015
15	15.2	15.2.1	AG_LND_FRSTBIOPHA	Above-ground biomass in forest per hectare (tonnes per hectare)	2019.Q2.G.01	324	Guinea	011	Western Africa	Country	GIN	1	-11.28173419	11.00210343	T_PER_HA	Tonnes per hectare			G	Global		Official country data submitted to FAO	FAO, Global Forest Resources Assessment		C: Country data	152.52	152.59	152.51	152.42	152.42	2015
15	15.2	15.2.1	AG_LND_FRSTBIOPHA	Above-ground biomass in forest per hectare (tonnes per hectare)	2019.Q2.G.01	328	Guyana	005	South America	Country	GUY	1	-58.97322037	4.788012784	T_PER_HA	Tonnes per hectare			G	Global		Official country data submitted to FAO	FAO, Global Forest Resources Assessment		C: Country data	472.03	471.99	472.01	471.98	471.98	2015
15	15.2	15.2.1	AG_LND_FRSTBIOPHA	Above-ground biomass in forest per hectare (tonnes per hectare)	2019.Q2.G.01	332	Haiti	029	Caribbean	Country	HTI	1	-72.33640958	18.40426539	T_PER_HA	Tonnes per hectare			G	Global		Official country data submitted to FAO	FAO, Global Forest Resources Assessment		C: Country data	95.96	96.0	96.04	96.08	96.08	2015
15	15.2	15.2.1	AG_LND_FRSTBIOPHA	Above-ground biomass in forest per hectare (tonnes per hectare)	2019.Q2.G.01	334	Heard Island and McDonald Islands	053	Australia and New Zealand	Country	HMD	0	73.52633626	-53.09106147	T_PER_HA	Tonnes per hectare			G	Global	[2000]: NA // [2005]: NA // [2010]: NA // [2015]: NA	NA = A figure was not provided.	FAO, Global Forest Resources Assessment		C: Country data						2015
15	15.2	15.2.1	AG_LND_FRSTBIOPHA	Above-ground biomass in forest per hectare (tonnes per hectare)	2019.Q2.G.01	336	Holy See	039	Southern Europe	Country	VAT	0	12.45315803	41.90343751	T_PER_HA	Tonnes per hectare			G	Global	[2000]: NA // [2005]: NA // [2010]: NA // [2015]: NA	NA = A figure was not provided.	FAO, Global Forest Resources Assessment		E: Estimated data						2015
15	15.2	15.2.1	AG_LND_FRSTBIOPHA	Above-ground biomass in forest per hectare (tonnes per hectare)	2019.Q2.G.01	340	Honduras	013	Central America	Country	HND	1	-86.59974381	14.82243161	T_PER_HA	Tonnes per hectare			G	Global		Official country data submitted to FAO	FAO, Global Forest Resources Assessment		C: Country data	109.04	109.12	109.01	108.89	108.89	2015
15	15.2	15.2.1	AG_LND_FRSTBIOPHA	Above-ground biomass in forest per hectare (tonnes per hectare)	2019.Q2.G.01	344	China, Hong Kong Special Administrative Region	030	Eastern Asia	Country	HKG	0	114.0266445	22.41749934	T_PER_HA	Tonnes per hectare			G	Global	[2000]: NA // [2005]: NA // [2010]: NA // [2015]: NA	NA = A figure was not provided.	FAO, Global Forest Resources Assessment		C: Country data						2015
15	15.2	15.2.1	AG_LND_FRSTBIOPHA	Above-ground biomass in forest per hectare (tonnes per hectare)	2019.Q2.G.01	348	Hungary	151	Eastern Europe	Country	HUN	1	19.41221519	47.1651448	T_PER_HA	Tonnes per hectare			G	Global		Official country data submitted to FAO	FAO, Global Forest Resources Assessment		C: Country data	92.33	93.29	94.82	98.6	98.6	2015
15	15.2	15.2.1	AG_LND_FRSTBIOPHA	Above-ground biomass in forest per hectare (tonnes per hectare)	2019.Q2.G.01	352	Iceland	154	Northern Europe	Country	ISL	1	-19.02116966	64.79134763	T_PER_HA	Tonnes per hectare			G	Global		Official country data submitted to FAO	FAO, Global Forest Resources Assessment		C: Country data	12.15	12.6	14.75	20.33	20.33	2015
15	15.2	15.2.1	AG_LND_FRSTBIOPHA	Above-ground biomass in forest per hectare (tonnes per hectare)	2019.Q2.G.01	356	India	034	Southern Asia	Country	IND	1	79.3608464	22.34642074	T_PER_HA	Tonnes per hectare			G	Global		Official country data submitted to FAO	FAO, Global Forest Resources Assessment		C: Country data	42.76	45.43	47.16	43.86	43.86	2015
15	15.2	15.2.1	AG_LND_FRSTBIOPHA	Above-ground biomass in forest per hectare (tonnes per hectare)	2019.Q2.G.01	360	Indonesia	035	South-Eastern Asia	Country	IDN	1	113.9174	-0.994582204	T_PER_HA	Tonnes per hectare			G	Global		Official country data submitted to FAO	FAO, Global Forest Resources Assessment		C: Country data	244.31	233.76	220.54	206.32	206.32	2015
15	15.2	15.2.1	AG_LND_FRSTBIOPHA	Above-ground biomass in forest per hectare (tonnes per hectare)	2019.Q2.G.01	364	Iran (Islamic Republic of)	034	Southern Asia	Country	IRN	1	54.19766348	32.74370885	T_PER_HA	Tonnes per hectare			G	Global		Official country data submitted to FAO	FAO, Global Forest Resources Assessment		C: Country data	44.39	39.47	40.12	25.78	25.78	2015
15	15.2	15.2.1	AG_LND_FRSTBIOPHA	Above-ground biomass in forest per hectare (tonnes per hectare)	2019.Q2.G.01	368	Iraq	145	Western Asia	Country	IRQ	1	43.76606267	33.05013795	T_PER_HA	Tonnes per hectare			G	Global	[2000]: NA // [2005]: NA // [2010]: NA // [2015]: NA	NA = A figure was not provided.	FAO, Global Forest Resources Assessment		E: Estimated data						2015
15	15.2	15.2.1	AG_LND_FRSTBIOPHA	Above-ground biomass in forest per hectare (tonnes per hectare)	2019.Q2.G.01	372	Ireland	154	Northern Europe	Country	IRL	1	-7.121425272	53.25274054	T_PER_HA	Tonnes per hectare			G	Global	[2015]: NA	[2000,2005,2010]: Official country data submitted to FAO // [2015]: NA = A figure was not provided.	FAO, Global Forest Resources Assessment		C: Country data	86.51	88.14	109.44			2015
15	15.2	15.2.1	AG_LND_FRSTBIOPHA	Above-ground biomass in forest per hectare (tonnes per hectare)	2019.Q2.G.01	376	Israel	145	Western Asia	Country	ISR	1	34.62277992	31.06164552	T_PER_HA	Tonnes per hectare			G	Global		Official country data submitted to FAO	FAO, Global Forest Resources Assessment		C: Country data	47.71	47.74	48.7	46.61	46.61	2015
15	15.2	15.2.1	AG_LND_FRSTBIOPHA	Above-ground biomass in forest per hectare (tonnes per hectare)	2019.Q2.G.01	380	Italy	039	Southern Europe	Country	ITA	1	12.57022427	42.79917282	T_PER_HA	Tonnes per hectare			G	Global		Official country data submitted to FAO	FAO, Global Forest Resources Assessment		C: Country data	95.23	99.78	105.34	110.57	110.57	2015
15	15.2	15.2.1	AG_LND_FRSTBIOPHA	Above-ground biomass in forest per hectare (tonnes per hectare)	2019.Q2.G.01	384	Côte d'Ivoire	011	Western Africa	Country	CIV	1	-5.552690016	7.62211586	T_PER_HA	Tonnes per hectare			G	Global		FAO Estimate	FAO, Global Forest Resources Assessment		E: Estimated data	94.45	94.45	94.45	94.45	94.45	2015
15	15.2	15.2.1	AG_LND_FRSTBIOPHA	Above-ground biomass in forest per hectare (tonnes per hectare)	2019.Q2.G.01	388	Jamaica	029	Caribbean	Country	JAM	1	-77.31068409	18.15616857	T_PER_HA	Tonnes per hectare			G	Global		Official country data submitted to FAO	FAO, Global Forest Resources Assessment		C: Country data	232.5	232.52	232.99	233.32	233.32	2015
15	15.2	15.2.1	AG_LND_FRSTBIOPHA	Above-ground biomass in forest per hectare (tonnes per hectare)	2019.Q2.G.01	392	Japan	030	Eastern Asia	Country	JPN	1	139.2716103	36.6554539	T_PER_HA	Tonnes per hectare			G	Global	[2015]: NA	[2000,2005,2010]: Official country data submitted to FAO // [2015]: NA = A figure was not provided.	FAO, Global Forest Resources Assessment		C: Country data	88.52	90.31	104.86			2015
15	15.2	15.2.1	AG_LND_FRSTBIOPHA	Above-ground biomass in forest per hectare (tonnes per hectare)	2019.Q2.G.01	398	Kazakhstan	143	Central Asia	Country	KAZ	1	66.65359159	48.01963494	T_PER_HA	Tonnes per hectare			G	Global		FAO Estimate	FAO, Global Forest Resources Assessment		E: Estimated data	62.6	63.21	63.74	63.74	63.74	2015
15	15.2	15.2.1	AG_LND_FRSTBIOPHA	Above-ground biomass in forest per hectare (tonnes per hectare)	2019.Q2.G.01	400	Jordan	145	Western Asia	Country	JOR	1	37.13024774	30.65365973	T_PER_HA	Tonnes per hectare			G	Global		FAO Estimate	FAO, Global Forest Resources Assessment		E: Estimated data	36.0	36.0	36.0	36.0	36.0	2015
15	15.2	15.2.1	AG_LND_FRSTBIOPHA	Above-ground biomass in forest per hectare (tonnes per hectare)	2019.Q2.G.01	404	Kenya	014	Eastern Africa	Country	KEN	1	37.86096816	0.534797278	T_PER_HA	Tonnes per hectare			G	Global		Official country data submitted to FAO	FAO, Global Forest Resources Assessment		C: Country data	233.34	233.01	239.95	246.09	246.09	2015
15	15.2	15.2.1	AG_LND_FRSTBIOPHA	Above-ground biomass in forest per hectare (tonnes per hectare)	2019.Q2.G.01	408	Democratic People's Republic of Korea	030	Eastern Asia	Country	PRK	1	127.1803633	40.1462645	T_PER_HA	Tonnes per hectare			G	Global		FAO Estimate	FAO, Global Forest Resources Assessment		E: Estimated data	46.44	46.83	46.95	46.91	46.91	2015
15	15.2	15.2.1	AG_LND_FRSTBIOPHA	Above-ground biomass in forest per hectare (tonnes per hectare)	2019.Q2.G.01	410	Republic of Korea	030	Eastern Asia	Country	KOR	1	127.8610254	36.45201023	T_PER_HA	Tonnes per hectare			G	Global		Official country data submitted to FAO	FAO, Global Forest Resources Assessment		C: Country data	59.0	73.86	90.65	104.95	104.95	2015
15	15.2	15.2.1	AG_LND_FRSTBIOPHA	Above-ground biomass in forest per hectare (tonnes per hectare)	2019.Q2.G.01	414	Kuwait	145	Western Asia	Country	KWT	1	47.49305029	29.53949468	T_PER_HA	Tonnes per hectare			G	Global	[2000]: NA // [2005]: NA // [2010]: NA // [2015]: NA	NA = A figure was not provided.	FAO, Global Forest Resources Assessment		E: Estimated data						2015
15	15.2	15.2.1	AG_LND_FRSTBIOPHA	Above-ground biomass in forest per hectare (tonnes per hectare)	2019.Q2.G.01	417	Kyrgyzstan	143	Central Asia	Country	KGZ	1	74.52324839	41.46204516	T_PER_HA	Tonnes per hectare			G	Global		Official country data submitted to FAO	FAO, Global Forest Resources Assessment		C: Country data	58.49	63.5	41.06	43.64	43.64	2015
15	15.2	15.2.1	AG_LND_FRSTBIOPHA	Above-ground biomass in forest per hectare (tonnes per hectare)	2019.Q2.G.01	418	Lao People's Democratic Republic	035	South-Eastern Asia	Country	LAO	1	101.9901968	20.27482773	T_PER_HA	Tonnes per hectare			G	Global		Official country data submitted to FAO	FAO, Global Forest Resources Assessment		C: Country data	121.2	116.42	108.05	100.53	100.53	2015
15	15.2	15.2.1	AG_LND_FRSTBIOPHA	Above-ground biomass in forest per hectare (tonnes per hectare)	2019.Q2.G.01	422	Lebanon	145	Western Asia	Country	LBN	1	35.89391711	33.92152458	T_PER_HA	Tonnes per hectare			G	Global	[2000]: NA	[2000]: NA = A figure was not provided. // [2005,2010,2015]: Official country data submitted to FAO	FAO, Global Forest Resources Assessment		C: Country data		20.37	21.28	21.22	21.22	2015
15	15.2	15.2.1	AG_LND_FRSTBIOPHA	Above-ground biomass in forest per hectare (tonnes per hectare)	2019.Q2.G.01	426	Lesotho	018	Southern Africa	Country	LSO	1	28.25362195	-29.58041814	T_PER_HA	Tonnes per hectare			G	Global		Official country data submitted to FAO	FAO, Global Forest Resources Assessment		C: Country data	90.48	90.7	90.45	89.8	89.8	2015
15	15.2	15.2.1	AG_LND_FRSTBIOPHA	Above-ground biomass in forest per hectare (tonnes per hectare)	2019.Q2.G.01	428	Latvia	154	Northern Europe	Country	LVA	1	26.42461876	56.64196636	T_PER_HA	Tonnes per hectare			G	Global		Official country data submitted to FAO	FAO, Global Forest Resources Assessment		C: Country data	107.71	109.83	118.99	128.81	128.81	2015
15	15.2	15.2.1	AG_LND_FRSTBIOPHA	Above-ground biomass in forest per hectare (tonnes per hectare)	2019.Q2.G.01	430	Liberia	011	Western Africa	Country	LBR	1	-9.311879038	6.448381009	T_PER_HA	Tonnes per hectare			G	Global		Official country data submitted to FAO	FAO, Global Forest Resources Assessment		C: Country data	231.85	231.85	231.85	239.76	239.76	2015
15	15.2	15.2.1	AG_LND_FRSTBIOPHA	Above-ground biomass in forest per hectare (tonnes per hectare)	2019.Q2.G.01	434	Libya	015	Northern Africa	Country	LBY	1	18.0295985	27.04042819	T_PER_HA	Tonnes per hectare			G	Global		FAO Estimate	FAO, Global Forest Resources Assessment		E: Estimated data	49.26	49.26	49.26	49.26	49.26	2015
15	15.2	15.2.1	AG_LND_FRSTBIOPHA	Above-ground biomass in forest per hectare (tonnes per hectare)	2019.Q2.G.01	438	Liechtenstein	155	Western Europe	Country	LIE	1	9.552985019	47.14167005	T_PER_HA	Tonnes per hectare			G	Global		FAO Estimate	FAO, Global Forest Resources Assessment		E: Estimated data	118.84	118.84	118.84	118.84	118.84	2015
15	15.2	15.2.1	AG_LND_FRSTBIOPHA	Above-ground biomass in forest per hectare (tonnes per hectare)	2019.Q2.G.01	440	Lithuania	154	Northern Europe	Country	LTU	1	23.90517807	55.33680309	T_PER_HA	Tonnes per hectare			G	Global		Official country data submitted to FAO	FAO, Global Forest Resources Assessment		C: Country data	117.38	115.61	118.85	124.36	124.36	2015
15	15.2	15.2.1	AG_LND_FRSTBIOPHA	Above-ground biomass in forest per hectare (tonnes per hectare)	2019.Q2.G.01	442	Luxembourg	155	Western Europe	Country	LUX	1	6.092656563	49.77679538	T_PER_HA	Tonnes per hectare			G	Global		FAO Estimate	FAO, Global Forest Resources Assessment		E: Estimated data	201.5	201.5	201.5	201.5	201.5	2015
15	15.2	15.2.1	AG_LND_FRSTBIOPHA	Above-ground biomass in forest per hectare (tonnes per hectare)	2019.Q2.G.01	446	China, Macao Special Administrative Region	030	Eastern Asia	Country	MAC	0	113.5665388	22.1237259	T_PER_HA	Tonnes per hectare			G	Global	[2000]: NA // [2005]: NA // [2010]: NA // [2015]: NA	NA = A figure was not provided.	FAO, Global Forest Resources Assessment		C: Country data						2015
15	15.2	15.2.1	AG_LND_FRSTBIOPHA	Above-ground biomass in forest per hectare (tonnes per hectare)	2019.Q2.G.01	450	Madagascar	014	Eastern Africa	Country	MDG	1	46.6982339	-19.38514785	T_PER_HA	Tonnes per hectare			G	Global		Official country data submitted to FAO	FAO, Global Forest Resources Assessment		C: Country data	222.3	222.23	222.26	222.32	222.32	2015
15	15.2	15.2.1	AG_LND_FRSTBIOPHA	Above-ground biomass in forest per hectare (tonnes per hectare)	2019.Q2.G.01	454	Malawi	014	Eastern Africa	Country	MWI	1	33.4884625	-13.40819859	T_PER_HA	Tonnes per hectare			G	Global		Official country data submitted to FAO	FAO, Global Forest Resources Assessment		C: Country data	76.25	76.43	76.0	76.26	76.26	2015
15	15.2	15.2.1	AG_LND_FRSTBIOPHA	Above-ground biomass in forest per hectare (tonnes per hectare)	2019.Q2.G.01	458	Malaysia	035	South-Eastern Asia	Country	MYS	1	116.8346314	5.452415309	T_PER_HA	Tonnes per hectare			G	Global		Official country data submitted to FAO	FAO, Global Forest Resources Assessment		C: Country data	206.61	201.72	196.85	215.45	215.45	2015
15	15.2	15.2.1	AG_LND_FRSTBIOPHA	Above-ground biomass in forest per hectare (tonnes per hectare)	2019.Q2.G.01	462	Maldives	034	Southern Asia	Country	MDV	1	73.09672546	-0.614385021	T_PER_HA	Tonnes per hectare			G	Global	[2000]: NA // [2005]: NA // [2010]: NA // [2015]: NA	NA = A figure was not provided.	FAO, Global Forest Resources Assessment		E: Estimated data						2015
15	15.2	15.2.1	AG_LND_FRSTBIOPHA	Above-ground biomass in forest per hectare (tonnes per hectare)	2019.Q2.G.01	466	Mali	011	Western Africa	Country	MLI	1	-3.522016039	17.35311254	T_PER_HA	Tonnes per hectare			G	Global		Official country data submitted to FAO	FAO, Global Forest Resources Assessment		C: Country data	37.51	37.51	37.51	37.51	37.51	2015
15	15.2	15.2.1	AG_LND_FRSTBIOPHA	Above-ground biomass in forest per hectare (tonnes per hectare)	2019.Q2.G.01	470	Malta	039	Southern Europe	Country	MLT	1	14.44617519	35.89194275	T_PER_HA	Tonnes per hectare			G	Global		FAO Estimate	FAO, Global Forest Resources Assessment		E: Estimated data	288.18	288.18	288.18	288.18	288.18	2015
15	15.2	15.2.1	AG_LND_FRSTBIOPHA	Above-ground biomass in forest per hectare (tonnes per hectare)	2019.Q2.G.01	474	Martinique	029	Caribbean	Country	MTQ	0	-60.91544135	14.56086108	T_PER_HA	Tonnes per hectare			G	Global		Official country data submitted to FAO	FAO, Global Forest Resources Assessment		C: Country data	292.78	292.78	292.78	292.78	292.78	2015
15	15.2	15.2.1	AG_LND_FRSTBIOPHA	Above-ground biomass in forest per hectare (tonnes per hectare)	2019.Q2.G.01	478	Mauritania	011	Western Africa	Country	MRT	1	-10.33187259	20.26089546	T_PER_HA	Tonnes per hectare			G	Global		Official country data submitted to FAO	FAO, Global Forest Resources Assessment		C: Country data	49.84	49.81	50.0	69.4	69.4	2015
15	15.2	15.2.1	AG_LND_FRSTBIOPHA	Above-ground biomass in forest per hectare (tonnes per hectare)	2019.Q2.G.01	480	Mauritius	014	Eastern Africa	Country	MUS	1	57.568022	-20.28581998	T_PER_HA	Tonnes per hectare			G	Global		Official country data submitted to FAO	FAO, Global Forest Resources Assessment		C: Country data	115.51	115.71	115.63	115.8	115.8	2015
15	15.2	15.2.1	AG_LND_FRSTBIOPHA	Above-ground biomass in forest per hectare (tonnes per hectare)	2019.Q2.G.01	484	Mexico	013	Central America	Country	MEX	1	-102.5148166	23.93378032	T_PER_HA	Tonnes per hectare			G	Global		Official country data submitted to FAO	FAO, Global Forest Resources Assessment		C: Country data	50.77	50.76	50.83	50.94	50.94	2015
15	15.2	15.2.1	AG_LND_FRSTBIOPHA	Above-ground biomass in forest per hectare (tonnes per hectare)	2019.Q2.G.01	492	Monaco	155	Western Europe	Country	MCO	1	7.424214814	43.73532918	T_PER_HA	Tonnes per hectare			G	Global	[2000]: NA // [2005]: NA // [2010]: NA // [2015]: NA	NA = A figure was not provided.	FAO, Global Forest Resources Assessment		E: Estimated data						2015
15	15.2	15.2.1	AG_LND_FRSTBIOPHA	Above-ground biomass in forest per hectare (tonnes per hectare)	2019.Q2.G.01	496	Mongolia	030	Eastern Asia	Country	MNG	1	103.0728057	46.83892054	T_PER_HA	Tonnes per hectare			G	Global	[2015]: NA	[2000,2005,2010]: Official country data submitted to FAO // [2015]: NA = A figure was not provided.	FAO, Global Forest Resources Assessment		C: Country data	91.74	91.74	76.68			2015
15	15.2	15.2.1	AG_LND_FRSTBIOPHA	Above-ground biomass in forest per hectare (tonnes per hectare)	2019.Q2.G.01	498	Republic of Moldova	151	Eastern Europe	Country	MDA	1	28.4650624	47.20236795	T_PER_HA	Tonnes per hectare			G	Global		FAO Estimate	FAO, Global Forest Resources Assessment		E: Estimated data	139.2	131.13	129.53	129.58	129.58	2015
15	15.2	15.2.1	AG_LND_FRSTBIOPHA	Above-ground biomass in forest per hectare (tonnes per hectare)	2019.Q2.G.01	499	Montenegro	039	Southern Europe	Country	MNE	1	19.25214024	42.78717043	T_PER_HA	Tonnes per hectare			G	Global		Official country data submitted to FAO	FAO, Global Forest Resources Assessment		C: Country data	91.34	91.34	117.13	117.13	117.13	2015
15	15.2	15.2.1	AG_LND_FRSTBIOPHA	Above-ground biomass in forest per hectare (tonnes per hectare)	2019.Q2.G.01	500	Montserrat	029	Caribbean	Country	MSR	0	-62.19261223	16.73558313	T_PER_HA	Tonnes per hectare			G	Global	[2000]: NA // [2005]: NA // [2010]: NA // [2015]: NA	NA = A figure was not provided.	FAO, Global Forest Resources Assessment		E: Estimated data						2015
15	15.2	15.2.1	AG_LND_FRSTBIOPHA	Above-ground biomass in forest per hectare (tonnes per hectare)	2019.Q2.G.01	504	Morocco	015	Northern Africa	Country	MAR	1	-6.281942841	31.8440131	T_PER_HA	Tonnes per hectare			G	Global		Official country data submitted to FAO	FAO, Global Forest Resources Assessment		C: Country data	69.5	68.14	64.35	65.16	65.16	2015
15	15.2	15.2.1	AG_LND_FRSTBIOPHA	Above-ground biomass in forest per hectare (tonnes per hectare)	2019.Q2.G.01	508	Mozambique	014	Eastern Africa	Country	MOZ	1	38.18479941	-14.27963886	T_PER_HA	Tonnes per hectare			G	Global		Official country data submitted to FAO	FAO, Global Forest Resources Assessment		C: Country data	68.98	68.94	69.23	68.9	68.9	2015
15	15.2	15.2.1	AG_LND_FRSTBIOPHA	Above-ground biomass in forest per hectare (tonnes per hectare)	2019.Q2.G.01	512	Oman	145	Western Asia	Country	OMN	1	57.87743482	21.98805614	T_PER_HA	Tonnes per hectare			G	Global	[2000]: NA // [2005]: NA // [2010]: NA // [2015]: NA	NA = A figure was not provided.	FAO, Global Forest Resources Assessment		C: Country data						2015
15	15.2	15.2.1	AG_LND_FRSTBIOPHA	Above-ground biomass in forest per hectare (tonnes per hectare)	2019.Q2.G.01	516	Namibia	018	Southern Africa	Country	NAM	1	17.21907885	-22.13817068	T_PER_HA	Tonnes per hectare			G	Global		Official country data submitted to FAO	FAO, Global Forest Resources Assessment		C: Country data	48.33	48.34	48.31	48.29	48.29	2015
15	15.2	15.2.1	AG_LND_FRSTBIOPHA	Above-ground biomass in forest per hectare (tonnes per hectare)	2019.Q2.G.01	520	Nauru	057	Micronesia	Country	NRU	1	166.92313	-0.528742623	T_PER_HA	Tonnes per hectare			G	Global	[2000]: NA // [2005]: NA // [2010]: NA // [2015]: NA	NA = A figure was not provided.	FAO, Global Forest Resources Assessment		E: Estimated data						2015
15	15.2	15.2.1	AG_LND_FRSTBIOPHA	Above-ground biomass in forest per hectare (tonnes per hectare)	2019.Q2.G.01	524	Nepal	034	Southern Asia	Country	NPL	1	83.94678863	28.25866332	T_PER_HA	Tonnes per hectare			G	Global		Official country data submitted to FAO	FAO, Global Forest Resources Assessment		C: Country data	197.44	197.47	197.47	197.47	197.47	2015
15	15.2	15.2.1	AG_LND_FRSTBIOPHA	Above-ground biomass in forest per hectare (tonnes per hectare)	2019.Q2.G.01	528	Netherlands	155	Western Europe	Country	NLD	1	5.331480568	51.86728884	T_PER_HA	Tonnes per hectare			G	Global		Official country data submitted to FAO	FAO, Global Forest Resources Assessment		C: Country data	111.11	115.07	128.69	143.62	143.62	2015
15	15.2	15.2.1	AG_LND_FRSTBIOPHA	Above-ground biomass in forest per hectare (tonnes per hectare)	2019.Q2.G.01	530	Netherlands Antilles	029	Caribbean	Country	ANT	0	-68.30676179	12.22720635																	
15	15.2	15.2.1	AG_LND_FRSTBIOPHA	Above-ground biomass in forest per hectare (tonnes per hectare)	2019.Q2.G.01	531	Curaçao	029	Caribbean	Country	CUW	0	-68.95033464	12.15058042	T_PER_HA	Tonnes per hectare			G	Global	[2000]: NA // [2005]: NA // [2010]: NA // [2015]: NA	NA = A figure was not provided.	FAO, Global Forest Resources Assessment		E: Estimated data						2015
15	15.2	15.2.1	AG_LND_FRSTBIOPHA	Above-ground biomass in forest per hectare (tonnes per hectare)	2019.Q2.G.01	533	Aruba	029	Caribbean	Country	ABW	0	-69.97050586	12.50878756	T_PER_HA	Tonnes per hectare			G	Global	[2000]: NA // [2005]: NA // [2010]: NA // [2015]: NA	NA = A figure was not provided.	FAO, Global Forest Resources Assessment		E: Estimated data						2015
15	15.2	15.2.1	AG_LND_FRSTBIOPHA	Above-ground biomass in forest per hectare (tonnes per hectare)	2019.Q2.G.01	534	Sint Maarten (Dutch part)	029	Caribbean	Country	SXM	0	-63.06198692	18.03926508	T_PER_HA	Tonnes per hectare			G	Global	[2000]: NA // [2005]: NA // [2010]: NA // [2015]: NA	NA = A figure was not provided.	FAO, Global Forest Resources Assessment		E: Estimated data						2015
15	15.2	15.2.1	AG_LND_FRSTBIOPHA	Above-ground biomass in forest per hectare (tonnes per hectare)	2019.Q2.G.01	540	New Caledonia	054	Melanesia	Country	NCL	0	165.5067368	-21.41742531	T_PER_HA	Tonnes per hectare			G	Global		FAO Estimate	FAO, Global Forest Resources Assessment		E: Estimated data	126.5	126.5	126.5	126.5	126.5	2015
15	15.2	15.2.1	AG_LND_FRSTBIOPHA	Above-ground biomass in forest per hectare (tonnes per hectare)	2019.Q2.G.01	548	Vanuatu	054	Melanesia	Country	VUT	1	167.0679779	-15.34445547	T_PER_HA	Tonnes per hectare			G	Global	[2000]: NA // [2005]: NA // [2010]: NA // [2015]: NA	NA = A figure was not provided.	FAO, Global Forest Resources Assessment		E: Estimated data						2015
15	15.2	15.2.1	AG_LND_FRSTBIOPHA	Above-ground biomass in forest per hectare (tonnes per hectare)	2019.Q2.G.01	554	New Zealand	053	Australia and New Zealand	Country	NZL	1	170.4755673	-43.98721568	T_PER_HA	Tonnes per hectare			G	Global		Official country data submitted to FAO	FAO, Global Forest Resources Assessment		C: Country data	207.81	211.04	216.04	219.96	219.96	2015
15	15.2	15.2.1	AG_LND_FRSTBIOPHA	Above-ground biomass in forest per hectare (tonnes per hectare)	2019.Q2.G.01	558	Nicaragua	013	Central America	Country	NIC	1	-85.03060315	12.84210839	T_PER_HA	Tonnes per hectare			G	Global		Official country data submitted to FAO	FAO, Global Forest Resources Assessment		C: Country data	192.45	192.44	192.45	192.45	192.45	2015
15	15.2	15.2.1	AG_LND_FRSTBIOPHA	Above-ground biomass in forest per hectare (tonnes per hectare)	2019.Q2.G.01	562	Niger	011	Western Africa	Country	NER	1	9.400167877	17.42143036	T_PER_HA	Tonnes per hectare			G	Global		Official country data submitted to FAO	FAO, Global Forest Resources Assessment		C: Country data	51.2	51.34	50.66	49.91	49.91	2015
15	15.2	15.2.1	AG_LND_FRSTBIOPHA	Above-ground biomass in forest per hectare (tonnes per hectare)	2019.Q2.G.01	566	Nigeria	011	Western Africa	Country	NGA	1	8.097363256	9.585789025	T_PER_HA	Tonnes per hectare			G	Global		Official country data submitted to FAO	FAO, Global Forest Resources Assessment		C: Country data	202.48	203.9	205.84	209.07	209.07	2015
15	15.2	15.2.1	AG_LND_FRSTBIOPHA	Above-ground biomass in forest per hectare (tonnes per hectare)	2019.Q2.G.01	570	Niue	061	Polynesia	Country	NIU	0	-169.8601693	-19.05000475	T_PER_HA	Tonnes per hectare			G	Global	[2000]: NA // [2005]: NA // [2010]: NA // [2015]: NA	NA = A figure was not provided.	FAO, Global Forest Resources Assessment		E: Estimated data						2015
15	15.2	15.2.1	AG_LND_FRSTBIOPHA	Above-ground biomass in forest per hectare (tonnes per hectare)	2019.Q2.G.01	574	Norfolk Island	053	Australia and New Zealand	Country	NFK	0	167.9515548	-29.03230018	T_PER_HA	Tonnes per hectare			G	Global	[2000]: NA // [2005]: NA // [2010]: NA // [2015]: NA	NA = A figure was not provided.	FAO, Global Forest Resources Assessment		E: Estimated data						2015
15	15.2	15.2.1	AG_LND_FRSTBIOPHA	Above-ground biomass in forest per hectare (tonnes per hectare)	2019.Q2.G.01	578	Norway	154	Northern Europe	Country	NOR	1	11.47846389	61.34311134	T_PER_HA	Tonnes per hectare			G	Global		Official country data submitted to FAO	FAO, Global Forest Resources Assessment		C: Country data	48.3	52.76	57.1	61.43	61.43	2015
15	15.2	15.2.1	AG_LND_FRSTBIOPHA	Above-ground biomass in forest per hectare (tonnes per hectare)	2019.Q2.G.01	580	Northern Mariana Islands	057	Micronesia	Country	MNP	0	145.7582114	15.19099517	T_PER_HA	Tonnes per hectare			G	Global		FAO Estimate	FAO, Global Forest Resources Assessment		E: Estimated data	157.9	157.92	157.92	157.92	157.92	2015
15	15.2	15.2.1	AG_LND_FRSTBIOPHA	Above-ground biomass in forest per hectare (tonnes per hectare)	2019.Q2.G.01	581	United States Minor Outlying Islands	057	Micronesia	Country	UMI	0	-162.4343752	5.874443968	T_PER_HA	Tonnes per hectare			G	Global	[2000]: NA // [2005]: NA // [2010]: NA // [2015]: NA	NA = A figure was not provided.	FAO, Global Forest Resources Assessment		C: Country data						2015
15	15.2	15.2.1	AG_LND_FRSTBIOPHA	Above-ground biomass in forest per hectare (tonnes per hectare)	2019.Q2.G.01	583	Micronesia (Federated States of)	057	Micronesia	Country	FSM	1	158.225216	6.880670092	T_PER_HA	Tonnes per hectare			G	Global		FAO Estimate	FAO, Global Forest Resources Assessment		E: Estimated data	500.34	500.37	500.4	500.43	500.43	2015
15	15.2	15.2.1	AG_LND_FRSTBIOPHA	Above-ground biomass in forest per hectare (tonnes per hectare)	2019.Q2.G.01	584	Marshall Islands	057	Micronesia	Country	MHL	1	171.0839119	7.110213497	T_PER_HA	Tonnes per hectare			G	Global		FAO Estimate	FAO, Global Forest Resources Assessment		E: Estimated data	287.27	287.27	287.27	287.27	287.27	2015
15	15.2	15.2.1	AG_LND_FRSTBIOPHA	Above-ground biomass in forest per hectare (tonnes per hectare)	2019.Q2.G.01	585	Palau	057	Micronesia	Country	PLW	1	134.5733878	7.502307591	T_PER_HA	Tonnes per hectare			G	Global		Official country data submitted to FAO	FAO, Global Forest Resources Assessment		C: Country data	416.3	416.35	416.35	416.35	416.35	2015
15	15.2	15.2.1	AG_LND_FRSTBIOPHA	Above-ground biomass in forest per hectare (tonnes per hectare)	2019.Q2.G.01	586	Pakistan	034	Southern Asia	Country	PAK	1	68.80479684	29.36491634	T_PER_HA	Tonnes per hectare			G	Global		FAO Estimate	FAO, Global Forest Resources Assessment		E: Estimated data	201.32	200.84	197.98	184.78	184.78	2015
15	15.2	15.2.1	AG_LND_FRSTBIOPHA	Above-ground biomass in forest per hectare (tonnes per hectare)	2019.Q2.G.01	591	Panama	013	Central America	Country	PAN	1	-81.26616623	8.450965746	T_PER_HA	Tonnes per hectare			G	Global		Official country data submitted to FAO	FAO, Global Forest Resources Assessment		C: Country data	211.42	211.42	211.32	211.39	211.39	2015
15	15.2	15.2.1	AG_LND_FRSTBIOPHA	Above-ground biomass in forest per hectare (tonnes per hectare)	2019.Q2.G.01	598	Papua New Guinea	054	Melanesia	Country	PNG	1	145.8587761	-6.756057077	T_PER_HA	Tonnes per hectare			G	Global		Official country data submitted to FAO	FAO, Global Forest Resources Assessment		C: Country data	300.0	300.01	300.0	300.01	300.01	2015
15	15.2	15.2.1	AG_LND_FRSTBIOPHA	Above-ground biomass in forest per hectare (tonnes per hectare)	2019.Q2.G.01	600	Paraguay	005	South America	Country	PRY	1	-60.54854225	-21.70216237	T_PER_HA	Tonnes per hectare			G	Global	[2000]: NA // [2005]: NA // [2010]: NA // [2015]: NA	NA = A figure was not provided.	FAO, Global Forest Resources Assessment		C: Country data						2015
15	15.2	15.2.1	AG_LND_FRSTBIOPHA	Above-ground biomass in forest per hectare (tonnes per hectare)	2019.Q2.G.01	604	Peru	005	South America	Country	PER	1	-71.82093277	-13.58939705	T_PER_HA	Tonnes per hectare			G	Global		Official country data submitted to FAO	FAO, Global Forest Resources Assessment		C: Country data	196.33	196.59	196.31	216.35	216.35	2015
15	15.2	15.2.1	AG_LND_FRSTBIOPHA	Above-ground biomass in forest per hectare (tonnes per hectare)	2019.Q2.G.01	608	Philippines	035	South-Eastern Asia	Country	PHL	1	120.8601418	14.16591706	T_PER_HA	Tonnes per hectare			G	Global		Official country data submitted to FAO	FAO, Global Forest Resources Assessment		C: Country data	158.53	153.76	148.95	144.28	144.28	2015
15	15.2	15.2.1	AG_LND_FRSTBIOPHA	Above-ground biomass in forest per hectare (tonnes per hectare)	2019.Q2.G.01	612	Pitcairn	061	Polynesia	Country	PCN	0	-128.3225873	-24.37538456	T_PER_HA	Tonnes per hectare			G	Global	[2000]: NA // [2005]: NA // [2010]: NA // [2015]: NA	NA = A figure was not provided.	FAO, Global Forest Resources Assessment		E: Estimated data						2015
15	15.2	15.2.1	AG_LND_FRSTBIOPHA	Above-ground biomass in forest per hectare (tonnes per hectare)	2019.Q2.G.01	616	Poland	151	Eastern Europe	Country	POL	1	19.40660158	52.1226733	T_PER_HA	Tonnes per hectare			G	Global		Official country data submitted to FAO	FAO, Global Forest Resources Assessment		C: Country data	106.86	115.65	145.78	154.53	154.53	2015
15	15.2	15.2.1	AG_LND_FRSTBIOPHA	Above-ground biomass in forest per hectare (tonnes per hectare)	2019.Q2.G.01	620	Portugal	039	Southern Europe	Country	PRT	1	-7.961599811	39.68509315	T_PER_HA	Tonnes per hectare			G	Global	[2015]: NA	[2000,2005,2010]: Official country data submitted to FAO // [2015]: NA = A figure was not provided.	FAO, Global Forest Resources Assessment		C: Country data	49.06	46.42	47.55			2015
15	15.2	15.2.1	AG_LND_FRSTBIOPHA	Above-ground biomass in forest per hectare (tonnes per hectare)	2019.Q2.G.01	624	Guinea-Bissau	011	Western Africa	Country	GNB	1	-14.40182514	12.11760394	T_PER_HA	Tonnes per hectare			G	Global		FAO Estimate	FAO, Global Forest Resources Assessment		E: Estimated data	84.43	84.46	84.57	83.67	83.67	2015
15	15.2	15.2.1	AG_LND_FRSTBIOPHA	Above-ground biomass in forest per hectare (tonnes per hectare)	2019.Q2.G.01	626	Timor-Leste	035	South-Eastern Asia	Country	TLS	1	125.9451052	-8.797497247	T_PER_HA	Tonnes per hectare			G	Global	[2000]: NA // [2005]: NA // [2010]: NA // [2015]: NA	NA = A figure was not provided.	FAO, Global Forest Resources Assessment		E: Estimated data						2015
15	15.2	15.2.1	AG_LND_FRSTBIOPHA	Above-ground biomass in forest per hectare (tonnes per hectare)	2019.Q2.G.01	630	Puerto Rico	029	Caribbean	Country	PRI	0	-66.47591017	18.22753799	T_PER_HA	Tonnes per hectare			G	Global		Official country data submitted to FAO	FAO, Global Forest Resources Assessment		C: Country data	63.74	68.83	76.91	84.46	84.46	2015
15	15.2	15.2.1	AG_LND_FRSTBIOPHA	Above-ground biomass in forest per hectare (tonnes per hectare)	2019.Q2.G.01	634	Qatar	145	Western Asia	Country	QAT	1	51.19152467	25.28355379	T_PER_HA	Tonnes per hectare			G	Global	[2000]: NA // [2005]: NA // [2010]: NA // [2015]: NA	NA = A figure was not provided.	FAO, Global Forest Resources Assessment		E: Estimated data						2015
15	15.2	15.2.1	AG_LND_FRSTBIOPHA	Above-ground biomass in forest per hectare (tonnes per hectare)	2019.Q2.G.01	638	Réunion	014	Eastern Africa	Country	REU	0	55.53171398	-21.13183266	T_PER_HA	Tonnes per hectare			G	Global		Official country data submitted to FAO	FAO, Global Forest Resources Assessment		C: Country data	120.69	121.18	120.45	120.45	120.45	2015
15	15.2	15.2.1	AG_LND_FRSTBIOPHA	Above-ground biomass in forest per hectare (tonnes per hectare)	2019.Q2.G.01	642	Romania	151	Eastern Europe	Country	ROU	1	24.98481009	45.83893563	T_PER_HA	Tonnes per hectare			G	Global		Official country data submitted to FAO	FAO, Global Forest Resources Assessment		C: Country data	107.45	107.49	107.44	160.62	160.62	2015
15	15.2	15.2.1	AG_LND_FRSTBIOPHA	Above-ground biomass in forest per hectare (tonnes per hectare)	2019.Q2.G.01	643	Russian Federation	151	Eastern Europe	Country	RUS	1	99.01404926	61.61899849	T_PER_HA	Tonnes per hectare			G	Global		Official country data submitted to FAO	FAO, Global Forest Resources Assessment		C: Country data	63.6	63.77	63.79	64.3	64.3	2015
15	15.2	15.2.1	AG_LND_FRSTBIOPHA	Above-ground biomass in forest per hectare (tonnes per hectare)	2019.Q2.G.01	646	Rwanda	014	Eastern Africa	Country	RWA	1	29.92310194	-1.999842114	T_PER_HA	Tonnes per hectare			G	Global		Official country data submitted to FAO	FAO, Global Forest Resources Assessment		C: Country data	88.08	154.29	152.24	152.08	152.08	2015
15	15.2	15.2.1	AG_LND_FRSTBIOPHA	Above-ground biomass in forest per hectare (tonnes per hectare)	2019.Q2.G.01	652	Saint Barthélemy	029	Caribbean	Country	BLM	0	-62.83173536	17.89513362	T_PER_HA	Tonnes per hectare			G	Global	[2000]: NA // [2005]: NA // [2010]: NA // [2015]: NA	NA = A figure was not provided.	FAO, Global Forest Resources Assessment		E: Estimated data						2015
15	15.2	15.2.1	AG_LND_FRSTBIOPHA	Above-ground biomass in forest per hectare (tonnes per hectare)	2019.Q2.G.01	654	Saint Helena	011	Western Africa	Country	SHN	0	-5.705752501	-15.96503946	T_PER_HA	Tonnes per hectare			G	Global	[2000]: NA // [2005]: NA // [2010]: NA // [2015]: NA	NA = A figure was not provided.	FAO, Global Forest Resources Assessment		E: Estimated data						2015
15	15.2	15.2.1	AG_LND_FRSTBIOPHA	Above-ground biomass in forest per hectare (tonnes per hectare)	2019.Q2.G.01	659	Saint Kitts and Nevis	029	Caribbean	Country	KNA	1	-62.76628613	17.33994219	T_PER_HA	Tonnes per hectare			G	Global	[2000]: NA // [2005]: NA // [2010]: NA // [2015]: NA	NA = A figure was not provided.	FAO, Global Forest Resources Assessment		C: Country data						2015
15	15.2	15.2.1	AG_LND_FRSTBIOPHA	Above-ground biomass in forest per hectare (tonnes per hectare)	2019.Q2.G.01	660	Anguilla	029	Caribbean	Country	AIA	0	-63.05651612	18.21525315	T_PER_HA	Tonnes per hectare			G	Global	[2000]: NA // [2005]: NA // [2010]: NA // [2015]: NA	NA = A figure was not provided.	FAO, Global Forest Resources Assessment		E: Estimated data						2015
15	15.2	15.2.1	AG_LND_FRSTBIOPHA	Above-ground biomass in forest per hectare (tonnes per hectare)	2019.Q2.G.01	662	Saint Lucia	029	Caribbean	Country	LCA	1	-60.96529553	13.89405601	T_PER_HA	Tonnes per hectare			G	Global	[2000]: NA // [2005]: NA // [2010]: NA // [2015]: NA	NA = A figure was not provided.	FAO, Global Forest Resources Assessment		C: Country data						2015
15	15.2	15.2.1	AG_LND_FRSTBIOPHA	Above-ground biomass in forest per hectare (tonnes per hectare)	2019.Q2.G.01	663	Saint Martin (French Part)	029	Caribbean	Country	MAF	0	-63.04505461	18.0882685	T_PER_HA	Tonnes per hectare			G	Global	[2000]: NA // [2005]: NA // [2010]: NA // [2015]: NA	NA = A figure was not provided.	FAO, Global Forest Resources Assessment		C: Country data						2015
15	15.2	15.2.1	AG_LND_FRSTBIOPHA	Above-ground biomass in forest per hectare (tonnes per hectare)	2019.Q2.G.01	666	Saint Pierre and Miquelon	021	Northern America	Country	SPM	0	-56.33682442	46.85812735	T_PER_HA	Tonnes per hectare			G	Global	[2000]: NA // [2005]: NA // [2010]: NA // [2015]: NA	NA = A figure was not provided.	FAO, Global Forest Resources Assessment		C: Country data						2015
15	15.2	15.2.1	AG_LND_FRSTBIOPHA	Above-ground biomass in forest per hectare (tonnes per hectare)	2019.Q2.G.01	670	Saint Vincent and the Grenadines	029	Caribbean	Country	VCT	1	-61.19024321	13.24627968	T_PER_HA	Tonnes per hectare			G	Global	[2000]: NA // [2005]: NA // [2010]: NA // [2015]: NA	NA = A figure was not provided.	FAO, Global Forest Resources Assessment		E: Estimated data						2015
15	15.2	15.2.1	AG_LND_FRSTBIOPHA	Above-ground biomass in forest per hectare (tonnes per hectare)	2019.Q2.G.01	674	San Marino	039	Southern Europe	Country	SMR	1	12.46329038	43.93841766	T_PER_HA	Tonnes per hectare			G	Global	[2000]: NA // [2005]: NA // [2010]: NA // [2015]: NA	NA = A figure was not provided.	FAO, Global Forest Resources Assessment		E: Estimated data						2015
15	15.2	15.2.1	AG_LND_FRSTBIOPHA	Above-ground biomass in forest per hectare (tonnes per hectare)	2019.Q2.G.01	678	Sao Tome and Principe	017	Middle Africa	Country	STP	1	6.609772265	0.241554875	T_PER_HA	Tonnes per hectare			G	Global		Official country data submitted to FAO	FAO, Global Forest Resources Assessment		C: Country data	244.64	244.64	240.67	240.67	240.67	2015
15	15.2	15.2.1	AG_LND_FRSTBIOPHA	Above-ground biomass in forest per hectare (tonnes per hectare)	2019.Q2.G.01	682	Saudi Arabia	145	Western Asia	Country	SAU	1	44.54763347	24.12594211	T_PER_HA	Tonnes per hectare			G	Global		FAO Estimate	FAO, Global Forest Resources Assessment		E: Estimated data	10.08	10.08	10.08	10.08	10.08	2015
15	15.2	15.2.1	AG_LND_FRSTBIOPHA	Above-ground biomass in forest per hectare (tonnes per hectare)	2019.Q2.G.01	686	Senegal	011	Western Africa	Country	SEN	1	-14.46636926	14.35920905	T_PER_HA	Tonnes per hectare			G	Global		Official country data submitted to FAO	FAO, Global Forest Resources Assessment		C: Country data	65.3	65.26	65.27	65.27	65.27	2015
15	15.2	15.2.1	AG_LND_FRSTBIOPHA	Above-ground biomass in forest per hectare (tonnes per hectare)	2019.Q2.G.01	688	Serbia	039	Southern Europe	Country	SRB	1	20.805876	44.03145697	T_PER_HA	Tonnes per hectare			G	Global		Official country data submitted to FAO	FAO, Global Forest Resources Assessment		C: Country data	92.56	97.62	143.46	144.93	144.93	2015
15	15.2	15.2.1	AG_LND_FRSTBIOPHA	Above-ground biomass in forest per hectare (tonnes per hectare)	2019.Q2.G.01	690	Seychelles	014	Eastern Africa	Country	SYC	1	55.46561591	-4.678053059	T_PER_HA	Tonnes per hectare			G	Global		Official country data submitted to FAO	FAO, Global Forest Resources Assessment		C: Country data	150.49	150.49	150.49	150.49	150.49	2015
15	15.2	15.2.1	AG_LND_FRSTBIOPHA	Above-ground biomass in forest per hectare (tonnes per hectare)	2019.Q2.G.01	694	Sierra Leone	011	Western Africa	Country	SLE	1	-11.78306584	8.568604164	T_PER_HA	Tonnes per hectare			G	Global		Official country data submitted to FAO	FAO, Global Forest Resources Assessment		C: Country data	136.0	136.0	136.0	117.42	117.42	2015
15	15.2	15.2.1	AG_LND_FRSTBIOPHA	Above-ground biomass in forest per hectare (tonnes per hectare)	2019.Q2.G.01	702	Singapore	035	South-Eastern Asia	Country	SGP	1	103.8107883	1.361009155	T_PER_HA	Tonnes per hectare			G	Global	[2000]: NA // [2005]: NA // [2010]: NA // [2015]: NA	NA = A figure was not provided.	FAO, Global Forest Resources Assessment		C: Country data						2015
15	15.2	15.2.1	AG_LND_FRSTBIOPHA	Above-ground biomass in forest per hectare (tonnes per hectare)	2019.Q2.G.01	703	Slovakia	151	Eastern Europe	Country	SVK	1	19.48495604	48.70741446	T_PER_HA	Tonnes per hectare			G	Global		Official country data submitted to FAO	FAO, Global Forest Resources Assessment		C: Country data	164.13	173.86	180.81	186.7	186.7	2015
15	15.2	15.2.1	AG_LND_FRSTBIOPHA	Above-ground biomass in forest per hectare (tonnes per hectare)	2019.Q2.G.01	704	Viet Nam	035	South-Eastern Asia	Country	VNM	1	105.802499	10.09643079	T_PER_HA	Tonnes per hectare			G	Global		Official country data submitted to FAO	FAO, Global Forest Resources Assessment		C: Country data	131.83	122.96	116.44	115.75	115.75	2015
15	15.2	15.2.1	AG_LND_FRSTBIOPHA	Above-ground biomass in forest per hectare (tonnes per hectare)	2019.Q2.G.01	705	Slovenia	039	Southern Europe	Country	SVN	1	14.82209486	46.11958061	T_PER_HA	Tonnes per hectare			G	Global		Official country data submitted to FAO	FAO, Global Forest Resources Assessment		C: Country data	150.77	169.19	183.8	195.51	195.51	2015
15	15.2	15.2.1	AG_LND_FRSTBIOPHA	Above-ground biomass in forest per hectare (tonnes per hectare)	2019.Q2.G.01	706	Somalia	014	Eastern Africa	Country	SOM	1	46.20367477	4.406485729	T_PER_HA	Tonnes per hectare			G	Global		Official country data submitted to FAO	FAO, Global Forest Resources Assessment		C: Country data	100.07	99.85	100.19	99.64	99.64	2015
15	15.2	15.2.1	AG_LND_FRSTBIOPHA	Above-ground biomass in forest per hectare (tonnes per hectare)	2019.Q2.G.01	710	South Africa	018	Southern Africa	Country	ZAF	1	24.67184355	-29.99957544	T_PER_HA	Tonnes per hectare			G	Global		Official country data submitted to FAO	FAO, Global Forest Resources Assessment		C: Country data	146.95	146.95	146.95	146.95	146.95	2015
15	15.2	15.2.1	AG_LND_FRSTBIOPHA	Above-ground biomass in forest per hectare (tonnes per hectare)	2019.Q2.G.01	716	Zimbabwe	014	Eastern Africa	Country	ZWE	1	29.86909584	-19.00075492	T_PER_HA	Tonnes per hectare			G	Global		Official country data submitted to FAO	FAO, Global Forest Resources Assessment		C: Country data	52.72	52.67	52.68	52.7	52.7	2015
15	15.2	15.2.1	AG_LND_FRSTBIOPHA	Above-ground biomass in forest per hectare (tonnes per hectare)	2019.Q2.G.01	724	Spain	039	Southern Europe	Country	ESP	1	-3.554078296	40.39211472	T_PER_HA	Tonnes per hectare			G	Global		Official country data submitted to FAO	FAO, Global Forest Resources Assessment		C: Country data	40.14	45.03	46.43	49.74	49.74	2015
15	15.2	15.2.1	AG_LND_FRSTBIOPHA	Above-ground biomass in forest per hectare (tonnes per hectare)	2019.Q2.G.01	728	South Sudan	014	Eastern Africa	Country	SSD	1	30.32618773	7.290839152	T_PER_HA	Tonnes per hectare			G	Global	[2000]: NA // [2005]: NA // [2010]: NA // [2015]: NA	NA = A figure was not provided.	FAO, Global Forest Resources Assessment		C: Country data						2015
15	15.2	15.2.1	AG_LND_FRSTBIOPHA	Above-ground biomass in forest per hectare (tonnes per hectare)	2019.Q2.G.01	729	Sudan	015	Northern Africa	Country	SDN	0	29.95650159	16.02643066	T_PER_HA	Tonnes per hectare			G	Global		Official country data submitted to FAO	FAO, Global Forest Resources Assessment		C: Country data	174.47	165.37	168.53	170.73	170.73	2015
15	15.2	15.2.1	AG_LND_FRSTBIOPHA	Above-ground biomass in forest per hectare (tonnes per hectare)	2019.Q2.G.01	732	Western Sahara	015	Northern Africa	Country	ESH	0	-13.13515523	24.66265342	T_PER_HA	Tonnes per hectare			G	Global		FAO Estimate	FAO, Global Forest Resources Assessment		E: Estimated data	71.06	71.06	71.06	71.06	71.06	2015
15	15.2	15.2.1	AG_LND_FRSTBIOPHA	Above-ground biomass in forest per hectare (tonnes per hectare)	2019.Q2.G.01	740	Suriname	005	South America	Country	SUR	1	-55.90626394	4.132603197	T_PER_HA	Tonnes per hectare			G	Global		Official country data submitted to FAO	FAO, Global Forest Resources Assessment		C: Country data	236.43	236.43	236.44	236.43	236.43	2015
15	15.2	15.2.1	AG_LND_FRSTBIOPHA	Above-ground biomass in forest per hectare (tonnes per hectare)	2019.Q2.G.01	744	Svalbard and Jan Mayen Islands	154	Northern Europe	Country	SJM	0	13.38071013	78.82894131	T_PER_HA	Tonnes per hectare			G	Global	[2000]: NA // [2005]: NA // [2010]: NA // [2015]: NA	NA = A figure was not provided.	FAO, Global Forest Resources Assessment		C: Country data						2015
15	15.2	15.2.1	AG_LND_FRSTBIOPHA	Above-ground biomass in forest per hectare (tonnes per hectare)	2019.Q2.G.01	748	Eswatini	018	Southern Africa	Country	SWZ	1	31.50149288	-26.56471011	T_PER_HA	Tonnes per hectare			G	Global		Official country data submitted to FAO	FAO, Global Forest Resources Assessment		C: Country data	73.94	70.06	66.96	63.99	63.99	2015
15	15.2	15.2.1	AG_LND_FRSTBIOPHA	Above-ground biomass in forest per hectare (tonnes per hectare)	2019.Q2.G.01	752	Sweden	154	Northern Europe	Country	SWE	1	14.3775338	60.60103109	T_PER_HA	Tonnes per hectare			G	Global		Official country data submitted to FAO	FAO, Global Forest Resources Assessment		C: Country data	54.15	58.0	58.91	59.53	59.53	2015
15	15.2	15.2.1	AG_LND_FRSTBIOPHA	Above-ground biomass in forest per hectare (tonnes per hectare)	2019.Q2.G.01	756	Switzerland	155	Western Europe	Country	CHE	1	8.223158	46.96617097	T_PER_HA	Tonnes per hectare			G	Global		Official country data submitted to FAO	FAO, Global Forest Resources Assessment		C: Country data	187.6	188.17	190.28	192.19	192.19	2015
15	15.2	15.2.1	AG_LND_FRSTBIOPHA	Above-ground biomass in forest per hectare (tonnes per hectare)	2019.Q2.G.01	760	Syrian Arab Republic	145	Western Asia	Country	SYR	1	38.50466565	35.01676176	T_PER_HA	Tonnes per hectare			G	Global	[2000]: NA // [2005]: NA // [2010]: NA // [2015]: NA	NA = A figure was not provided.	FAO, Global Forest Resources Assessment		E: Estimated data						2015
15	15.2	15.2.1	AG_LND_FRSTBIOPHA	Above-ground biomass in forest per hectare (tonnes per hectare)	2019.Q2.G.01	762	Tajikistan	143	Central Asia	Country	TJK	1	69.294998	38.43069666	T_PER_HA	Tonnes per hectare			G	Global		Official country data submitted to FAO	FAO, Global Forest Resources Assessment		C: Country data	9.76	9.76	9.76	9.71	9.71	2015
15	15.2	15.2.1	AG_LND_FRSTBIOPHA	Above-ground biomass in forest per hectare (tonnes per hectare)	2019.Q2.G.01	764	Thailand	035	South-Eastern Asia	Country	THA	1	101.0202951	15.13089239	T_PER_HA	Tonnes per hectare			G	Global		Official country data submitted to FAO	FAO, Global Forest Resources Assessment		C: Country data	86.83	91.3	90.77	88.24	88.24	2015
15	15.2	15.2.1	AG_LND_FRSTBIOPHA	Above-ground biomass in forest per hectare (tonnes per hectare)	2019.Q2.G.01	768	Togo	011	Western Africa	Country	TGO	1	0.97835765	8.532096072	T_PER_HA	Tonnes per hectare			G	Global	[2000]: NA // [2005]: NA // [2010]: NA // [2015]: NA	NA = A figure was not provided.	FAO, Global Forest Resources Assessment		C: Country data						2015
15	15.2	15.2.1	AG_LND_FRSTBIOPHA	Above-ground biomass in forest per hectare (tonnes per hectare)	2019.Q2.G.01	772	Tokelau	061	Polynesia	Country	TKL	0	-171.8154473	-9.214545558	T_PER_HA	Tonnes per hectare			G	Global	[2000]: NA // [2005]: NA // [2010]: NA // [2015]: NA	NA = A figure was not provided.	FAO, Global Forest Resources Assessment		E: Estimated data						2015
15	15.2	15.2.1	AG_LND_FRSTBIOPHA	Above-ground biomass in forest per hectare (tonnes per hectare)	2019.Q2.G.01	776	Tonga	061	Polynesia	Country	TON	1	-175.1959991	-21.19511329	T_PER_HA	Tonnes per hectare			G	Global		Official country data submitted to FAO	FAO, Global Forest Resources Assessment		C: Country data	202.22	202.22	202.22	202.22	202.22	2015
15	15.2	15.2.1	AG_LND_FRSTBIOPHA	Above-ground biomass in forest per hectare (tonnes per hectare)	2019.Q2.G.01	780	Trinidad and Tobago	029	Caribbean	Country	TTO	1	-61.29389504	10.41877263	T_PER_HA	Tonnes per hectare			G	Global	[2015]: NA	[2000,2005,2010]: Official country data submitted to FAO // [2015]: NA = A figure was not provided.	FAO, Global Forest Resources Assessment		C: Country data	148.24	148.96	146.95			2015
15	15.2	15.2.1	AG_LND_FRSTBIOPHA	Above-ground biomass in forest per hectare (tonnes per hectare)	2019.Q2.G.01	784	United Arab Emirates	145	Western Asia	Country	ARE	1	53.98279159	23.43322219	T_PER_HA	Tonnes per hectare			G	Global		FAO Estimate	FAO, Global Forest Resources Assessment		E: Estimated data	74.35	74.2	74.31	74.43	74.43	2015
15	15.2	15.2.1	AG_LND_FRSTBIOPHA	Above-ground biomass in forest per hectare (tonnes per hectare)	2019.Q2.G.01	788	Tunisia	015	Northern Africa	Country	TUN	1	9.572737411	34.11439971	T_PER_HA	Tonnes per hectare			G	Global		Official country data submitted to FAO	FAO, Global Forest Resources Assessment		C: Country data	14.22	14.21	14.14	14.02	14.02	2015
15	15.2	15.2.1	AG_LND_FRSTBIOPHA	Above-ground biomass in forest per hectare (tonnes per hectare)	2019.Q2.G.01	792	Turkey	145	Western Asia	Country	TUR	1	35.42890329	38.9899684	T_PER_HA	Tonnes per hectare			G	Global		Official country data submitted to FAO	FAO, Global Forest Resources Assessment		C: Country data	93.98	95.79	101.85	109.6	109.6	2015
15	15.2	15.2.1	AG_LND_FRSTBIOPHA	Above-ground biomass in forest per hectare (tonnes per hectare)	2019.Q2.G.01	795	Turkmenistan	143	Central Asia	Country	TKM	1	58.9787665	40.0912346	T_PER_HA	Tonnes per hectare			G	Global		FAO Estimate	FAO, Global Forest Resources Assessment		E: Estimated data	4.09	4.24	4.24	4.24	4.24	2015
15	15.2	15.2.1	AG_LND_FRSTBIOPHA	Above-ground biomass in forest per hectare (tonnes per hectare)	2019.Q2.G.01	796	Turks and Caicos Islands	029	Caribbean	Country	TCA	0	-71.745121	21.80780585	T_PER_HA	Tonnes per hectare			G	Global	[2000]: NA // [2005]: NA // [2010]: NA // [2015]: NA	NA = A figure was not provided.	FAO, Global Forest Resources Assessment		E: Estimated data						2015
15	15.2	15.2.1	AG_LND_FRSTBIOPHA	Above-ground biomass in forest per hectare (tonnes per hectare)	2019.Q2.G.01	798	Tuvalu	061	Polynesia	Country	TUV	1	178.6679611	-7.460048071	T_PER_HA	Tonnes per hectare			G	Global	[2000]: NA // [2005]: NA // [2010]: NA // [2015]: NA	NA = A figure was not provided.	FAO, Global Forest Resources Assessment		E: Estimated data						2015
15	15.2	15.2.1	AG_LND_FRSTBIOPHA	Above-ground biomass in forest per hectare (tonnes per hectare)	2019.Q2.G.01	800	Uganda	014	Eastern Africa	Country	UGA	1	32.39100438	1.279557331	T_PER_HA	Tonnes per hectare			G	Global		Official country data submitted to FAO	FAO, Global Forest Resources Assessment		C: Country data	60.48	60.54	61.17	61.68	61.68	2015
15	15.2	15.2.1	AG_LND_FRSTBIOPHA	Above-ground biomass in forest per hectare (tonnes per hectare)	2019.Q2.G.01	804	Ukraine	151	Eastern Europe	Country	UKR	1	31.40270802	49.00735945	T_PER_HA	Tonnes per hectare			G	Global		Official country data submitted to FAO	FAO, Global Forest Resources Assessment		C: Country data	112.09	119.69	128.4	131.2	131.2	2015
15	15.2	15.2.1	AG_LND_FRSTBIOPHA	Above-ground biomass in forest per hectare (tonnes per hectare)	2019.Q2.G.01	807	North Macedonia	039	Southern Europe	Country	MKD	1	21.7007909	41.60048068	T_PER_HA	Tonnes per hectare			G	Global		FAO Estimate	FAO, Global Forest Resources Assessment		E: Estimated data	109.39	104.62	102.2	102.2	102.2	2015
15	15.2	15.2.1	AG_LND_FRSTBIOPHA	Above-ground biomass in forest per hectare (tonnes per hectare)	2019.Q2.G.01	818	Egypt	015	Northern Africa	Country	EGY	1	29.77468534	26.57438204	T_PER_HA	Tonnes per hectare			G	Global		Official country data submitted to FAO	FAO, Global Forest Resources Assessment		C: Country data	168.0	168.0	168.0	168.0	168.0	2015
15	15.2	15.2.1	AG_LND_FRSTBIOPHA	Above-ground biomass in forest per hectare (tonnes per hectare)	2019.Q2.G.01	826	United Kingdom of Great Britain and Northern Ireland	154	Northern Europe	Country	GBR	1	-2.23830539	53.27691757	T_PER_HA	Tonnes per hectare			G	Global		Official country data submitted to FAO	FAO, Global Forest Resources Assessment		C: Country data	87.0	95.33	103.96	111.01	111.01	2015
15	15.2	15.2.1	AG_LND_FRSTBIOPHA	Above-ground biomass in forest per hectare (tonnes per hectare)	2019.Q2.G.01	831	Guernsey	830	Channel Islands	Country	GGY	0	-2.200712402	49.71561166	T_PER_HA	Tonnes per hectare			G	Global	[2000]: NA // [2005]: NA // [2010]: NA // [2015]: NA	NA = A figure was not provided.	FAO, Global Forest Resources Assessment		E: Estimated data						2015
15	15.2	15.2.1	AG_LND_FRSTBIOPHA	Above-ground biomass in forest per hectare (tonnes per hectare)	2019.Q2.G.01	832	Jersey	830	Channel Islands	Country	JEY	0	-2.136773508	49.22353354	T_PER_HA	Tonnes per hectare			G	Global	[2000]: NA // [2005]: NA // [2010]: NA // [2015]: NA	NA = A figure was not provided.	FAO, Global Forest Resources Assessment		E: Estimated data						2015
15	15.2	15.2.1	AG_LND_FRSTBIOPHA	Above-ground biomass in forest per hectare (tonnes per hectare)	2019.Q2.G.01	833	Isle of Man	154	Northern Europe	Country	IMN	0	-4.538190305	54.22880901	T_PER_HA	Tonnes per hectare			G	Global	[2000]: NA // [2005]: NA // [2010]: NA // [2015]: NA	NA = A figure was not provided.	FAO, Global Forest Resources Assessment		E: Estimated data						2015
15	15.2	15.2.1	AG_LND_FRSTBIOPHA	Above-ground biomass in forest per hectare (tonnes per hectare)	2019.Q2.G.01	834	United Republic of Tanzania	014	Eastern Africa	Country	TZA	1	34.80521182	-6.265332606	T_PER_HA	Tonnes per hectare			G	Global		Official country data submitted to FAO	FAO, Global Forest Resources Assessment		C: Country data	202.6	202.6	202.6	202.6	202.6	2015
15	15.2	15.2.1	AG_LND_FRSTBIOPHA	Above-ground biomass in forest per hectare (tonnes per hectare)	2019.Q2.G.01	840	United States of America	021	Northern America	Country	USA	1	-99.13830311	39.5277871	T_PER_HA	Tonnes per hectare			G	Global		Official country data submitted to FAO	FAO, Global Forest Resources Assessment		C: Country data	86.41	89.8	92.3	93.3	93.3	2015
15	15.2	15.2.1	AG_LND_FRSTBIOPHA	Above-ground biomass in forest per hectare (tonnes per hectare)	2019.Q2.G.01	850	United States Virgin Islands	029	Caribbean	Country	VIR	0	-64.76960113	17.73297693	T_PER_HA	Tonnes per hectare			G	Global		Official country data submitted to FAO	FAO, Global Forest Resources Assessment		C: Country data	17.59	29.36	40.2	52.27	52.27	2015
15	15.2	15.2.1	AG_LND_FRSTBIOPHA	Above-ground biomass in forest per hectare (tonnes per hectare)	2019.Q2.G.01	854	Burkina Faso	011	Western Africa	Country	BFA	1	-1.742843829	12.27491081	T_PER_HA	Tonnes per hectare			G	Global		Official country data submitted to FAO	FAO, Global Forest Resources Assessment		C: Country data	85.95	86.23	86.03	86.17	86.17	2015
15	15.2	15.2.1	AG_LND_FRSTBIOPHA	Above-ground biomass in forest per hectare (tonnes per hectare)	2019.Q2.G.01	858	Uruguay	005	South America	Country	URY	1	-56.01387025	-32.8002838	T_PER_HA	Tonnes per hectare			G	Global	[2000]: NA // [2005]: NA // [2010]: NA // [2015]: NA	NA = A figure was not provided.	FAO, Global Forest Resources Assessment		C: Country data						2015
15	15.2	15.2.1	AG_LND_FRSTBIOPHA	Above-ground biomass in forest per hectare (tonnes per hectare)	2019.Q2.G.01	860	Uzbekistan	143	Central Asia	Country	UZB	1	63.11944558	41.77560518	T_PER_HA	Tonnes per hectare			G	Global		Official country data submitted to FAO	FAO, Global Forest Resources Assessment		C: Country data	6.46	7.83	8.72	19.17	19.17	2015
15	15.2	15.2.1	AG_LND_FRSTBIOPHA	Above-ground biomass in forest per hectare (tonnes per hectare)	2019.Q2.G.01	862	Venezuela (Bolivarian Republic of)	005	South America	Country	VEN	1	-66.15642084	7.121324748	T_PER_HA	Tonnes per hectare			G	Global	[2000]: NA // [2005]: NA // [2010]: NA // [2015]: NA	NA = A figure was not provided.	FAO, Global Forest Resources Assessment		C: Country data						2015
15	15.2	15.2.1	AG_LND_FRSTBIOPHA	Above-ground biomass in forest per hectare (tonnes per hectare)	2019.Q2.G.01	876	Wallis and Futuna Islands	061	Polynesia	Country	WLF	0	-176.2034788	-13.28471201	T_PER_HA	Tonnes per hectare			G	Global		Official country data submitted to FAO	FAO, Global Forest Resources Assessment		C: Country data	196.21	196.21	194.16	193.83	193.83	2015
15	15.2	15.2.1	AG_LND_FRSTBIOPHA	Above-ground biomass in forest per hectare (tonnes per hectare)	2019.Q2.G.01	882	Samoa	061	Polynesia	Country	WSM	1	-172.4430749	-13.61541469	T_PER_HA	Tonnes per hectare			G	Global	[2000]: NA // [2005]: NA // [2010]: NA // [2015]: NA	NA = A figure was not provided.	FAO, Global Forest Resources Assessment		E: Estimated data						2015
15	15.2	15.2.1	AG_LND_FRSTBIOPHA	Above-ground biomass in forest per hectare (tonnes per hectare)	2019.Q2.G.01	887	Yemen	145	Western Asia	Country	YEM	1	45.22389143	15.22242099	T_PER_HA	Tonnes per hectare			G	Global		FAO Estimate	FAO, Global Forest Resources Assessment		E: Estimated data	13.99	13.99	13.99	13.99	13.99	2015
15	15.2	15.2.1	AG_LND_FRSTBIOPHA	Above-ground biomass in forest per hectare (tonnes per hectare)	2019.Q2.G.01	894	Zambia	014	Eastern Africa	Country	ZMB	1	27.850329	-14.59701056	T_PER_HA	Tonnes per hectare			G	Global		Official country data submitted to FAO	FAO, Global Forest Resources Assessment		C: Country data	83.8	83.8	83.8	85.24	85.24	2015
