goal	target	indicator	seriesCode	seriesDesc	release	geoAreaCode	geoAreaName	parentCode	parentName	type	ISO3	UN_Member	X	Y	unitsCode	unitsDesc	unitmultiplierCode	unitmultiplierDesc	reportingTypeCode	reportingTypeDesc	valueDetails	footnotes	sources	timeDetails	nature	value_2000	value_2001	value_2002	value_2003	value_2004	value_2005	value_2006	value_2007	value_2008	value_2009	value_2010	value_2011	value_2012	value_2013	value_2014	value_2015	value_2016	value_latest_year	latest_year
7	7.3	7.3.1	EG_EGY_PRIM	Energy intensity level of primary energy (megajoules per constant 2011 purchasing power parity GDP)	2019.Q2.G.01	004	Afghanistan	034	Southern Asia	Country	AFG	1	66.02688198	33.83160199	MJ_PER_GDP_CON_PPP_USD	Megajoules per USD constant 2011 PPP GDP			G	Global			Energy Balances, UN Statistics Division (2018)		E: Estimated data	1.69	1.83	1.36	1.34	1.14	1.27	1.41	1.46	2.15	2.62	2.94	3.76	2.98	2.47	2.24	2.39	2.28	2.28	2016
7	7.3	7.3.1	EG_EGY_PRIM	Energy intensity level of primary energy (megajoules per constant 2011 purchasing power parity GDP)	2019.Q2.G.01	008	Albania	039	Southern Europe	Country	ALB	1	20.06660928	41.13897007	MJ_PER_GDP_CON_PPP_USD	Megajoules per USD constant 2011 PPP GDP			G	Global			IEA (2018), World Energy Balances		E: Estimated data	4.29	4.05	4.28	3.96	4.12	3.9	3.61	3.25	3.25	3.22	3.08	3.14	2.78	3.2	3.16	2.9	2.89	2.89	2016
7	7.3	7.3.1	EG_EGY_PRIM	Energy intensity level of primary energy (megajoules per constant 2011 purchasing power parity GDP)	2019.Q2.G.01	010	Antarctica	001	World	Country	ATA	0	21.47585697	-80.40897662																														
7	7.3	7.3.1	EG_EGY_PRIM	Energy intensity level of primary energy (megajoules per constant 2011 purchasing power parity GDP)	2019.Q2.G.01	012	Algeria	015	Northern Africa	Country	DZA	1	2.678164227	28.15940032	MJ_PER_GDP_CON_PPP_USD	Megajoules per USD constant 2011 PPP GDP			G	Global			IEA (2018), World Energy Balances		E: Estimated data	3.55	3.45	3.5	3.47	3.37	3.31	3.49	3.58	3.54	3.81	3.61	3.66	3.89	3.92	4.11	4.15	3.98	3.98	2016
7	7.3	7.3.1	EG_EGY_PRIM	Energy intensity level of primary energy (megajoules per constant 2011 purchasing power parity GDP)	2019.Q2.G.01	016	American Samoa	061	Polynesia	Country	ASM	0	-170.7187269	-14.30587306																														
7	7.3	7.3.1	EG_EGY_PRIM	Energy intensity level of primary energy (megajoules per constant 2011 purchasing power parity GDP)	2019.Q2.G.01	020	Andorra	039	Southern Europe	Country	AND	1	1.576257417	42.54548611																														
7	7.3	7.3.1	EG_EGY_PRIM	Energy intensity level of primary energy (megajoules per constant 2011 purchasing power parity GDP)	2019.Q2.G.01	024	Angola	017	Middle Africa	Country	AGO	1	17.57817062	-12.33724746	MJ_PER_GDP_CON_PPP_USD	Megajoules per USD constant 2011 PPP GDP			G	Global			IEA (2018), World Energy Balances		E: Estimated data	6.37	6.39	5.88	6.05	5.71	4.46	4.19	3.67	3.47	3.83	3.9	3.9	4.07	3.82	4.61	4.13	3.97	3.97	2016
7	7.3	7.3.1	EG_EGY_PRIM	Energy intensity level of primary energy (megajoules per constant 2011 purchasing power parity GDP)	2019.Q2.G.01	028	Antigua and Barbuda	029	Caribbean	Country	ATG	1	-61.7999755	17.07761471	MJ_PER_GDP_CON_PPP_USD	Megajoules per USD constant 2011 PPP GDP			G	Global			Energy Balances, UN Statistics Division (2018)		E: Estimated data	3.2	3.4	3.59	3.65	3.6	3.45	3.19	3.07	3.14	3.77	4.13	4.15	4.11	4.12	3.95	3.88	3.75	3.75	2016
7	7.3	7.3.1	EG_EGY_PRIM	Energy intensity level of primary energy (megajoules per constant 2011 purchasing power parity GDP)	2019.Q2.G.01	031	Azerbaijan	145	Western Asia	Country	AZE	1	50.01064725	40.39229544	MJ_PER_GDP_CON_PPP_USD	Megajoules per USD constant 2011 PPP GDP			G	Global			IEA (2018), World Energy Balances		E: Estimated data	13.18	12.15	11.1	10.5	10.02	8.32	6.1	4.46	4.43	3.63	3.36	3.64	3.88	3.72	3.76	3.73	3.81	3.81	2016
7	7.3	7.3.1	EG_EGY_PRIM	Energy intensity level of primary energy (megajoules per constant 2011 purchasing power parity GDP)	2019.Q2.G.01	032	Argentina	005	South America	Country	ARG	1	-65.14563274	-35.19446255	MJ_PER_GDP_CON_PPP_USD	Megajoules per USD constant 2011 PPP GDP			G	Global			IEA (2018), World Energy Balances		E: Estimated data	4.67	4.65	5.07	4.98	4.99	4.61	4.64	4.32	4.37	4.51	4.27	4.12	4.19	4.2	4.33	4.32	4.43	4.43	2016
7	7.3	7.3.1	EG_EGY_PRIM	Energy intensity level of primary energy (megajoules per constant 2011 purchasing power parity GDP)	2019.Q2.G.01	036	Australia	053	Australia and New Zealand	Country	AUS	1	134.3499412	-25.57717202	MJ_PER_GDP_CON_PPP_USD	Megajoules per USD constant 2011 PPP GDP			G	Global			IEA (2018), World Energy Balances		E: Estimated data	6.68	6.41	6.38	6.27	6.13	5.98	6.06	6.04	6.04	5.95	5.83	5.74	5.45	5.3	5.11	5.0	5.04	5.04	2016
7	7.3	7.3.1	EG_EGY_PRIM	Energy intensity level of primary energy (megajoules per constant 2011 purchasing power parity GDP)	2019.Q2.G.01	040	Austria	155	Western Europe	Country	AUT	1	14.14172472	47.58704857	MJ_PER_GDP_CON_PPP_USD	Megajoules per USD constant 2011 PPP GDP			G	Global			IEA (2018), World Energy Balances		E: Estimated data	3.85	4.02	3.98	4.16	4.12	4.12	4.01	3.81	3.76	3.7	3.89	3.69	3.66	3.73	3.56	3.6	3.59	3.59	2016
7	7.3	7.3.1	EG_EGY_PRIM	Energy intensity level of primary energy (megajoules per constant 2011 purchasing power parity GDP)	2019.Q2.G.01	044	Bahamas	029	Caribbean	Country	BHS	1	-78.05111663	24.69546597	MJ_PER_GDP_CON_PPP_USD	Megajoules per USD constant 2011 PPP GDP			G	Global			Energy Balances, UN Statistics Division (2018)		E: Estimated data	2.75	2.58	2.6	2.71	2.69	2.48	2.36	2.37	3.13	2.28	3.28	2.47	2.55	3.79	3.12	2.65	2.39	2.39	2016
7	7.3	7.3.1	EG_EGY_PRIM	Energy intensity level of primary energy (megajoules per constant 2011 purchasing power parity GDP)	2019.Q2.G.01	048	Bahrain	145	Western Asia	Country	BHR	1	50.5490754	26.04407747	MJ_PER_GDP_CON_PPP_USD	Megajoules per USD constant 2011 PPP GDP			G	Global			IEA (2018), World Energy Balances		E: Estimated data	11.17	11.13	11.24	11.06	10.55	11.32	11.62	10.74	11.29	10.63	10.56	10.26	9.91	10.28	10.06	9.95	9.59	9.59	2016
7	7.3	7.3.1	EG_EGY_PRIM	Energy intensity level of primary energy (megajoules per constant 2011 purchasing power parity GDP)	2019.Q2.G.01	050	Bangladesh	034	Southern Asia	Country	BGD	1	89.17660788	22.86961622	MJ_PER_GDP_CON_PPP_USD	Megajoules per USD constant 2011 PPP GDP			G	Global			IEA (2018), World Energy Balances		E: Estimated data	3.59	3.74	3.7	3.66	3.59	3.52	3.54	3.42	3.35	3.36	3.39	3.29	3.24	3.18	3.09	3.13	3.06	3.06	2016
7	7.3	7.3.1	EG_EGY_PRIM	Energy intensity level of primary energy (megajoules per constant 2011 purchasing power parity GDP)	2019.Q2.G.01	051	Armenia	145	Western Asia	Country	ARM	1	44.93839317	40.29499741	MJ_PER_GDP_CON_PPP_USD	Megajoules per USD constant 2011 PPP GDP			G	Global			IEA (2018), World Energy Balances		E: Estimated data	9.4	8.54	7.06	6.53	6.25	6.59	5.93	5.81	5.72	5.79	5.39	5.63	5.75	5.43	5.35	5.37	5.29	5.29	2016
7	7.3	7.3.1	EG_EGY_PRIM	Energy intensity level of primary energy (megajoules per constant 2011 purchasing power parity GDP)	2019.Q2.G.01	052	Barbados	029	Caribbean	Country	BRB	1	-59.5346489	13.13648273	MJ_PER_GDP_CON_PPP_USD	Megajoules per USD constant 2011 PPP GDP			G	Global			Energy Balances, UN Statistics Division (2018)		E: Estimated data	3.77	3.94	3.85	3.86	3.91	3.9	3.79	3.77	4.5	4.73	4.38	4.36	4.25	4.17	3.56	3.54	3.52	3.52	2016
7	7.3	7.3.1	EG_EGY_PRIM	Energy intensity level of primary energy (megajoules per constant 2011 purchasing power parity GDP)	2019.Q2.G.01	056	Belgium	155	Western Europe	Country	BEL	1	4.660976456	50.64104975	MJ_PER_GDP_CON_PPP_USD	Megajoules per USD constant 2011 PPP GDP			G	Global			IEA (2018), World Energy Balances		E: Estimated data	6.38	6.31	5.96	6.16	5.97	5.84	5.65	5.36	5.48	5.37	5.62	5.17	4.93	5.12	4.78	4.75	4.96	4.96	2016
7	7.3	7.3.1	EG_EGY_PRIM	Energy intensity level of primary energy (megajoules per constant 2011 purchasing power parity GDP)	2019.Q2.G.01	060	Bermuda	021	Northern America	Country	BMU	0	-64.78155012	32.27881922	MJ_PER_GDP_CON_PPP_USD	Megajoules per USD constant 2011 PPP GDP			G	Global			Energy Balances, UN Statistics Division (2018)		E: Estimated data	2.29	2.17	2.3	2.24	2.26	2.22	2.36	2.74	2.38	1.91	2.41	1.87	1.68	2.28	2.9	2.5	2.74	2.74	2016
7	7.3	7.3.1	EG_EGY_PRIM	Energy intensity level of primary energy (megajoules per constant 2011 purchasing power parity GDP)	2019.Q2.G.01	064	Bhutan	034	Southern Asia	Country	BTN	1	90.45098484	27.39598568	MJ_PER_GDP_CON_PPP_USD	Megajoules per USD constant 2011 PPP GDP			G	Global			Energy Balances, UN Statistics Division (2018)		E: Estimated data	21.79	20.48	18.98	17.79	16.84	16.23	15.51	13.54	13.33	12.82	12.16	11.39	11.44	11.32	11.25	10.49	10.0	10.0	2016
7	7.3	7.3.1	EG_EGY_PRIM	Energy intensity level of primary energy (megajoules per constant 2011 purchasing power parity GDP)	2019.Q2.G.01	068	Bolivia (Plurinational State of)	005	South America	Country	BOL	1	-64.66224284	-16.71273412	MJ_PER_GDP_CON_PPP_USD	Megajoules per USD constant 2011 PPP GDP			G	Global			IEA (2018), World Energy Balances		E: Estimated data	5.6	4.29	5.01	5.07	4.88	5.09	6.08	4.74	4.75	4.7	4.92	4.96	5.39	5.15	5.17	4.97	5.06	5.06	2016
7	7.3	7.3.1	EG_EGY_PRIM	Energy intensity level of primary energy (megajoules per constant 2011 purchasing power parity GDP)	2019.Q2.G.01	070	Bosnia and Herzegovina	039	Southern Europe	Country	BIH	1	17.78584332	44.16845548	MJ_PER_GDP_CON_PPP_USD	Megajoules per USD constant 2011 PPP GDP			G	Global			IEA (2018), World Energy Balances		E: Estimated data	7.64	7.07	7.04	6.76	6.97	6.71	6.7	6.34	6.75	7.26	7.5	8.19	7.73	7.29	6.7	6.69	7.09	7.09	2016
7	7.3	7.3.1	EG_EGY_PRIM	Energy intensity level of primary energy (megajoules per constant 2011 purchasing power parity GDP)	2019.Q2.G.01	072	Botswana	018	Southern Africa	Country	BWA	1	23.81380223	-22.18810073	MJ_PER_GDP_CON_PPP_USD	Megajoules per USD constant 2011 PPP GDP			G	Global			IEA (2018), World Energy Balances		E: Estimated data	4.18	4.22	4.04	3.85	3.68	3.64	3.47	3.31	3.29	3.32	3.35	3.03	3.29	3.13	3.29	3.34	3.08	3.08	2016
7	7.3	7.3.1	EG_EGY_PRIM	Energy intensity level of primary energy (megajoules per constant 2011 purchasing power parity GDP)	2019.Q2.G.01	074	Bouvet Island	005	South America	Country	BVT	0	3.410732868	-54.43295905																														
7	7.3	7.3.1	EG_EGY_PRIM	Energy intensity level of primary energy (megajoules per constant 2011 purchasing power parity GDP)	2019.Q2.G.01	076	Brazil	005	South America	Country	BRA	1	-53.08432878	-10.77668561	MJ_PER_GDP_CON_PPP_USD	Megajoules per USD constant 2011 PPP GDP			G	Global			IEA (2018), World Energy Balances		E: Estimated data	3.94	3.95	3.94	3.96	3.95	3.92	3.9	3.89	3.91	3.78	3.89	3.79	3.86	3.92	4.02	4.08	4.08	4.08	2016
7	7.3	7.3.1	EG_EGY_PRIM	Energy intensity level of primary energy (megajoules per constant 2011 purchasing power parity GDP)	2019.Q2.G.01	084	Belize	013	Central America	Country	BLZ	1	-88.70199554	17.19965901	MJ_PER_GDP_CON_PPP_USD	Megajoules per USD constant 2011 PPP GDP			G	Global			Energy Balances, UN Statistics Division (2018)		E: Estimated data	6.36	6.38	5.96	5.33	5.08	4.88	5.12	5.05	4.59	5.35	5.06	5.19	4.28	4.49	4.43	4.73	4.72	4.72	2016
7	7.3	7.3.1	EG_EGY_PRIM	Energy intensity level of primary energy (megajoules per constant 2011 purchasing power parity GDP)	2019.Q2.G.01	086	British Indian Ocean Territory	014	Eastern Africa	Country	IOT	0	72.38715553	-7.299281071																														
7	7.3	7.3.1	EG_EGY_PRIM	Energy intensity level of primary energy (megajoules per constant 2011 purchasing power parity GDP)	2019.Q2.G.01	090	Solomon Islands	054	Melanesia	Country	SLB	1	160.1584117	-9.622391719	MJ_PER_GDP_CON_PPP_USD	Megajoules per USD constant 2011 PPP GDP			G	Global			Energy Balances, UN Statistics Division (2018)		E: Estimated data	7.3	7.99	8.22	7.84	7.48	7.1	6.69	6.37	5.93	6.22	5.96	5.22	5.02	4.99	4.92	4.79	4.35	4.35	2016
7	7.3	7.3.1	EG_EGY_PRIM	Energy intensity level of primary energy (megajoules per constant 2011 purchasing power parity GDP)	2019.Q2.G.01	092	British Virgin Islands	029	Caribbean	Country	VGB	0	-64.63294223	18.42256578																														
7	7.3	7.3.1	EG_EGY_PRIM	Energy intensity level of primary energy (megajoules per constant 2011 purchasing power parity GDP)	2019.Q2.G.01	096	Brunei Darussalam	035	South-Eastern Asia	Country	BRN	1	114.6288563	4.49736984	MJ_PER_GDP_CON_PPP_USD	Megajoules per USD constant 2011 PPP GDP			G	Global			IEA (2018), World Energy Balances		E: Estimated data	3.65	3.29	3.1	3.49	3.19	3.07	4.17	4.27	4.78	4.18	4.33	4.99	4.89	3.97	4.75	3.65	4.08	4.08	2016
7	7.3	7.3.1	EG_EGY_PRIM	Energy intensity level of primary energy (megajoules per constant 2011 purchasing power parity GDP)	2019.Q2.G.01	100	Bulgaria	151	Eastern Europe	Country	BGR	1	25.23763153	42.75731323	MJ_PER_GDP_CON_PPP_USD	Megajoules per USD constant 2011 PPP GDP			G	Global			IEA (2018), World Energy Balances		E: Estimated data	10.79	10.84	9.97	9.72	8.88	8.76	8.43	7.72	7.18	6.57	6.62	6.99	6.67	6.1	6.36	6.38	6.0	6.0	2016
7	7.3	7.3.1	EG_EGY_PRIM	Energy intensity level of primary energy (megajoules per constant 2011 purchasing power parity GDP)	2019.Q2.G.01	104	Myanmar	035	South-Eastern Asia	Country	MMR	1	96.51752295	21.19332882	MJ_PER_GDP_CON_PPP_USD	Megajoules per USD constant 2011 PPP GDP			G	Global			IEA (2018), World Energy Balances		E: Estimated data	8.93	7.83	7.23	6.88	6.37	5.6	5.0	4.62	4.02	3.42	3.03	2.92	2.97	2.87	2.92	2.81	2.88	2.88	2016
7	7.3	7.3.1	EG_EGY_PRIM	Energy intensity level of primary energy (megajoules per constant 2011 purchasing power parity GDP)	2019.Q2.G.01	108	Burundi	014	Eastern Africa	Country	BDI	1	29.89080992	-3.366387428	MJ_PER_GDP_CON_PPP_USD	Megajoules per USD constant 2011 PPP GDP			G	Global			Energy Balances, UN Statistics Division (2018)		E: Estimated data	11.35	15.6	15.19	15.49	15.11	15.12	14.65	14.24	13.8	13.51	13.51	13.42	8.15	8.18	7.73	8.06	8.27	8.27	2016
7	7.3	7.3.1	EG_EGY_PRIM	Energy intensity level of primary energy (megajoules per constant 2011 purchasing power parity GDP)	2019.Q2.G.01	112	Belarus	151	Eastern Europe	Country	BLR	1	28.04940161	53.54193075	MJ_PER_GDP_CON_PPP_USD	Megajoules per USD constant 2011 PPP GDP			G	Global			IEA (2018), World Energy Balances		E: Estimated data	13.7	13.15	12.76	12.26	11.37	10.39	10.06	9.07	8.24	7.78	7.47	7.52	7.71	6.81	6.82	6.46	6.58	6.58	2016
7	7.3	7.3.1	EG_EGY_PRIM	Energy intensity level of primary energy (megajoules per constant 2011 purchasing power parity GDP)	2019.Q2.G.01	116	Cambodia	035	South-Eastern Asia	Country	KHM	1	104.922836	12.71163737	MJ_PER_GDP_CON_PPP_USD	Megajoules per USD constant 2011 PPP GDP			G	Global			IEA (2018), World Energy Balances		E: Estimated data	8.49	7.94	8.68	8.24	6.15	5.5	4.96	4.56	4.24	6.25	6.18	6.0	5.85	5.62	5.59	5.77	5.81	5.81	2016
7	7.3	7.3.1	EG_EGY_PRIM	Energy intensity level of primary energy (megajoules per constant 2011 purchasing power parity GDP)	2019.Q2.G.01	120	Cameroon	017	Middle Africa	Country	CMR	1	12.7419827	5.692387031	MJ_PER_GDP_CON_PPP_USD	Megajoules per USD constant 2011 PPP GDP			G	Global			IEA (2018), World Energy Balances		E: Estimated data	6.64	6.44	6.51	6.47	6.25	6.18	5.52	4.96	4.84	5.12	4.99	4.76	4.63	4.23	4.45	5.08	4.95	4.95	2016
7	7.3	7.3.1	EG_EGY_PRIM	Energy intensity level of primary energy (megajoules per constant 2011 purchasing power parity GDP)	2019.Q2.G.01	124	Canada	021	Northern America	Country	CAN	1	-101.6575058	57.72360191	MJ_PER_GDP_CON_PPP_USD	Megajoules per USD constant 2011 PPP GDP			G	Global			IEA (2018), World Energy Balances		E: Estimated data	9.22	8.93	8.69	8.99	8.94	8.74	8.67	8.47	8.26	8.14	7.96	7.83	7.73	7.64	7.65	7.6	7.48	7.48	2016
7	7.3	7.3.1	EG_EGY_PRIM	Energy intensity level of primary energy (megajoules per constant 2011 purchasing power parity GDP)	2019.Q2.G.01	132	Cabo Verde	011	Western Africa	Country	CPV	1	-23.63544151	15.07791834	MJ_PER_GDP_CON_PPP_USD	Megajoules per USD constant 2011 PPP GDP			G	Global			Energy Balances, UN Statistics Division (2018)		E: Estimated data	2.67	2.84	2.99	3.1	3.03	3.53	3.48	3.23	2.85	3.15	3.16	3.34	2.84	2.81	2.76	2.77	2.85	2.85	2016
7	7.3	7.3.1	EG_EGY_PRIM	Energy intensity level of primary energy (megajoules per constant 2011 purchasing power parity GDP)	2019.Q2.G.01	136	Cayman Islands	029	Caribbean	Country	CYM	0	-81.16740559	19.32266656	MJ_PER_GDP_CON_PPP_USD	Megajoules per USD constant 2011 PPP GDP			G	Global			Energy Balances, UN Statistics Division (2018)		E: Estimated data	2.59	2.59	2.64	2.6	2.44	2.36	2.29	2.66	2.72	2.78	2.87	2.98	2.7	2.65	2.63	2.6	2.51	2.51	2016
7	7.3	7.3.1	EG_EGY_PRIM	Energy intensity level of primary energy (megajoules per constant 2011 purchasing power parity GDP)	2019.Q2.G.01	140	Central African Republic	017	Middle Africa	Country	CAF	1	20.93559492	7.003720791	MJ_PER_GDP_CON_PPP_USD	Megajoules per USD constant 2011 PPP GDP			G	Global			Energy Balances, UN Statistics Division (2018)		E: Estimated data	7.34	6.92	6.68	7.01	6.65	6.61	6.38	6.1	5.99	5.89	5.75	5.63	5.45	8.57	8.54	8.17	7.83	7.83	2016
7	7.3	7.3.1	EG_EGY_PRIM	Energy intensity level of primary energy (megajoules per constant 2011 purchasing power parity GDP)	2019.Q2.G.01	144	Sri Lanka	034	Southern Asia	Country	LKA	1	80.70489654	7.614693343	MJ_PER_GDP_CON_PPP_USD	Megajoules per USD constant 2011 PPP GDP			G	Global			IEA (2018), World Energy Balances		E: Estimated data	3.35	3.29	3.22	3.22	3.1	2.98	2.79	2.67	2.48	2.37	2.37	2.34	2.31	1.99	2.03	2.06	2.02	2.02	2016
7	7.3	7.3.1	EG_EGY_PRIM	Energy intensity level of primary energy (megajoules per constant 2011 purchasing power parity GDP)	2019.Q2.G.01	148	Chad	017	Middle Africa	Country	TCD	1	18.66618401	15.36279341	MJ_PER_GDP_CON_PPP_USD	Megajoules per USD constant 2011 PPP GDP			G	Global			Energy Balances, UN Statistics Division (2018)		E: Estimated data	7.43	6.79	6.38	5.94	4.52	3.94	3.98	3.96	3.95	3.86	3.48	3.4	3.18	3.06	2.91	2.88	3.11	3.11	2016
7	7.3	7.3.1	EG_EGY_PRIM	Energy intensity level of primary energy (megajoules per constant 2011 purchasing power parity GDP)	2019.Q2.G.01	152	Chile	005	South America	Country	CHL	1	-71.23029019	-35.2652885	MJ_PER_GDP_CON_PPP_USD	Megajoules per USD constant 2011 PPP GDP			G	Global			IEA (2018), World Energy Balances		E: Estimated data	4.82	4.58	4.6	4.47	4.44	4.32	4.23	4.19	4.0	3.96	3.91	4.01	4.22	4.2	3.72	3.72	3.91	3.91	2016
7	7.3	7.3.1	EG_EGY_PRIM	Energy intensity level of primary energy (megajoules per constant 2011 purchasing power parity GDP)	2019.Q2.G.01	156	China	030	Eastern Asia	Country	CHN	1	104.1403375	32.30955217	MJ_PER_GDP_CON_PPP_USD	Megajoules per USD constant 2011 PPP GDP			G	Global			IEA (2018), World Energy Balances		E: Estimated data	10.12	9.66	9.44	9.78	10.1	10.0	9.71	9.15	8.57	8.35	8.33	8.17	7.84	7.51	7.13	6.73	6.24	6.24	2016
7	7.3	7.3.1	EG_EGY_PRIM	Energy intensity level of primary energy (megajoules per constant 2011 purchasing power parity GDP)	2019.Q2.G.01	162	Christmas Island	053	Australia and New Zealand	Country	CXR	0	105.6426067	-10.4882473																														
7	7.3	7.3.1	EG_EGY_PRIM	Energy intensity level of primary energy (megajoules per constant 2011 purchasing power parity GDP)	2019.Q2.G.01	166	Cocos (Keeling) Islands	053	Australia and New Zealand	Country	CCK	0	96.82633757	-12.18600682																														
7	7.3	7.3.1	EG_EGY_PRIM	Energy intensity level of primary energy (megajoules per constant 2011 purchasing power parity GDP)	2019.Q2.G.01	170	Colombia	005	South America	Country	COL	1	-73.07446751	3.888209046	MJ_PER_GDP_CON_PPP_USD	Megajoules per USD constant 2011 PPP GDP			G	Global			IEA (2018), World Energy Balances		E: Estimated data	3.22	3.15	3.02	2.96	2.84	2.83	2.79	2.59	2.62	2.67	2.61	2.45	2.38	2.78	2.67	2.57	2.62	2.62	2016
7	7.3	7.3.1	EG_EGY_PRIM	Energy intensity level of primary energy (megajoules per constant 2011 purchasing power parity GDP)	2019.Q2.G.01	174	Comoros	014	Eastern Africa	Country	COM	1	43.34234565	-11.66121732	MJ_PER_GDP_CON_PPP_USD	Megajoules per USD constant 2011 PPP GDP			G	Global			Energy Balances, UN Statistics Division (2018)		E: Estimated data	4.04	4.09	4.07	4.49	4.68	4.53	4.84	3.98	4.07	4.43	4.77	4.45	4.48	4.8	4.5	4.69	5.02	5.02	2016
7	7.3	7.3.1	EG_EGY_PRIM	Energy intensity level of primary energy (megajoules per constant 2011 purchasing power parity GDP)	2019.Q2.G.01	175	Mayotte	014	Eastern Africa	Country	MYT	0	45.14015057	-12.82217691																														
7	7.3	7.3.1	EG_EGY_PRIM	Energy intensity level of primary energy (megajoules per constant 2011 purchasing power parity GDP)	2019.Q2.G.01	178	Congo	011	Western Africa	Country	COG	1	15.22052612	-0.840544119	MJ_PER_GDP_CON_PPP_USD	Megajoules per USD constant 2011 PPP GDP			G	Global			IEA (2018), World Energy Balances		E: Estimated data	2.06	2.22	2.14	2.5	2.57	2.58	3.17	2.86	2.9	3.08	3.09	3.97	4.39	4.46	4.13	4.05	4.19	4.19	2016
7	7.3	7.3.1	EG_EGY_PRIM	Energy intensity level of primary energy (megajoules per constant 2011 purchasing power parity GDP)	2019.Q2.G.01	180	Democratic Republic of the Congo	017	Middle Africa	Country	COD	1	23.65496507	-2.877154732	MJ_PER_GDP_CON_PPP_USD	Megajoules per USD constant 2011 PPP GDP			G	Global			IEA (2018), World Energy Balances		E: Estimated data	21.58	22.79	22.9	22.5	21.92	21.45	21.14	20.62	20.13	20.16	19.51	19.39	22.36	21.66	20.77	19.54	19.56	19.56	2016
7	7.3	7.3.1	EG_EGY_PRIM	Energy intensity level of primary energy (megajoules per constant 2011 purchasing power parity GDP)	2019.Q2.G.01	184	Cook Islands	061	Polynesia	Country	COK	0	-159.7711391	-21.22696458																														
7	7.3	7.3.1	EG_EGY_PRIM	Energy intensity level of primary energy (megajoules per constant 2011 purchasing power parity GDP)	2019.Q2.G.01	188	Costa Rica	013	Central America	Country	CRI	1	-84.19712782	9.970998683	MJ_PER_GDP_CON_PPP_USD	Megajoules per USD constant 2011 PPP GDP			G	Global			IEA (2018), World Energy Balances		E: Estimated data	3.1	3.02	3.08	3.16	3.59	3.46	3.49	3.48	3.37	3.4	3.29	3.16	3.07	3.08	3.01	2.91	2.89	2.89	2016
7	7.3	7.3.1	EG_EGY_PRIM	Energy intensity level of primary energy (megajoules per constant 2011 purchasing power parity GDP)	2019.Q2.G.01	191	Croatia	039	Southern Europe	Country	HRV	1	17.95874553	45.45172212	MJ_PER_GDP_CON_PPP_USD	Megajoules per USD constant 2011 PPP GDP			G	Global			IEA (2018), World Energy Balances		E: Estimated data	5.04	5.06	4.94	5.02	4.83	4.7	4.46	4.41	4.22	4.4	4.41	4.32	4.16	4.1	3.91	3.99	3.9	3.9	2016
7	7.3	7.3.1	EG_EGY_PRIM	Energy intensity level of primary energy (megajoules per constant 2011 purchasing power parity GDP)	2019.Q2.G.01	192	Cuba	029	Caribbean	Country	CUB	1	-79.54460144	22.10030366	MJ_PER_GDP_CON_PPP_USD	Megajoules per USD constant 2011 PPP GDP			G	Global			IEA (2018), World Energy Balances		E: Estimated data	4.25	4.02	3.7	3.54	3.27	2.79	2.48	2.2	2.25	2.14	2.27	2.14	2.12	1.96	1.97	1.93	1.61	1.61	2016
7	7.3	7.3.1	EG_EGY_PRIM	Energy intensity level of primary energy (megajoules per constant 2011 purchasing power parity GDP)	2019.Q2.G.01	196	Cyprus	145	Western Asia	Country	CYP	1	33.22285964	35.05659437	MJ_PER_GDP_CON_PPP_USD	Megajoules per USD constant 2011 PPP GDP			G	Global			IEA (2018), World Energy Balances		E: Estimated data	4.28	4.09	4.01	4.26	3.82	3.74	3.72	3.75	3.82	3.81	3.63	3.51	3.41	3.14	3.25	3.26	3.36	3.36	2016
7	7.3	7.3.1	EG_EGY_PRIM	Energy intensity level of primary energy (megajoules per constant 2011 purchasing power parity GDP)	2019.Q2.G.01	203	Czechia	151	Eastern Europe	Country	CZE	1	15.33151382	49.73913871	MJ_PER_GDP_CON_PPP_USD	Megajoules per USD constant 2011 PPP GDP			G	Global			IEA (2018), World Energy Balances		E: Estimated data	7.94	7.92	7.89	7.95	7.75	7.2	6.89	6.51	6.22	6.14	6.36	6.03	6.04	6.07	5.73	5.45	5.25	5.25	2016
7	7.3	7.3.1	EG_EGY_PRIM	Energy intensity level of primary energy (megajoules per constant 2011 purchasing power parity GDP)	2019.Q2.G.01	204	Benin	011	Western Africa	Country	BEN	1	2.339933594	9.65401646	MJ_PER_GDP_CON_PPP_USD	Megajoules per USD constant 2011 PPP GDP			G	Global			IEA (2018), World Energy Balances		E: Estimated data	7.26	7.33	7.51	7.66	7.65	7.55	8.57	8.79	8.57	8.79	9.26	9.04	8.62	8.37	8.16	8.5	8.53	8.53	2016
7	7.3	7.3.1	EG_EGY_PRIM	Energy intensity level of primary energy (megajoules per constant 2011 purchasing power parity GDP)	2019.Q2.G.01	208	Denmark	154	Northern Europe	Country	DNK	1	9.326571283	56.03829721	MJ_PER_GDP_CON_PPP_USD	Megajoules per USD constant 2011 PPP GDP			G	Global			IEA (2018), World Energy Balances		E: Estimated data	3.45	3.53	3.48	3.66	3.45	3.27	3.38	3.27	3.21	3.21	3.34	3.05	2.93	2.88	2.67	2.62	2.63	2.63	2016
7	7.3	7.3.1	EG_EGY_PRIM	Energy intensity level of primary energy (megajoules per constant 2011 purchasing power parity GDP)	2019.Q2.G.01	212	Dominica	029	Caribbean	Country	DMA	1	-61.3493756	15.43391378	MJ_PER_GDP_CON_PPP_USD	Megajoules per USD constant 2011 PPP GDP			G	Global			Energy Balances, UN Statistics Division (2018)		E: Estimated data	2.89	3.08	2.94	3.05	3.48	3.47	3.36	3.96	3.29	3.3	3.48	3.23	3.48	3.56	3.54	3.62	3.61	3.61	2016
7	7.3	7.3.1	EG_EGY_PRIM	Energy intensity level of primary energy (megajoules per constant 2011 purchasing power parity GDP)	2019.Q2.G.01	214	Dominican Republic	029	Caribbean	Country	DOM	1	-70.49847576	18.89832088	MJ_PER_GDP_CON_PPP_USD	Megajoules per USD constant 2011 PPP GDP			G	Global			IEA (2018), World Energy Balances		E: Estimated data	4.39	4.13	4.34	4.03	3.66	3.66	3.34	3.3	3.05	2.95	2.88	2.83	2.89	2.66	2.43	2.48	2.44	2.44	2016
7	7.3	7.3.1	EG_EGY_PRIM	Energy intensity level of primary energy (megajoules per constant 2011 purchasing power parity GDP)	2019.Q2.G.01	218	Ecuador	005	South America	Country	ECU	1	-78.37005241	-1.447785891	MJ_PER_GDP_CON_PPP_USD	Megajoules per USD constant 2011 PPP GDP			G	Global			IEA (2018), World Energy Balances		E: Estimated data	3.96	4.04	3.78	3.74	3.34	3.31	3.18	3.52	3.05	3.61	3.53	3.46	3.24	3.32	3.42	3.64	3.51	3.51	2016
7	7.3	7.3.1	EG_EGY_PRIM	Energy intensity level of primary energy (megajoules per constant 2011 purchasing power parity GDP)	2019.Q2.G.01	222	El Salvador	013	Central America	Country	SLV	1	-88.86862995	13.73603564	MJ_PER_GDP_CON_PPP_USD	Megajoules per USD constant 2011 PPP GDP			G	Global			IEA (2018), World Energy Balances		E: Estimated data	5.01	5.19	5.21	5.35	5.26	5.27	5.31	4.87	4.84	4.68	4.7	4.59	4.27	3.94	3.86	4.05	4.03	4.03	2016
7	7.3	7.3.1	EG_EGY_PRIM	Energy intensity level of primary energy (megajoules per constant 2011 purchasing power parity GDP)	2019.Q2.G.01	226	Equatorial Guinea	017	Middle Africa	Country	GNQ	1	10.46535826	1.565792376	MJ_PER_GDP_CON_PPP_USD	Megajoules per USD constant 2011 PPP GDP			G	Global			Energy Balances, UN Statistics Division (2018)		E: Estimated data	1.42	2.08	2.75	3.54	2.25	2.88	3.62	2.73	2.17	2.05	2.5	2.72	2.1	2.27	2.08	1.74	1.48	1.48	2016
7	7.3	7.3.1	EG_EGY_PRIM	Energy intensity level of primary energy (megajoules per constant 2011 purchasing power parity GDP)	2019.Q2.G.01	231	Ethiopia	014	Eastern Africa	Country	ETH	1	39.63505296	8.631223181	MJ_PER_GDP_CON_PPP_USD	Megajoules per USD constant 2011 PPP GDP			G	Global			IEA (2018), World Energy Balances		E: Estimated data	32.25	30.9	31.35	33.06	29.98	27.47	25.53	23.64	21.98	20.76	18.95	17.55	16.69	15.63	14.68	13.69	13.1	13.1	2016
7	7.3	7.3.1	EG_EGY_PRIM	Energy intensity level of primary energy (megajoules per constant 2011 purchasing power parity GDP)	2019.Q2.G.01	232	Eritrea	014	Eastern Africa	Country	ERI	1	38.11074289	16.12894644	MJ_PER_GDP_CON_PPP_USD	Megajoules per USD constant 2011 PPP GDP			G	Global			IEA (2018), World Energy Balances		E: Estimated data	5.2	5.01	4.91	5.4	4.94	4.94	4.54	4.62	4.82	4.97	4.99	4.7	4.77	4.56	4.54	4.48	4.41	4.41	2016
7	7.3	7.3.1	EG_EGY_PRIM	Energy intensity level of primary energy (megajoules per constant 2011 purchasing power parity GDP)	2019.Q2.G.01	233	Estonia	154	Northern Europe	Country	EST	1	25.84093481	58.68487172	MJ_PER_GDP_CON_PPP_USD	Megajoules per USD constant 2011 PPP GDP			G	Global			IEA (2018), World Energy Balances		E: Estimated data	9.0	8.83	7.97	8.2	7.86	7.06	6.25	6.49	6.62	6.89	7.78	7.23	6.8	7.37	6.79	6.32	6.25	6.25	2016
7	7.3	7.3.1	EG_EGY_PRIM	Energy intensity level of primary energy (megajoules per constant 2011 purchasing power parity GDP)	2019.Q2.G.01	234	Faroe Islands	154	Northern Europe	Country	FRO	0	-7.122044325	62.21228119																														
7	7.3	7.3.1	EG_EGY_PRIM	Energy intensity level of primary energy (megajoules per constant 2011 purchasing power parity GDP)	2019.Q2.G.01	238	Falkland Islands (Malvinas)	005	South America	Country	FLK	0	-58.75246778	-51.74562601																														
7	7.3	7.3.1	EG_EGY_PRIM	Energy intensity level of primary energy (megajoules per constant 2011 purchasing power parity GDP)	2019.Q2.G.01	239	South Georgia and the South Sandwich Islands	005	South America	Country	SGS	0	-36.90662765	-54.20736749																														
7	7.3	7.3.1	EG_EGY_PRIM	Energy intensity level of primary energy (megajoules per constant 2011 purchasing power parity GDP)	2019.Q2.G.01	242	Fiji	054	Melanesia	Country	FJI	1	177.9660884	-17.83301566	MJ_PER_GDP_CON_PPP_USD	Megajoules per USD constant 2011 PPP GDP			G	Global			Energy Balances, UN Statistics Division (2018)		E: Estimated data	3.99	4.28	3.86	3.99	4.69	3.9	4.17	3.87	3.08	2.77	3.4	3.17	3.06	3.56	4.06	4.84	4.37	4.37	2016
7	7.3	7.3.1	EG_EGY_PRIM	Energy intensity level of primary energy (megajoules per constant 2011 purchasing power parity GDP)	2019.Q2.G.01	246	Finland	154	Northern Europe	Country	FIN	1	23.308447	61.91586738	MJ_PER_GDP_CON_PPP_USD	Megajoules per USD constant 2011 PPP GDP			G	Global			IEA (2018), World Energy Balances		E: Estimated data	7.51	7.51	7.77	8.03	7.82	7.02	7.34	6.87	6.55	6.75	7.17	6.72	6.58	6.5	6.7	6.4	6.53	6.53	2016
7	7.3	7.3.1	EG_EGY_PRIM	Energy intensity level of primary energy (megajoules per constant 2011 purchasing power parity GDP)	2019.Q2.G.01	248	Åland Islands	154	Northern Europe	Country	ALA	0	19.80945969	60.1544901																														
7	7.3	7.3.1	EG_EGY_PRIM	Energy intensity level of primary energy (megajoules per constant 2011 purchasing power parity GDP)	2019.Q2.G.01	250	France	155	Western Europe	Country	FRA	1	2.457288129	46.62660861	MJ_PER_GDP_CON_PPP_USD	Megajoules per USD constant 2011 PPP GDP			G	Global			IEA (2018), World Energy Balances		E: Estimated data	4.96	5.03	4.99	5.07	5.01	4.95	4.76	4.6	4.61	4.55	4.6	4.35	4.35	4.33	4.12	4.14	4.02	4.02	2016
7	7.3	7.3.1	EG_EGY_PRIM	Energy intensity level of primary energy (megajoules per constant 2011 purchasing power parity GDP)	2019.Q2.G.01	254	French Guiana	005	South America	Country	GUF	0	-53.23619089	3.922673437																														
7	7.3	7.3.1	EG_EGY_PRIM	Energy intensity level of primary energy (megajoules per constant 2011 purchasing power parity GDP)	2019.Q2.G.01	258	French Polynesia	061	Polynesia	Country	PYF	0	-149.4052367	-17.67709294																														
7	7.3	7.3.1	EG_EGY_PRIM	Energy intensity level of primary energy (megajoules per constant 2011 purchasing power parity GDP)	2019.Q2.G.01	260	French Southern Territories	014	Eastern Africa	Country	ATF	0	69.64849091	-49.6068576																														
7	7.3	7.3.1	EG_EGY_PRIM	Energy intensity level of primary energy (megajoules per constant 2011 purchasing power parity GDP)	2019.Q2.G.01	262	Djibouti	014	Eastern Africa	Country	DJI	1	42.18274707	11.56004161	MJ_PER_GDP_CON_PPP_USD	Megajoules per USD constant 2011 PPP GDP			G	Global			Energy Balances, UN Statistics Division (2018)		E: Estimated data	5.38	5.35	5.57	5.65	5.38	5.33	5.17	4.91	4.96	4.62	4.73	4.3	3.5	2.97	2.87	2.29	2.55	2.55	2016
7	7.3	7.3.1	EG_EGY_PRIM	Energy intensity level of primary energy (megajoules per constant 2011 purchasing power parity GDP)	2019.Q2.G.01	266	Gabon	017	Middle Africa	Country	GAB	1	11.78727747	-0.60687619	MJ_PER_GDP_CON_PPP_USD	Megajoules per USD constant 2011 PPP GDP			G	Global			IEA (2018), World Energy Balances		E: Estimated data	2.81	2.96	3.58	4.11	4.74	5.34	6.18	6.49	7.38	8.06	8.45	6.35	5.33	7.42	6.91	6.73	6.73	6.73	2016
7	7.3	7.3.1	EG_EGY_PRIM	Energy intensity level of primary energy (megajoules per constant 2011 purchasing power parity GDP)	2019.Q2.G.01	268	Georgia	145	Western Asia	Country	GEO	1	43.3713615	42.04813028	MJ_PER_GDP_CON_PPP_USD	Megajoules per USD constant 2011 PPP GDP			G	Global			IEA (2018), World Energy Balances		E: Estimated data	8.33	7.12	6.68	6.4	6.21	5.79	5.65	5.54	4.87	5.21	4.95	5.24	5.15	5.24	5.64	5.78	5.82	5.82	2016
7	7.3	7.3.1	EG_EGY_PRIM	Energy intensity level of primary energy (megajoules per constant 2011 purchasing power parity GDP)	2019.Q2.G.01	270	Gambia	011	Western Africa	Country	GMB	1	-15.39944785	13.45295927	MJ_PER_GDP_CON_PPP_USD	Megajoules per USD constant 2011 PPP GDP			G	Global			Energy Balances, UN Statistics Division (2018)		E: Estimated data	4.91	4.86	5.09	4.8	4.64	4.74	4.89	4.9	4.72	4.73	4.44	4.73	4.56	4.31	4.66	4.56	4.49	4.49	2016
7	7.3	7.3.1	EG_EGY_PRIM	Energy intensity level of primary energy (megajoules per constant 2011 purchasing power parity GDP)	2019.Q2.G.01	275	State of Palestine	145	Western Asia	Country	PSE	0	35.25694122	31.94347933	MJ_PER_GDP_CON_PPP_USD	Megajoules per USD constant 2011 PPP GDP			G	Global			Energy Balances, UN Statistics Division (2018)		E: Estimated data	3.06	2.8	2.86	2.82	3.66	3.86	3.59	3.78	3.91	3.36	3.37	3.43	2.96	3.25	3.7	3.48	3.56	3.56	2016
7	7.3	7.3.1	EG_EGY_PRIM	Energy intensity level of primary energy (megajoules per constant 2011 purchasing power parity GDP)	2019.Q2.G.01	276	Germany	155	Western Europe	Country	DEU	1	10.3806066	51.08862743	MJ_PER_GDP_CON_PPP_USD	Megajoules per USD constant 2011 PPP GDP			G	Global			IEA (2018), World Energy Balances		E: Estimated data	4.66	4.72	4.62	4.62	4.6	4.55	4.5	4.13	4.12	4.09	4.13	3.79	3.78	3.85	3.63	3.59	3.55	3.55	2016
7	7.3	7.3.1	EG_EGY_PRIM	Energy intensity level of primary energy (megajoules per constant 2011 purchasing power parity GDP)	2019.Q2.G.01	288	Ghana	011	Western Africa	Country	GHA	1	-1.205623522	7.964825185	MJ_PER_GDP_CON_PPP_USD	Megajoules per USD constant 2011 PPP GDP			G	Global			IEA (2018), World Energy Balances		E: Estimated data	6.2	5.95	5.69	5.14	4.8	4.5	4.57	4.31	4.08	4.11	4.23	3.72	3.79	3.82	3.63	3.64	3.49	3.49	2016
7	7.3	7.3.1	EG_EGY_PRIM	Energy intensity level of primary energy (megajoules per constant 2011 purchasing power parity GDP)	2019.Q2.G.01	292	Gibraltar	039	Southern Europe	Country	GIB	0	-5.347561686	36.13895036																														
7	7.3	7.3.1	EG_EGY_PRIM	Energy intensity level of primary energy (megajoules per constant 2011 purchasing power parity GDP)	2019.Q2.G.01	296	Kiribati	057	Micronesia	Country	KIR	1	-157.5643005	1.768837732	MJ_PER_GDP_CON_PPP_USD	Megajoules per USD constant 2011 PPP GDP			G	Global			Energy Balances, UN Statistics Division (2018)		E: Estimated data	5.45	5.3	6.02	6.12	6.57	7.1	7.76	7.23	8.03	7.31	7.51	7.27	6.88	6.58	6.63	6.2	6.46	6.46	2016
7	7.3	7.3.1	EG_EGY_PRIM	Energy intensity level of primary energy (megajoules per constant 2011 purchasing power parity GDP)	2019.Q2.G.01	300	Greece	039	Southern Europe	Country	GRC	1	22.58307827	39.47301873	MJ_PER_GDP_CON_PPP_USD	Megajoules per USD constant 2011 PPP GDP			G	Global			IEA (2018), World Energy Balances		E: Estimated data	4.23	4.2	4.08	3.97	3.85	3.9	3.69	3.57	3.61	3.65	3.62	3.86	4.13	3.75	3.69	3.71	3.64	3.64	2016
7	7.3	7.3.1	EG_EGY_PRIM	Energy intensity level of primary energy (megajoules per constant 2011 purchasing power parity GDP)	2019.Q2.G.01	304	Greenland	021	Northern America	Country	GRL	0	-41.39371316	74.75625681																														
7	7.3	7.3.1	EG_EGY_PRIM	Energy intensity level of primary energy (megajoules per constant 2011 purchasing power parity GDP)	2019.Q2.G.01	308	Grenada	029	Caribbean	Country	GRD	1	-61.68248568	12.11238395	MJ_PER_GDP_CON_PPP_USD	Megajoules per USD constant 2011 PPP GDP			G	Global			Energy Balances, UN Statistics Division (2018)		E: Estimated data	2.99	3.12	3.15	3.05	2.98	2.78	2.99	2.98	3.07	3.3	3.44	3.29	3.53	3.88	2.87	2.97	2.91	2.91	2016
7	7.3	7.3.1	EG_EGY_PRIM	Energy intensity level of primary energy (megajoules per constant 2011 purchasing power parity GDP)	2019.Q2.G.01	312	Guadeloupe	029	Caribbean	Country	GLP	0	-61.64762115	16.14416917																														
7	7.3	7.3.1	EG_EGY_PRIM	Energy intensity level of primary energy (megajoules per constant 2011 purchasing power parity GDP)	2019.Q2.G.01	316	Guam	057	Micronesia	Country	GUM	0	144.7029305	13.35485404																														
7	7.3	7.3.1	EG_EGY_PRIM	Energy intensity level of primary energy (megajoules per constant 2011 purchasing power parity GDP)	2019.Q2.G.01	320	Guatemala	013	Central America	Country	GTM	1	-91.2312746	15.00273719	MJ_PER_GDP_CON_PPP_USD	Megajoules per USD constant 2011 PPP GDP			G	Global			IEA (2018), World Energy Balances		E: Estimated data	4.17	4.16	4.04	4.09	4.09	3.98	3.84	3.88	3.6	4.11	4.69	4.59	4.39	4.35	4.37	4.46	4.83	4.83	2016
7	7.3	7.3.1	EG_EGY_PRIM	Energy intensity level of primary energy (megajoules per constant 2011 purchasing power parity GDP)	2019.Q2.G.01	324	Guinea	011	Western Africa	Country	GIN	1	-11.28173419	11.00210343	MJ_PER_GDP_CON_PPP_USD	Megajoules per USD constant 2011 PPP GDP			G	Global			Energy Balances, UN Statistics Division (2018)		E: Estimated data	10.23	9.99	9.6	9.55	9.46	9.26	9.24	8.77	8.47	8.7	8.66	8.29	7.78	7.28	7.12	7.15	6.66	6.66	2016
7	7.3	7.3.1	EG_EGY_PRIM	Energy intensity level of primary energy (megajoules per constant 2011 purchasing power parity GDP)	2019.Q2.G.01	328	Guyana	005	South America	Country	GUY	1	-58.97322037	4.788012784	MJ_PER_GDP_CON_PPP_USD	Megajoules per USD constant 2011 PPP GDP			G	Global			Energy Balances, UN Statistics Division (2018)		E: Estimated data	9.28	9.12	9.31	9.18	9.35	8.32	7.39	7.82	7.53	7.24	7.34	7.52	7.44	6.71	6.61	6.36	6.62	6.62	2016
7	7.3	7.3.1	EG_EGY_PRIM	Energy intensity level of primary energy (megajoules per constant 2011 purchasing power parity GDP)	2019.Q2.G.01	332	Haiti	029	Caribbean	Country	HTI	1	-72.33640958	18.40426539	MJ_PER_GDP_CON_PPP_USD	Megajoules per USD constant 2011 PPP GDP			G	Global			IEA (2018), World Energy Balances		E: Estimated data	5.66	5.84	6.59	6.3	6.74	9.86	9.93	10.06	10.11	9.95	10.58	10.38	10.46	10.1	9.95	10.11	10.11	10.11	2016
7	7.3	7.3.1	EG_EGY_PRIM	Energy intensity level of primary energy (megajoules per constant 2011 purchasing power parity GDP)	2019.Q2.G.01	334	Heard Island and McDonald Islands	053	Australia and New Zealand	Country	HMD	0	73.52633626	-53.09106147																														
7	7.3	7.3.1	EG_EGY_PRIM	Energy intensity level of primary energy (megajoules per constant 2011 purchasing power parity GDP)	2019.Q2.G.01	336	Holy See	039	Southern Europe	Country	VAT	0	12.45315803	41.90343751																														
7	7.3	7.3.1	EG_EGY_PRIM	Energy intensity level of primary energy (megajoules per constant 2011 purchasing power parity GDP)	2019.Q2.G.01	340	Honduras	013	Central America	Country	HND	1	-86.59974381	14.82243161	MJ_PER_GDP_CON_PPP_USD	Megajoules per USD constant 2011 PPP GDP			G	Global			IEA (2018), World Energy Balances		E: Estimated data	5.79	6.07	6.13	6.37	6.47	6.34	5.82	6.42	6.11	6.11	5.92	6.24	6.38	6.2	6.06	6.32	6.09	6.09	2016
7	7.3	7.3.1	EG_EGY_PRIM	Energy intensity level of primary energy (megajoules per constant 2011 purchasing power parity GDP)	2019.Q2.G.01	344	China, Hong Kong Special Administrative Region	030	Eastern Asia	Country	HKG	0	114.0266445	22.41749934	MJ_PER_GDP_CON_PPP_USD	Megajoules per USD constant 2011 PPP GDP			G	Global			IEA (2018), World Energy Balances		E: Estimated data	2.51	2.6	2.37	2.37	2.05	1.89	1.86	1.88	1.8	1.94	1.69	1.74	1.66	1.57	1.55	1.49	1.52	1.52	2016
7	7.3	7.3.1	EG_EGY_PRIM	Energy intensity level of primary energy (megajoules per constant 2011 purchasing power parity GDP)	2019.Q2.G.01	348	Hungary	151	Eastern Europe	Country	HUN	1	19.41221519	47.1651448	MJ_PER_GDP_CON_PPP_USD	Megajoules per USD constant 2011 PPP GDP			G	Global			IEA (2018), World Energy Balances		E: Estimated data	5.71	5.63	5.39	5.3	5.03	5.19	4.95	4.83	4.72	4.81	4.95	4.77	4.62	4.37	4.19	4.28	4.26	4.26	2016
7	7.3	7.3.1	EG_EGY_PRIM	Energy intensity level of primary energy (megajoules per constant 2011 purchasing power parity GDP)	2019.Q2.G.01	352	Iceland	154	Northern Europe	Country	ISL	1	-19.02116966	64.79134763	MJ_PER_GDP_CON_PPP_USD	Megajoules per USD constant 2011 PPP GDP			G	Global			IEA (2018), World Energy Balances		E: Estimated data	13.64	12.7	13.0	12.7	11.63	11.11	13.1	14.22	15.8	17.54	18.29	19.19	18.49	18.45	17.99	16.42	14.46	14.46	2016
7	7.3	7.3.1	EG_EGY_PRIM	Energy intensity level of primary energy (megajoules per constant 2011 purchasing power parity GDP)	2019.Q2.G.01	356	India	034	Southern Asia	Country	IND	1	79.3608464	22.34642074	MJ_PER_GDP_CON_PPP_USD	Megajoules per USD constant 2011 PPP GDP			G	Global			IEA (2018), World Energy Balances		E: Estimated data	7.03	6.81	6.77	6.44	6.28	5.92	5.62	5.45	5.55	5.67	5.41	5.31	5.26	5.02	4.95	4.65	4.47	4.47	2016
7	7.3	7.3.1	EG_EGY_PRIM	Energy intensity level of primary energy (megajoules per constant 2011 purchasing power parity GDP)	2019.Q2.G.01	360	Indonesia	035	South-Eastern Asia	Country	IDN	1	113.9174	-0.994582204	MJ_PER_GDP_CON_PPP_USD	Megajoules per USD constant 2011 PPP GDP			G	Global			IEA (2018), World Energy Balances		E: Estimated data	5.31	5.24	5.19	4.97	5.04	4.85	4.7	4.4	4.22	4.32	4.23	3.83	3.79	3.68	3.69	3.52	3.43	3.43	2016
7	7.3	7.3.1	EG_EGY_PRIM	Energy intensity level of primary energy (megajoules per constant 2011 purchasing power parity GDP)	2019.Q2.G.01	364	Iran (Islamic Republic of)	034	Southern Asia	Country	IRN	1	54.19766348	32.74370885	MJ_PER_GDP_CON_PPP_USD	Megajoules per USD constant 2011 PPP GDP			G	Global			IEA (2018), World Energy Balances		E: Estimated data	5.93	6.38	6.16	5.85	6.11	6.57	6.54	6.4	6.84	6.76	6.39	6.35	7.14	7.29	7.48	7.52	6.98	6.98	2016
7	7.3	7.3.1	EG_EGY_PRIM	Energy intensity level of primary energy (megajoules per constant 2011 purchasing power parity GDP)	2019.Q2.G.01	368	Iraq	145	Western Asia	Country	IRQ	1	43.76606267	33.05013795	MJ_PER_GDP_CON_PPP_USD	Megajoules per USD constant 2011 PPP GDP			G	Global			IEA (2018), World Energy Balances		E: Estimated data	3.79	4.14	4.23	5.81	3.88	3.76	3.22	3.3	3.27	3.77	4.01	4.06	4.01	4.0	3.98	3.68	3.85	3.85	2016
7	7.3	7.3.1	EG_EGY_PRIM	Energy intensity level of primary energy (megajoules per constant 2011 purchasing power parity GDP)	2019.Q2.G.01	372	Ireland	154	Northern Europe	Country	IRL	1	-7.121425272	53.25274054	MJ_PER_GDP_CON_PPP_USD	Megajoules per USD constant 2011 PPP GDP			G	Global			IEA (2018), World Energy Balances		E: Estimated data	3.91	3.84	3.63	3.43	3.32	3.14	3.0	2.91	3.0	3.05	3.0	2.66	2.66	2.6	2.35	1.94	1.94	1.94	2016
7	7.3	7.3.1	EG_EGY_PRIM	Energy intensity level of primary energy (megajoules per constant 2011 purchasing power parity GDP)	2019.Q2.G.01	376	Israel	145	Western Asia	Country	ISR	1	34.62277992	31.06164552	MJ_PER_GDP_CON_PPP_USD	Megajoules per USD constant 2011 PPP GDP			G	Global			IEA (2018), World Energy Balances		E: Estimated data	4.53	4.75	4.66	4.85	4.52	4.16	4.36	4.22	4.51	4.18	4.28	4.08	4.06	3.7	3.46	3.54	3.44	3.44	2016
7	7.3	7.3.1	EG_EGY_PRIM	Energy intensity level of primary energy (megajoules per constant 2011 purchasing power parity GDP)	2019.Q2.G.01	380	Italy	039	Southern Europe	Country	ITA	1	12.57022427	42.79917282	MJ_PER_GDP_CON_PPP_USD	Megajoules per USD constant 2011 PPP GDP			G	Global			IEA (2018), World Energy Balances		E: Estimated data	3.45	3.4	3.42	3.58	3.55	3.58	3.48	3.42	3.41	3.37	3.39	3.26	3.22	3.16	2.98	3.07	3.01	3.01	2016
7	7.3	7.3.1	EG_EGY_PRIM	Energy intensity level of primary energy (megajoules per constant 2011 purchasing power parity GDP)	2019.Q2.G.01	384	Côte d'Ivoire	011	Western Africa	Country	CIV	1	-5.552690016	7.62211586	MJ_PER_GDP_CON_PPP_USD	Megajoules per USD constant 2011 PPP GDP			G	Global			IEA (2018), World Energy Balances		E: Estimated data	5.78	5.55	6.04	5.78	8.05	8.19	7.93	8.39	8.22	7.3	7.75	9.3	9.11	8.96	8.44	7.26	6.45	6.45	2016
7	7.3	7.3.1	EG_EGY_PRIM	Energy intensity level of primary energy (megajoules per constant 2011 purchasing power parity GDP)	2019.Q2.G.01	388	Jamaica	029	Caribbean	Country	JAM	1	-77.31068409	18.15616857	MJ_PER_GDP_CON_PPP_USD	Megajoules per USD constant 2011 PPP GDP			G	Global			IEA (2018), World Energy Balances		E: Estimated data	6.94	6.99	6.55	6.61	6.61	6.48	7.1	7.05	5.67	4.88	4.63	4.81	4.72	4.93	4.77	4.89	5.19	5.19	2016
7	7.3	7.3.1	EG_EGY_PRIM	Energy intensity level of primary energy (megajoules per constant 2011 purchasing power parity GDP)	2019.Q2.G.01	392	Japan	030	Eastern Asia	Country	JPN	1	139.2716103	36.6554539	MJ_PER_GDP_CON_PPP_USD	Megajoules per USD constant 2011 PPP GDP			G	Global			IEA (2018), World Energy Balances		E: Estimated data	5.04	4.94	4.95	4.84	4.88	4.79	4.73	4.6	4.48	4.51	4.56	4.23	4.07	4.01	3.86	3.74	3.67	3.67	2016
7	7.3	7.3.1	EG_EGY_PRIM	Energy intensity level of primary energy (megajoules per constant 2011 purchasing power parity GDP)	2019.Q2.G.01	398	Kazakhstan	143	Central Asia	Country	KAZ	1	66.65359159	48.01963494	MJ_PER_GDP_CON_PPP_USD	Megajoules per USD constant 2011 PPP GDP			G	Global			IEA (2018), World Energy Balances		E: Estimated data	10.09	8.6	9.01	8.95	9.62	8.78	9.45	9.46	9.68	8.69	8.82	9.19	8.38	8.72	7.9	7.92	8.19	8.19	2016
7	7.3	7.3.1	EG_EGY_PRIM	Energy intensity level of primary energy (megajoules per constant 2011 purchasing power parity GDP)	2019.Q2.G.01	400	Jordan	145	Western Asia	Country	JOR	1	37.13024774	30.65365973	MJ_PER_GDP_CON_PPP_USD	Megajoules per USD constant 2011 PPP GDP			G	Global			IEA (2018), World Energy Balances		E: Estimated data	5.52	5.19	5.15	5.06	5.6	5.56	5.28	5.13	4.69	4.7	4.37	4.24	4.59	4.39	4.51	4.64	4.74	4.74	2016
7	7.3	7.3.1	EG_EGY_PRIM	Energy intensity level of primary energy (megajoules per constant 2011 purchasing power parity GDP)	2019.Q2.G.01	404	Kenya	014	Eastern Africa	Country	KEN	1	37.86096816	0.534797278	MJ_PER_GDP_CON_PPP_USD	Megajoules per USD constant 2011 PPP GDP			G	Global			IEA (2018), World Energy Balances		E: Estimated data	8.74	8.55	8.64	8.58	8.59	8.43	8.28	7.93	8.19	8.37	8.07	7.78	7.52	7.51	7.9	7.91	7.67	7.67	2016
7	7.3	7.3.1	EG_EGY_PRIM	Energy intensity level of primary energy (megajoules per constant 2011 purchasing power parity GDP)	2019.Q2.G.01	408	Democratic People's Republic of Korea	030	Eastern Asia	Country	PRK	1	127.1803633	40.1462645	MJ_PER_GDP_CON_PPP_USD	Megajoules per USD constant 2011 PPP GDP			G	Global			IEA (2018), World Energy Balances		E: Estimated data	6.88	7.33	7.04	7.21	7.38	7.68	7.62	6.54	7.38	5.52	5.74	4.53	4.58	3.47	3.75	3.03	3.38	3.38	2016
7	7.3	7.3.1	EG_EGY_PRIM	Energy intensity level of primary energy (megajoules per constant 2011 purchasing power parity GDP)	2019.Q2.G.01	410	Republic of Korea	030	Eastern Asia	Country	KOR	1	127.8610254	36.45201023	MJ_PER_GDP_CON_PPP_USD	Megajoules per USD constant 2011 PPP GDP			G	Global			IEA (2018), World Energy Balances		E: Estimated data	8.07	7.84	7.59	7.53	7.37	7.16	6.92	6.82	6.78	6.8	6.96	6.99	6.92	6.73	6.63	6.55	6.59	6.59	2016
7	7.3	7.3.1	EG_EGY_PRIM	Energy intensity level of primary energy (megajoules per constant 2011 purchasing power parity GDP)	2019.Q2.G.01	414	Kuwait	145	Western Asia	Country	KWT	1	47.49305029	29.53949468	MJ_PER_GDP_CON_PPP_USD	Megajoules per USD constant 2011 PPP GDP			G	Global			IEA (2018), World Energy Balances		E: Estimated data	5.47	5.79	5.78	5.25	5.06	5.17	4.7	4.54	4.84	5.69	5.96	5.25	5.45	5.33	4.94	5.23	5.38	5.38	2016
7	7.3	7.3.1	EG_EGY_PRIM	Energy intensity level of primary energy (megajoules per constant 2011 purchasing power parity GDP)	2019.Q2.G.01	417	Kyrgyzstan	143	Central Asia	Country	KGZ	1	74.52324839	41.46204516	MJ_PER_GDP_CON_PPP_USD	Megajoules per USD constant 2011 PPP GDP			G	Global			IEA (2018), World Energy Balances		E: Estimated data	9.55	8.43	9.48	9.43	8.68	8.81	8.41	9.03	8.91	7.91	7.58	8.61	10.76	9.26	9.21	8.64	8.03	8.03	2016
7	7.3	7.3.1	EG_EGY_PRIM	Energy intensity level of primary energy (megajoules per constant 2011 purchasing power parity GDP)	2019.Q2.G.01	418	Lao People's Democratic Republic	035	South-Eastern Asia	Country	LAO	1	101.9901968	20.27482773	MJ_PER_GDP_CON_PPP_USD	Megajoules per USD constant 2011 PPP GDP			G	Global			Energy Balances, UN Statistics Division (2018)		E: Estimated data	4.35	4.29	4.17	4.07	3.95	3.82	3.9	3.9	4.03	3.99	3.8	3.57	3.37	3.42	3.36	4.4	5.94	5.94	2016
7	7.3	7.3.1	EG_EGY_PRIM	Energy intensity level of primary energy (megajoules per constant 2011 purchasing power parity GDP)	2019.Q2.G.01	422	Lebanon	145	Western Asia	Country	LBN	1	35.89391711	33.92152458	MJ_PER_GDP_CON_PPP_USD	Megajoules per USD constant 2011 PPP GDP			G	Global			IEA (2018), World Energy Balances		E: Estimated data	5.07	5.23	5.02	4.87	4.65	4.32	4.04	3.26	3.79	4.21	3.74	3.69	4.06	3.9	4.05	4.1	4.09	4.09	2016
7	7.3	7.3.1	EG_EGY_PRIM	Energy intensity level of primary energy (megajoules per constant 2011 purchasing power parity GDP)	2019.Q2.G.01	426	Lesotho	018	Southern Africa	Country	LSO	1	28.25362195	-29.58041814	MJ_PER_GDP_CON_PPP_USD	Megajoules per USD constant 2011 PPP GDP			G	Global			Energy Balances, UN Statistics Division (2018)		E: Estimated data	14.36	13.99	14.01	12.35	12.4	12.25	11.96	11.66	11.17	11.35	10.85	10.92	10.52	10.41	10.09	9.82	10.05	10.05	2016
7	7.3	7.3.1	EG_EGY_PRIM	Energy intensity level of primary energy (megajoules per constant 2011 purchasing power parity GDP)	2019.Q2.G.01	428	Latvia	154	Northern Europe	Country	LVA	1	26.42461876	56.64196636	MJ_PER_GDP_CON_PPP_USD	Megajoules per USD constant 2011 PPP GDP			G	Global			IEA (2018), World Energy Balances		E: Estimated data	6.06	6.11	5.65	5.54	5.24	4.83	4.47	4.16	4.12	4.63	4.93	4.38	4.36	4.19	4.11	3.92	3.82	3.82	2016
7	7.3	7.3.1	EG_EGY_PRIM	Energy intensity level of primary energy (megajoules per constant 2011 purchasing power parity GDP)	2019.Q2.G.01	430	Liberia	011	Western Africa	Country	LBR	1	-9.311879038	6.448381009	MJ_PER_GDP_CON_PPP_USD	Megajoules per USD constant 2011 PPP GDP			G	Global			Energy Balances, UN Statistics Division (2018)		E: Estimated data	20.2	20.53	20.52	30.8	31.46	31.68	30.4	28.38	26.96	26.22	27.07	26.2	25.4	23.6	25.25	26.03	27.87	27.87	2016
7	7.3	7.3.1	EG_EGY_PRIM	Energy intensity level of primary energy (megajoules per constant 2011 purchasing power parity GDP)	2019.Q2.G.01	434	Libya	015	Northern Africa	Country	LBY	1	18.0295985	27.04042819	MJ_PER_GDP_CON_PPP_USD	Megajoules per USD constant 2011 PPP GDP			G	Global			IEA (2018), World Energy Balances		E: Estimated data	5.64	5.92	6.22	5.66	5.57	4.95	4.82	4.01	4.17	4.56	4.69	8.2	4.62	6.02	7.32	6.58	7.01	7.01	2016
7	7.3	7.3.1	EG_EGY_PRIM	Energy intensity level of primary energy (megajoules per constant 2011 purchasing power parity GDP)	2019.Q2.G.01	438	Liechtenstein	155	Western Europe	Country	LIE	1	9.552985019	47.14167005																														
7	7.3	7.3.1	EG_EGY_PRIM	Energy intensity level of primary energy (megajoules per constant 2011 purchasing power parity GDP)	2019.Q2.G.01	440	Lithuania	154	Northern Europe	Country	LTU	1	23.90517807	55.33680309	MJ_PER_GDP_CON_PPP_USD	Megajoules per USD constant 2011 PPP GDP			G	Global			IEA (2018), World Energy Balances		E: Estimated data	7.0	7.63	7.65	7.22	6.88	6.02	5.52	5.39	5.29	5.71	4.52	4.42	4.3	3.92	3.81	3.76	3.77	3.77	2016
7	7.3	7.3.1	EG_EGY_PRIM	Energy intensity level of primary energy (megajoules per constant 2011 purchasing power parity GDP)	2019.Q2.G.01	442	Luxembourg	155	Western Europe	Country	LUX	1	6.092656563	49.77679538	MJ_PER_GDP_CON_PPP_USD	Megajoules per USD constant 2011 PPP GDP			G	Global			IEA (2018), World Energy Balances		E: Estimated data	3.93	4.04	4.04	4.19	4.51	4.46	4.19	3.75	3.8	3.74	3.8	3.67	3.61	3.38	3.07	2.91	2.8	2.8	2016
7	7.3	7.3.1	EG_EGY_PRIM	Energy intensity level of primary energy (megajoules per constant 2011 purchasing power parity GDP)	2019.Q2.G.01	446	China, Macao Special Administrative Region	030	Eastern Asia	Country	MAC	0	113.5665388	22.1237259	MJ_PER_GDP_CON_PPP_USD	Megajoules per USD constant 2011 PPP GDP			G	Global			Energy Balances, UN Statistics Division (2018)		E: Estimated data	1.3	1.35	1.13	1.02	0.9	0.91	0.79	0.66	0.64	0.87	0.58	0.49	0.45	0.39	0.46	0.68	0.69	0.69	2016
7	7.3	7.3.1	EG_EGY_PRIM	Energy intensity level of primary energy (megajoules per constant 2011 purchasing power parity GDP)	2019.Q2.G.01	450	Madagascar	014	Eastern Africa	Country	MDG	1	46.6982339	-19.38514785	MJ_PER_GDP_CON_PPP_USD	Megajoules per USD constant 2011 PPP GDP			G	Global			Energy Balances, UN Statistics Division (2018)		E: Estimated data	5.19	4.89	5.37	5.25	5.16	5.0	5.42	5.15	4.88	5.06	5.13	5.2	5.18	5.31	5.27	5.36	5.32	5.32	2016
7	7.3	7.3.1	EG_EGY_PRIM	Energy intensity level of primary energy (megajoules per constant 2011 purchasing power parity GDP)	2019.Q2.G.01	454	Malawi	014	Eastern Africa	Country	MWI	1	33.4884625	-13.40819859	MJ_PER_GDP_CON_PPP_USD	Megajoules per USD constant 2011 PPP GDP			G	Global			Energy Balances, UN Statistics Division (2018)		E: Estimated data	6.63	6.91	7.09	6.8	6.55	6.38	6.08	5.75	5.59	5.2	4.84	4.75	4.72	4.53	4.23	4.2	4.2	4.2	2016
7	7.3	7.3.1	EG_EGY_PRIM	Energy intensity level of primary energy (megajoules per constant 2011 purchasing power parity GDP)	2019.Q2.G.01	458	Malaysia	035	South-Eastern Asia	Country	MYS	1	116.8346314	5.452415309	MJ_PER_GDP_CON_PPP_USD	Megajoules per USD constant 2011 PPP GDP			G	Global			IEA (2018), World Energy Balances		E: Estimated data	5.41	5.6	5.5	5.57	5.61	5.77	5.5	5.66	5.65	5.45	5.18	5.13	4.95	5.33	5.14	4.68	4.65	4.65	2016
7	7.3	7.3.1	EG_EGY_PRIM	Energy intensity level of primary energy (megajoules per constant 2011 purchasing power parity GDP)	2019.Q2.G.01	462	Maldives	034	Southern Asia	Country	MDV	1	73.09672546	-0.614385021	MJ_PER_GDP_CON_PPP_USD	Megajoules per USD constant 2011 PPP GDP			G	Global			Energy Balances, UN Statistics Division (2018)		E: Estimated data	2.37	2.53	3.0	2.26	2.82	2.95	2.94	2.8	2.75	3.11	3.06	2.98	3.27	3.01	3.37	3.26	3.4	3.4	2016
7	7.3	7.3.1	EG_EGY_PRIM	Energy intensity level of primary energy (megajoules per constant 2011 purchasing power parity GDP)	2019.Q2.G.01	466	Mali	011	Western Africa	Country	MLI	1	-3.522016039	17.35311254	MJ_PER_GDP_CON_PPP_USD	Megajoules per USD constant 2011 PPP GDP			G	Global			Energy Balances, UN Statistics Division (2018)		E: Estimated data	3.53	3.12	3.05	2.81	2.83	2.69	2.7	2.76	2.79	2.81	2.78	2.8	2.92	2.91	2.88	2.82	2.68	2.68	2016
7	7.3	7.3.1	EG_EGY_PRIM	Energy intensity level of primary energy (megajoules per constant 2011 purchasing power parity GDP)	2019.Q2.G.01	470	Malta	039	Southern Europe	Country	MLT	1	14.44617519	35.89194275	MJ_PER_GDP_CON_PPP_USD	Megajoules per USD constant 2011 PPP GDP			G	Global			IEA (2018), World Energy Balances		E: Estimated data	2.94	3.41	3.08	3.39	3.39	3.33	3.28	3.22	3.16	2.96	2.98	2.93	3.02	2.53	2.35	1.77	1.58	1.58	2016
7	7.3	7.3.1	EG_EGY_PRIM	Energy intensity level of primary energy (megajoules per constant 2011 purchasing power parity GDP)	2019.Q2.G.01	474	Martinique	029	Caribbean	Country	MTQ	0	-60.91544135	14.56086108																														
7	7.3	7.3.1	EG_EGY_PRIM	Energy intensity level of primary energy (megajoules per constant 2011 purchasing power parity GDP)	2019.Q2.G.01	478	Mauritania	011	Western Africa	Country	MRT	1	-10.33187259	20.26089546	MJ_PER_GDP_CON_PPP_USD	Megajoules per USD constant 2011 PPP GDP			G	Global			Energy Balances, UN Statistics Division (2018)		E: Estimated data	3.85	3.92	4.11	4.01	4.0	3.8	3.21	3.41	3.57	3.89	3.73	3.77	3.82	3.38	3.64	3.61	3.41	3.41	2016
7	7.3	7.3.1	EG_EGY_PRIM	Energy intensity level of primary energy (megajoules per constant 2011 purchasing power parity GDP)	2019.Q2.G.01	480	Mauritius	014	Eastern Africa	Country	MUS	1	57.568022	-20.28581998	MJ_PER_GDP_CON_PPP_USD	Megajoules per USD constant 2011 PPP GDP			G	Global			IEA (2018), World Energy Balances		E: Estimated data	3.16	3.39	3.2	3.19	3.19	3.21	3.14	3.09	2.83	2.69	2.76	2.69	2.68	2.57	2.56	2.61	2.61	2.61	2016
7	7.3	7.3.1	EG_EGY_PRIM	Energy intensity level of primary energy (megajoules per constant 2011 purchasing power parity GDP)	2019.Q2.G.01	484	Mexico	013	Central America	Country	MEX	1	-102.5148166	23.93378032	MJ_PER_GDP_CON_PPP_USD	Megajoules per USD constant 2011 PPP GDP			G	Global			IEA (2018), World Energy Balances		E: Estimated data	3.96	4.09	4.14	4.37	4.28	4.41	4.29	4.18	4.16	4.29	4.05	4.09	4.05	4.0	3.82	3.63	3.53	3.53	2016
7	7.3	7.3.1	EG_EGY_PRIM	Energy intensity level of primary energy (megajoules per constant 2011 purchasing power parity GDP)	2019.Q2.G.01	492	Monaco	155	Western Europe	Country	MCO	1	7.424214814	43.73532918																														
7	7.3	7.3.1	EG_EGY_PRIM	Energy intensity level of primary energy (megajoules per constant 2011 purchasing power parity GDP)	2019.Q2.G.01	496	Mongolia	030	Eastern Asia	Country	MNG	1	103.0728057	46.83892054	MJ_PER_GDP_CON_PPP_USD	Megajoules per USD constant 2011 PPP GDP			G	Global			IEA (2018), World Energy Balances		E: Estimated data	8.99	8.8	9.0	8.21	7.64	8.21	8.6	8.18	7.54	7.93	7.9	7.37	6.81	6.98	6.67	5.73	6.04	6.04	2016
7	7.3	7.3.1	EG_EGY_PRIM	Energy intensity level of primary energy (megajoules per constant 2011 purchasing power parity GDP)	2019.Q2.G.01	498	Republic of Moldova	151	Eastern Europe	Country	MDA	1	28.4650624	47.20236795	MJ_PER_GDP_CON_PPP_USD	Megajoules per USD constant 2011 PPP GDP			G	Global			IEA (2018), World Energy Balances		E: Estimated data	14.29	14.26	13.42	13.66	12.78	12.41	11.59	10.95	10.12	10.23	11.55	10.62	10.67	8.77	9.02	9.22	9.03	9.03	2016
7	7.3	7.3.1	EG_EGY_PRIM	Energy intensity level of primary energy (megajoules per constant 2011 purchasing power parity GDP)	2019.Q2.G.01	499	Montenegro	039	Southern Europe	Country	MNE	1	19.25214024	42.78717043	MJ_PER_GDP_CON_PPP_USD	Megajoules per USD constant 2011 PPP GDP			G	Global			IEA (2018), World Energy Balances		E: Estimated data						5.92	6.05	5.63	5.65	4.76	5.43	5.25	5.07	4.54	4.35	4.45	4.14	4.14	2016
7	7.3	7.3.1	EG_EGY_PRIM	Energy intensity level of primary energy (megajoules per constant 2011 purchasing power parity GDP)	2019.Q2.G.01	500	Montserrat	029	Caribbean	Country	MSR	0	-62.19261223	16.73558313																														
7	7.3	7.3.1	EG_EGY_PRIM	Energy intensity level of primary energy (megajoules per constant 2011 purchasing power parity GDP)	2019.Q2.G.01	504	Morocco	015	Northern Africa	Country	MAR	1	-6.281942841	31.8440131	MJ_PER_GDP_CON_PPP_USD	Megajoules per USD constant 2011 PPP GDP			G	Global			IEA (2018), World Energy Balances		E: Estimated data	3.53	3.48	3.43	3.23	3.65	3.74	3.54	3.52	3.46	3.34	3.37	3.46	3.4	3.27	3.23	3.17	3.13	3.13	2016
7	7.3	7.3.1	EG_EGY_PRIM	Energy intensity level of primary energy (megajoules per constant 2011 purchasing power parity GDP)	2019.Q2.G.01	508	Mozambique	014	Eastern Africa	Country	MOZ	1	38.18479941	-14.27963886	MJ_PER_GDP_CON_PPP_USD	Megajoules per USD constant 2011 PPP GDP			G	Global			IEA (2018), World Energy Balances		E: Estimated data	29.6	27.63	25.73	25.48	24.54	22.88	21.45	20.85	19.9	19.43	18.83	18.3	17.41	16.84	16.7	17.44	16.98	16.98	2016
7	7.3	7.3.1	EG_EGY_PRIM	Energy intensity level of primary energy (megajoules per constant 2011 purchasing power parity GDP)	2019.Q2.G.01	512	Oman	145	Western Asia	Country	OMN	1	57.87743482	21.98805614	MJ_PER_GDP_CON_PPP_USD	Megajoules per USD constant 2011 PPP GDP			G	Global			IEA (2018), World Energy Balances		E: Estimated data	3.18	3.09	3.28	3.52	3.59	3.98	5.89	6.47	5.29	5.03	5.68	6.76	6.65	6.58	6.37	6.29	5.72	5.72	2016
7	7.3	7.3.1	EG_EGY_PRIM	Energy intensity level of primary energy (megajoules per constant 2011 purchasing power parity GDP)	2019.Q2.G.01	516	Namibia	018	Southern Africa	Country	NAM	1	17.21907885	-22.13817068	MJ_PER_GDP_CON_PPP_USD	Megajoules per USD constant 2011 PPP GDP			G	Global			IEA (2018), World Energy Balances		E: Estimated data	3.82	4.45	3.94	3.94	3.67	3.87	3.63	3.49	3.61	3.73	3.6	3.53	3.48	3.46	3.38	3.32	3.47	3.47	2016
7	7.3	7.3.1	EG_EGY_PRIM	Energy intensity level of primary energy (megajoules per constant 2011 purchasing power parity GDP)	2019.Q2.G.01	520	Nauru	057	Micronesia	Country	NRU	1	166.92313	-0.528742623	MJ_PER_GDP_CON_PPP_USD	Megajoules per USD constant 2011 PPP GDP			G	Global			Energy Balances, UN Statistics Division (2018)		E: Estimated data	17.1	16.79	17.97	15.81	15.4	17.16	15.07	14.15	10.74	9.46	8.83	7.47	6.87	5.62	4.33	4.36	4.12	4.12	2016
7	7.3	7.3.1	EG_EGY_PRIM	Energy intensity level of primary energy (megajoules per constant 2011 purchasing power parity GDP)	2019.Q2.G.01	524	Nepal	034	Southern Asia	Country	NPL	1	83.94678863	28.25866332	MJ_PER_GDP_CON_PPP_USD	Megajoules per USD constant 2011 PPP GDP			G	Global			IEA (2018), World Energy Balances		E: Estimated data	9.29	9.15	9.24	9.15	8.86	8.85	8.57	8.44	8.24	8.11	7.97	7.97	7.27	7.79	7.65	7.4	8.07	8.07	2016
7	7.3	7.3.1	EG_EGY_PRIM	Energy intensity level of primary energy (megajoules per constant 2011 purchasing power parity GDP)	2019.Q2.G.01	528	Netherlands	155	Western Europe	Country	NLD	1	5.331480568	51.86728884	MJ_PER_GDP_CON_PPP_USD	Megajoules per USD constant 2011 PPP GDP			G	Global			IEA (2018), World Energy Balances		E: Estimated data	4.75	4.79	4.85	5.01	4.99	4.8	4.59	4.42	4.31	4.41	4.67	4.26	4.32	4.27	3.99	3.91	3.88	3.88	2016
7	7.3	7.3.1	EG_EGY_PRIM	Energy intensity level of primary energy (megajoules per constant 2011 purchasing power parity GDP)	2019.Q2.G.01	530	Netherlands Antilles	029	Caribbean	Country	ANT	0	-68.30676179	12.22720635																														
7	7.3	7.3.1	EG_EGY_PRIM	Energy intensity level of primary energy (megajoules per constant 2011 purchasing power parity GDP)	2019.Q2.G.01	531	Curaçao	029	Caribbean	Country	CUW	0	-68.95033464	12.15058042																														
7	7.3	7.3.1	EG_EGY_PRIM	Energy intensity level of primary energy (megajoules per constant 2011 purchasing power parity GDP)	2019.Q2.G.01	533	Aruba	029	Caribbean	Country	ABW	0	-69.97050586	12.50878756	MJ_PER_GDP_CON_PPP_USD	Megajoules per USD constant 2011 PPP GDP			G	Global			Energy Balances, UN Statistics Division (2018)		E: Estimated data	6.68	7.0	7.34	7.66	7.27	7.53	7.44	7.65	7.1	7.91	7.83	7.52	4.75	3.25	3.27	3.37	3.32	3.32	2016
7	7.3	7.3.1	EG_EGY_PRIM	Energy intensity level of primary energy (megajoules per constant 2011 purchasing power parity GDP)	2019.Q2.G.01	534	Sint Maarten (Dutch part)	029	Caribbean	Country	SXM	0	-63.06198692	18.03926508	MJ_PER_GDP_CON_PPP_USD	Megajoules per USD constant 2011 PPP GDP			G	Global			Energy Balances, UN Statistics Division (2018)		E: Estimated data													8.87	8.95	9.0	9.27	9.35	9.35	2016
7	7.3	7.3.1	EG_EGY_PRIM	Energy intensity level of primary energy (megajoules per constant 2011 purchasing power parity GDP)	2019.Q2.G.01	540	New Caledonia	054	Melanesia	Country	NCL	0	165.5067368	-21.41742531																														
7	7.3	7.3.1	EG_EGY_PRIM	Energy intensity level of primary energy (megajoules per constant 2011 purchasing power parity GDP)	2019.Q2.G.01	548	Vanuatu	054	Melanesia	Country	VUT	1	167.0679779	-15.34445547	MJ_PER_GDP_CON_PPP_USD	Megajoules per USD constant 2011 PPP GDP			G	Global			Energy Balances, UN Statistics Division (2018)		E: Estimated data	3.98	4.22	4.15	4.1	3.29	3.12	2.7	3.76	3.51	3.89	3.87	3.99	3.69	3.46	4.26	3.87	3.99	3.99	2016
7	7.3	7.3.1	EG_EGY_PRIM	Energy intensity level of primary energy (megajoules per constant 2011 purchasing power parity GDP)	2019.Q2.G.01	554	New Zealand	053	Australia and New Zealand	Country	NZL	1	170.4755673	-43.98721568	MJ_PER_GDP_CON_PPP_USD	Megajoules per USD constant 2011 PPP GDP			G	Global			IEA (2018), World Energy Balances		E: Estimated data	6.72	6.48	6.17	5.83	5.79	5.47	5.33	5.2	5.36	5.3	5.5	5.34	5.46	5.38	5.52	5.32	5.24	5.24	2016
7	7.3	7.3.1	EG_EGY_PRIM	Energy intensity level of primary energy (megajoules per constant 2011 purchasing power parity GDP)	2019.Q2.G.01	558	Nicaragua	013	Central America	Country	NIC	1	-85.03060315	12.84210839	MJ_PER_GDP_CON_PPP_USD	Megajoules per USD constant 2011 PPP GDP			G	Global			IEA (2018), World Energy Balances		E: Estimated data	6.06	5.94	6.09	6.07	6.04	5.95	5.64	5.45	5.33	5.55	5.36	5.21	5.26	5.31	5.24	5.36	5.2	5.2	2016
7	7.3	7.3.1	EG_EGY_PRIM	Energy intensity level of primary energy (megajoules per constant 2011 purchasing power parity GDP)	2019.Q2.G.01	562	Niger	011	Western Africa	Country	NER	1	9.400167877	17.42143036	MJ_PER_GDP_CON_PPP_USD	Megajoules per USD constant 2011 PPP GDP			G	Global			IEA (2018), World Energy Balances		E: Estimated data	7.19	6.91	6.97	6.91	7.22	6.98	6.77	6.87	6.56	7.0	6.98	5.96	6.3	7.43	7.04	6.87	6.45	6.45	2016
7	7.3	7.3.1	EG_EGY_PRIM	Energy intensity level of primary energy (megajoules per constant 2011 purchasing power parity GDP)	2019.Q2.G.01	566	Nigeria	011	Western Africa	Country	NGA	1	8.097363256	9.585789025	MJ_PER_GDP_CON_PPP_USD	Megajoules per USD constant 2011 PPP GDP			G	Global			IEA (2018), World Energy Balances		E: Estimated data	10.46	10.44	10.37	9.85	7.47	7.64	7.11	6.9	6.69	6.14	6.54	6.8	6.59	6.36	6.13	5.91	6.21	6.21	2016
7	7.3	7.3.1	EG_EGY_PRIM	Energy intensity level of primary energy (megajoules per constant 2011 purchasing power parity GDP)	2019.Q2.G.01	570	Niue	061	Polynesia	Country	NIU	0	-169.8601693	-19.05000475																														
7	7.3	7.3.1	EG_EGY_PRIM	Energy intensity level of primary energy (megajoules per constant 2011 purchasing power parity GDP)	2019.Q2.G.01	574	Norfolk Island	053	Australia and New Zealand	Country	NFK	0	167.9515548	-29.03230018																														
7	7.3	7.3.1	EG_EGY_PRIM	Energy intensity level of primary energy (megajoules per constant 2011 purchasing power parity GDP)	2019.Q2.G.01	578	Norway	154	Northern Europe	Country	NOR	1	11.47846389	61.34311134	MJ_PER_GDP_CON_PPP_USD	Megajoules per USD constant 2011 PPP GDP			G	Global			IEA (2018), World Energy Balances		E: Estimated data	4.2	4.23	3.87	4.16	3.92	3.86	3.83	3.77	4.38	4.33	4.04	3.59	3.64	3.74	3.65	3.58	3.4	3.4	2016
7	7.3	7.3.1	EG_EGY_PRIM	Energy intensity level of primary energy (megajoules per constant 2011 purchasing power parity GDP)	2019.Q2.G.01	580	Northern Mariana Islands	057	Micronesia	Country	MNP	0	145.7582114	15.19099517																														
7	7.3	7.3.1	EG_EGY_PRIM	Energy intensity level of primary energy (megajoules per constant 2011 purchasing power parity GDP)	2019.Q2.G.01	581	United States Minor Outlying Islands	057	Micronesia	Country	UMI	0	-162.4343752	5.874443968																														
7	7.3	7.3.1	EG_EGY_PRIM	Energy intensity level of primary energy (megajoules per constant 2011 purchasing power parity GDP)	2019.Q2.G.01	583	Micronesia (Federated States of)	057	Micronesia	Country	FSM	1	158.225216	6.880670092	MJ_PER_GDP_CON_PPP_USD	Megajoules per USD constant 2011 PPP GDP			G	Global			Energy Balances, UN Statistics Division (2018)		E: Estimated data	5.58	7.35	6.18	6.07	6.28	5.09	5.26	5.72	5.13	6.5	4.52	4.96	5.58	6.07	6.32	6.21	6.32	6.32	2016
7	7.3	7.3.1	EG_EGY_PRIM	Energy intensity level of primary energy (megajoules per constant 2011 purchasing power parity GDP)	2019.Q2.G.01	584	Marshall Islands	057	Micronesia	Country	MHL	1	171.0839119	7.110213497	MJ_PER_GDP_CON_PPP_USD	Megajoules per USD constant 2011 PPP GDP			G	Global			Energy Balances, UN Statistics Division (2018)		E: Estimated data	10.5	10.27	10.83	10.64	11.14	10.82	11.18	11.35	11.63	12.13	11.7	11.57	10.99	10.93	11.15	11.39	11.21	11.21	2016
7	7.3	7.3.1	EG_EGY_PRIM	Energy intensity level of primary energy (megajoules per constant 2011 purchasing power parity GDP)	2019.Q2.G.01	585	Palau	057	Micronesia	Country	PLW	1	134.5733878	7.502307591	MJ_PER_GDP_CON_PPP_USD	Megajoules per USD constant 2011 PPP GDP			G	Global			Energy Balances, UN Statistics Division (2018)		E: Estimated data	12.24	11.82	11.51	11.72	11.21	11.02	11.43	12.85	11.12	11.14	11.9	11.57	11.21	11.55	11.33	10.29	10.39	10.39	2016
7	7.3	7.3.1	EG_EGY_PRIM	Energy intensity level of primary energy (megajoules per constant 2011 purchasing power parity GDP)	2019.Q2.G.01	586	Pakistan	034	Southern Asia	Country	PAK	1	68.80479684	29.36491634	MJ_PER_GDP_CON_PPP_USD	Megajoules per USD constant 2011 PPP GDP			G	Global			IEA (2018), World Energy Balances		E: Estimated data	5.49	5.48	5.37	5.35	5.34	5.15	5.05	5.09	4.92	4.85	4.84	4.75	4.64	4.55	4.54	4.41	4.27	4.27	2016
7	7.3	7.3.1	EG_EGY_PRIM	Energy intensity level of primary energy (megajoules per constant 2011 purchasing power parity GDP)	2019.Q2.G.01	591	Panama	013	Central America	Country	PAN	1	-81.26616623	8.450965746	MJ_PER_GDP_CON_PPP_USD	Megajoules per USD constant 2011 PPP GDP			G	Global			IEA (2018), World Energy Balances		E: Estimated data	3.34	3.77	3.35	3.22	2.95	3.07	3.02	2.64	2.41	2.62	2.65	2.59	2.43	2.24	2.26	2.16	2.16	2.16	2016
7	7.3	7.3.1	EG_EGY_PRIM	Energy intensity level of primary energy (megajoules per constant 2011 purchasing power parity GDP)	2019.Q2.G.01	598	Papua New Guinea	054	Melanesia	Country	PNG	1	145.8587761	-6.756057077	MJ_PER_GDP_CON_PPP_USD	Megajoules per USD constant 2011 PPP GDP			G	Global			Energy Balances, UN Statistics Division (2018)		E: Estimated data	6.46	6.94	7.21	7.44	7.66	7.42	7.36	8.29	7.39	7.13	6.21	6.49	6.03	5.95	5.46	6.11	5.95	5.95	2016
7	7.3	7.3.1	EG_EGY_PRIM	Energy intensity level of primary energy (megajoules per constant 2011 purchasing power parity GDP)	2019.Q2.G.01	600	Paraguay	005	South America	Country	PRY	1	-60.54854225	-21.70216237	MJ_PER_GDP_CON_PPP_USD	Megajoules per USD constant 2011 PPP GDP			G	Global			IEA (2018), World Energy Balances		E: Estimated data	5.0	5.13	5.09	4.98	4.83	4.67	4.6	4.52	4.45	4.7	4.45	4.32	4.49	3.89	3.88	3.95	4.15	4.15	2016
7	7.3	7.3.1	EG_EGY_PRIM	Energy intensity level of primary energy (megajoules per constant 2011 purchasing power parity GDP)	2019.Q2.G.01	604	Peru	005	South America	Country	PER	1	-71.82093277	-13.58939705	MJ_PER_GDP_CON_PPP_USD	Megajoules per USD constant 2011 PPP GDP			G	Global			IEA (2018), World Energy Balances		E: Estimated data	3.01	2.89	2.75	2.59	2.73	2.72	2.46	2.45	2.36	2.44	2.77	2.87	2.87	2.64	2.71	2.67	2.63	2.63	2016
7	7.3	7.3.1	EG_EGY_PRIM	Energy intensity level of primary energy (megajoules per constant 2011 purchasing power parity GDP)	2019.Q2.G.01	608	Philippines	035	South-Eastern Asia	Country	PHL	1	120.8601418	14.16591706	MJ_PER_GDP_CON_PPP_USD	Megajoules per USD constant 2011 PPP GDP			G	Global			IEA (2018), World Energy Balances		E: Estimated data	5.08	4.73	4.63	4.42	4.13	3.95	3.72	3.5	3.49	3.28	3.22	3.13	3.09	2.98	3.0	3.08	3.07	3.07	2016
7	7.3	7.3.1	EG_EGY_PRIM	Energy intensity level of primary energy (megajoules per constant 2011 purchasing power parity GDP)	2019.Q2.G.01	612	Pitcairn	061	Polynesia	Country	PCN	0	-128.3225873	-24.37538456																														
7	7.3	7.3.1	EG_EGY_PRIM	Energy intensity level of primary energy (megajoules per constant 2011 purchasing power parity GDP)	2019.Q2.G.01	616	Poland	151	Eastern Europe	Country	POL	1	19.40660158	52.1226733	MJ_PER_GDP_CON_PPP_USD	Megajoules per USD constant 2011 PPP GDP			G	Global			IEA (2018), World Energy Balances		E: Estimated data	6.6	6.56	6.36	6.3	6.01	5.88	5.82	5.41	5.26	4.92	5.08	4.86	4.62	4.56	4.25	4.14	4.21	4.21	2016
7	7.3	7.3.1	EG_EGY_PRIM	Energy intensity level of primary energy (megajoules per constant 2011 purchasing power parity GDP)	2019.Q2.G.01	620	Portugal	039	Southern Europe	Country	PRT	1	-7.961599811	39.68509315	MJ_PER_GDP_CON_PPP_USD	Megajoules per USD constant 2011 PPP GDP			G	Global			IEA (2018), World Energy Balances		E: Estimated data	3.85	3.8	3.93	3.86	3.9	3.97	3.71	3.65	3.55	3.61	3.42	3.38	3.31	3.35	3.27	3.34	3.31	3.31	2016
7	7.3	7.3.1	EG_EGY_PRIM	Energy intensity level of primary energy (megajoules per constant 2011 purchasing power parity GDP)	2019.Q2.G.01	624	Guinea-Bissau	011	Western Africa	Country	GNB	1	-14.40182514	12.11760394	MJ_PER_GDP_CON_PPP_USD	Megajoules per USD constant 2011 PPP GDP			G	Global			Energy Balances, UN Statistics Division (2018)		E: Estimated data	13.66	13.58	13.95	14.4	14.28	13.91	13.82	13.67	13.37	13.18	12.8	12.03	12.42	12.22	12.35	11.84	11.34	11.34	2016
7	7.3	7.3.1	EG_EGY_PRIM	Energy intensity level of primary energy (megajoules per constant 2011 purchasing power parity GDP)	2019.Q2.G.01	626	Timor-Leste	035	South-Eastern Asia	Country	TLS	1	125.9451052	-8.797497247	MJ_PER_GDP_CON_PPP_USD	Megajoules per USD constant 2011 PPP GDP			G	Global			Energy Balances, UN Statistics Division (2018)		E: Estimated data			1.29	1.29	0.81	0.59	0.42	0.4	0.38	0.44	0.45	0.41	0.44	0.7	1.07	0.87	0.84	0.84	2016
7	7.3	7.3.1	EG_EGY_PRIM	Energy intensity level of primary energy (megajoules per constant 2011 purchasing power parity GDP)	2019.Q2.G.01	630	Puerto Rico	029	Caribbean	Country	PRI	0	-66.47591017	18.22753799	MJ_PER_GDP_CON_PPP_USD	Megajoules per USD constant 2011 PPP GDP			G	Global			Energy Balances, UN Statistics Division (2018)		E: Estimated data	0.11	0.18	0.18	0.21	0.18	0.18	0.19	0.2	0.22	0.21	0.22	0.21	0.38	0.44	0.45	0.44	0.51	0.51	2016
7	7.3	7.3.1	EG_EGY_PRIM	Energy intensity level of primary energy (megajoules per constant 2011 purchasing power parity GDP)	2019.Q2.G.01	634	Qatar	145	Western Asia	Country	QAT	1	51.19152467	25.28355379	MJ_PER_GDP_CON_PPP_USD	Megajoules per USD constant 2011 PPP GDP			G	Global			IEA (2018), World Energy Balances		E: Estimated data	7.13	7.58	8.0	7.99	7.9	7.35	6.85	6.56	5.73	5.45	5.2	5.19	6.03	6.05	6.38	6.18	5.83	5.83	2016
7	7.3	7.3.1	EG_EGY_PRIM	Energy intensity level of primary energy (megajoules per constant 2011 purchasing power parity GDP)	2019.Q2.G.01	638	Réunion	014	Eastern Africa	Country	REU	0	55.53171398	-21.13183266																														
7	7.3	7.3.1	EG_EGY_PRIM	Energy intensity level of primary energy (megajoules per constant 2011 purchasing power parity GDP)	2019.Q2.G.01	642	Romania	151	Eastern Europe	Country	ROU	1	24.98481009	45.83893563	MJ_PER_GDP_CON_PPP_USD	Megajoules per USD constant 2011 PPP GDP			G	Global			IEA (2018), World Energy Balances		E: Estimated data	6.46	6.21	6.12	6.01	5.43	5.2	4.98	4.64	4.27	3.99	4.13	4.13	3.98	3.51	3.37	3.27	3.11	3.11	2016
7	7.3	7.3.1	EG_EGY_PRIM	Energy intensity level of primary energy (megajoules per constant 2011 purchasing power parity GDP)	2019.Q2.G.01	643	Russian Federation	151	Eastern Europe	Country	RUS	1	99.01404926	61.61899849	MJ_PER_GDP_CON_PPP_USD	Megajoules per USD constant 2011 PPP GDP			G	Global			IEA (2018), World Energy Balances		E: Estimated data	12.59	12.11	11.51	11.11	10.4	9.84	9.36	8.65	8.41	8.57	8.74	8.7	8.6	8.22	8.21	8.28	8.56	8.56	2016
7	7.3	7.3.1	EG_EGY_PRIM	Energy intensity level of primary energy (megajoules per constant 2011 purchasing power parity GDP)	2019.Q2.G.01	646	Rwanda	014	Eastern Africa	Country	RWA	1	29.92310194	-1.999842114	MJ_PER_GDP_CON_PPP_USD	Megajoules per USD constant 2011 PPP GDP			G	Global			Energy Balances, UN Statistics Division (2018)		E: Estimated data	8.44	7.78	6.87	6.71	6.24	7.52	7.08	6.83	6.36	6.2	6.01	5.8	5.55	5.49	5.18	4.85	4.62	4.62	2016
7	7.3	7.3.1	EG_EGY_PRIM	Energy intensity level of primary energy (megajoules per constant 2011 purchasing power parity GDP)	2019.Q2.G.01	652	Saint Barthélemy	029	Caribbean	Country	BLM	0	-62.83173536	17.89513362																														
7	7.3	7.3.1	EG_EGY_PRIM	Energy intensity level of primary energy (megajoules per constant 2011 purchasing power parity GDP)	2019.Q2.G.01	654	Saint Helena	011	Western Africa	Country	SHN	0	-5.705752501	-15.96503946																														
7	7.3	7.3.1	EG_EGY_PRIM	Energy intensity level of primary energy (megajoules per constant 2011 purchasing power parity GDP)	2019.Q2.G.01	659	Saint Kitts and Nevis	029	Caribbean	Country	KNA	1	-62.76628613	17.33994219	MJ_PER_GDP_CON_PPP_USD	Megajoules per USD constant 2011 PPP GDP			G	Global			Energy Balances, UN Statistics Division (2018)		E: Estimated data	3.2	3.12	3.29	3.49	3.56	3.06	2.65	2.81	2.63	2.78	2.88	2.9	2.87	2.71	2.59	2.56	2.58	2.58	2016
7	7.3	7.3.1	EG_EGY_PRIM	Energy intensity level of primary energy (megajoules per constant 2011 purchasing power parity GDP)	2019.Q2.G.01	660	Anguilla	029	Caribbean	Country	AIA	0	-63.05651612	18.21525315																														
7	7.3	7.3.1	EG_EGY_PRIM	Energy intensity level of primary energy (megajoules per constant 2011 purchasing power parity GDP)	2019.Q2.G.01	662	Saint Lucia	029	Caribbean	Country	LCA	1	-60.96529553	13.89405601	MJ_PER_GDP_CON_PPP_USD	Megajoules per USD constant 2011 PPP GDP			G	Global			Energy Balances, UN Statistics Division (2018)		E: Estimated data	3.01	3.12	2.55	3.02	2.82	2.9	2.76	2.83	2.75	2.65	2.82	2.84	2.82	2.72	2.75	2.72	2.7	2.7	2016
7	7.3	7.3.1	EG_EGY_PRIM	Energy intensity level of primary energy (megajoules per constant 2011 purchasing power parity GDP)	2019.Q2.G.01	663	Saint Martin (French Part)	029	Caribbean	Country	MAF	0	-63.04505461	18.0882685																														
7	7.3	7.3.1	EG_EGY_PRIM	Energy intensity level of primary energy (megajoules per constant 2011 purchasing power parity GDP)	2019.Q2.G.01	666	Saint Pierre and Miquelon	021	Northern America	Country	SPM	0	-56.33682442	46.85812735																														
7	7.3	7.3.1	EG_EGY_PRIM	Energy intensity level of primary energy (megajoules per constant 2011 purchasing power parity GDP)	2019.Q2.G.01	670	Saint Vincent and the Grenadines	029	Caribbean	Country	VCT	1	-61.19024321	13.24627968	MJ_PER_GDP_CON_PPP_USD	Megajoules per USD constant 2011 PPP GDP			G	Global			Energy Balances, UN Statistics Division (2018)		E: Estimated data	2.79	3.22	3.26	3.19	3.36	3.29	3.05	3.16	2.96	4.12	3.1	2.83	3.44	2.8	2.95	2.93	2.87	2.87	2016
7	7.3	7.3.1	EG_EGY_PRIM	Energy intensity level of primary energy (megajoules per constant 2011 purchasing power parity GDP)	2019.Q2.G.01	674	San Marino	039	Southern Europe	Country	SMR	1	12.46329038	43.93841766																														
7	7.3	7.3.1	EG_EGY_PRIM	Energy intensity level of primary energy (megajoules per constant 2011 purchasing power parity GDP)	2019.Q2.G.01	678	Sao Tome and Principe	017	Middle Africa	Country	STP	1	6.609772265	0.241554875	MJ_PER_GDP_CON_PPP_USD	Megajoules per USD constant 2011 PPP GDP			G	Global			Energy Balances, UN Statistics Division (2018)		E: Estimated data	5.94	5.74	5.88	5.93	6.09	5.9	5.54	5.4	5.22	5.28	5.21	5.12	5.06	4.86	4.61	4.65	4.58	4.58	2016
7	7.3	7.3.1	EG_EGY_PRIM	Energy intensity level of primary energy (megajoules per constant 2011 purchasing power parity GDP)	2019.Q2.G.01	682	Saudi Arabia	145	Western Asia	Country	SAU	1	44.54763347	24.12594211	MJ_PER_GDP_CON_PPP_USD	Megajoules per USD constant 2011 PPP GDP			G	Global			IEA (2018), World Energy Balances		E: Estimated data	4.58	4.76	5.43	4.94	4.86	4.71	5.08	5.16	5.41	5.88	6.23	5.4	5.78	5.4	5.81	5.8	5.41	5.41	2016
7	7.3	7.3.1	EG_EGY_PRIM	Energy intensity level of primary energy (megajoules per constant 2011 purchasing power parity GDP)	2019.Q2.G.01	686	Senegal	011	Western Africa	Country	SEN	1	-14.46636926	14.35920905	MJ_PER_GDP_CON_PPP_USD	Megajoules per USD constant 2011 PPP GDP			G	Global			IEA (2018), World Energy Balances		E: Estimated data	5.32	5.5	5.54	5.05	5.1	4.93	4.82	4.93	4.96	5.81	5.88	6.02	5.62	5.02	5.23	5.28	4.93	4.93	2016
7	7.3	7.3.1	EG_EGY_PRIM	Energy intensity level of primary energy (megajoules per constant 2011 purchasing power parity GDP)	2019.Q2.G.01	688	Serbia	039	Southern Europe	Country	SRB	1	20.805876	44.03145697	MJ_PER_GDP_CON_PPP_USD	Megajoules per USD constant 2011 PPP GDP			G	Global			IEA (2018), World Energy Balances		E: Estimated data	9.58	9.94	9.86	9.88	9.86	8.29	8.39	7.71	7.42	6.9	7.07	7.22	6.56	6.55	5.94	6.56	6.6	6.6	2016
7	7.3	7.3.1	EG_EGY_PRIM	Energy intensity level of primary energy (megajoules per constant 2011 purchasing power parity GDP)	2019.Q2.G.01	690	Seychelles	014	Eastern Africa	Country	SYC	1	55.46561591	-4.678053059	MJ_PER_GDP_CON_PPP_USD	Megajoules per USD constant 2011 PPP GDP			G	Global			Energy Balances, UN Statistics Division (2018)		E: Estimated data	5.37	6.05	5.1	5.51	7.69	6.53	6.34	5.03	5.55	4.26	3.34	2.26	2.9	2.16	3.06	2.94	3.49	3.49	2016
7	7.3	7.3.1	EG_EGY_PRIM	Energy intensity level of primary energy (megajoules per constant 2011 purchasing power parity GDP)	2019.Q2.G.01	694	Sierra Leone	011	Western Africa	Country	SLE	1	-11.78306584	8.568604164	MJ_PER_GDP_CON_PPP_USD	Megajoules per USD constant 2011 PPP GDP			G	Global			Energy Balances, UN Statistics Division (2018)		E: Estimated data	13.13	14.49	11.52	10.69	10.02	9.4	9.4	8.59	8.2	7.99	7.74	7.61	6.81	5.89	5.79	7.0	6.67	6.67	2016
7	7.3	7.3.1	EG_EGY_PRIM	Energy intensity level of primary energy (megajoules per constant 2011 purchasing power parity GDP)	2019.Q2.G.01	702	Singapore	035	South-Eastern Asia	Country	SGP	1	103.8107883	1.361009155	MJ_PER_GDP_CON_PPP_USD	Megajoules per USD constant 2011 PPP GDP			G	Global			IEA (2018), World Energy Balances		E: Estimated data	3.75	4.32	4.12	4.77	5.23	3.42	3.37	2.86	3.23	2.8	2.91	2.83	2.65	2.51	2.49	2.47	2.47	2.47	2016
7	7.3	7.3.1	EG_EGY_PRIM	Energy intensity level of primary energy (megajoules per constant 2011 purchasing power parity GDP)	2019.Q2.G.01	703	Slovakia	151	Eastern Europe	Country	SVK	1	19.48495604	48.70741446	MJ_PER_GDP_CON_PPP_USD	Megajoules per USD constant 2011 PPP GDP			G	Global			IEA (2018), World Energy Balances		E: Estimated data	8.83	8.96	8.64	8.15	7.63	7.33	6.69	5.78	5.62	5.43	5.5	5.21	4.92	4.93	4.52	4.47	4.35	4.35	2016
7	7.3	7.3.1	EG_EGY_PRIM	Energy intensity level of primary energy (megajoules per constant 2011 purchasing power parity GDP)	2019.Q2.G.01	704	Viet Nam	035	South-Eastern Asia	Country	VNM	1	105.802499	10.09643079	MJ_PER_GDP_CON_PPP_USD	Megajoules per USD constant 2011 PPP GDP			G	Global			IEA (2018), World Energy Balances		E: Estimated data	5.85	5.87	6.03	5.92	6.11	6.02	5.76	5.79	5.86	6.06	6.32	5.97	5.75	5.62	5.91	6.14	6.14	6.14	2016
7	7.3	7.3.1	EG_EGY_PRIM	Energy intensity level of primary energy (megajoules per constant 2011 purchasing power parity GDP)	2019.Q2.G.01	705	Slovenia	039	Southern Europe	Country	SVN	1	14.82209486	46.11958061	MJ_PER_GDP_CON_PPP_USD	Megajoules per USD constant 2011 PPP GDP			G	Global			IEA (2018), World Energy Balances		E: Estimated data	5.94	6.06	5.92	5.82	5.76	5.66	5.38	5.04	5.16	5.15	5.22	5.19	5.12	5.04	4.75	4.58	4.6	4.6	2016
7	7.3	7.3.1	EG_EGY_PRIM	Energy intensity level of primary energy (megajoules per constant 2011 purchasing power parity GDP)	2019.Q2.G.01	706	Somalia	014	Eastern Africa	Country	SOM	1	46.20367477	4.406485729																														
7	7.3	7.3.1	EG_EGY_PRIM	Energy intensity level of primary energy (megajoules per constant 2011 purchasing power parity GDP)	2019.Q2.G.01	710	South Africa	018	Southern Africa	Country	ZAF	1	24.67184355	-29.99957544	MJ_PER_GDP_CON_PPP_USD	Megajoules per USD constant 2011 PPP GDP			G	Global			IEA (2018), World Energy Balances		E: Estimated data	10.62	10.02	9.31	10.16	10.56	9.72	9.45	9.62	10.05	10.35	9.41	9.3	8.73	8.47	8.79	8.32	8.54	8.54	2016
7	7.3	7.3.1	EG_EGY_PRIM	Energy intensity level of primary energy (megajoules per constant 2011 purchasing power parity GDP)	2019.Q2.G.01	716	Zimbabwe	014	Eastern Africa	Country	ZWE	1	29.86909584	-19.00075492	MJ_PER_GDP_CON_PPP_USD	Megajoules per USD constant 2011 PPP GDP			G	Global			IEA (2018), World Energy Balances		E: Estimated data	13.27	13.05	14.07	16.21	16.82	18.72	19.97	20.47	23.32	21.33	19.43	17.89	16.08	15.65	15.64	15.65	15.36	15.36	2016
7	7.3	7.3.1	EG_EGY_PRIM	Energy intensity level of primary energy (megajoules per constant 2011 purchasing power parity GDP)	2019.Q2.G.01	724	Spain	039	Southern Europe	Country	ESP	1	-3.554078296	40.39211472	MJ_PER_GDP_CON_PPP_USD	Megajoules per USD constant 2011 PPP GDP			G	Global			IEA (2018), World Energy Balances		E: Estimated data	4.2	4.14	4.14	4.15	4.2	4.14	3.97	3.88	3.71	3.54	3.53	3.51	3.61	3.43	3.31	3.32	3.24	3.24	2016
7	7.3	7.3.1	EG_EGY_PRIM	Energy intensity level of primary energy (megajoules per constant 2011 purchasing power parity GDP)	2019.Q2.G.01	728	South Sudan	014	Eastern Africa	Country	SSD	1	30.32618773	7.290839152	MJ_PER_GDP_CON_PPP_USD	Megajoules per USD constant 2011 PPP GDP			G	Global			IEA (2018), World Energy Balances		E: Estimated data													1.61	1.31	1.35	1.59	1.69	1.69	2016
7	7.3	7.3.1	EG_EGY_PRIM	Energy intensity level of primary energy (megajoules per constant 2011 purchasing power parity GDP)	2019.Q2.G.01	729	Sudan	015	Northern Africa	Country	SDN	0	29.95650159	16.02643066	MJ_PER_GDP_CON_PPP_USD	Megajoules per USD constant 2011 PPP GDP			G	Global			IEA (2018), World Energy Balances		E: Estimated data	7.18	7.06	7.2	6.5	6.25	5.93	5.78	5.01	4.73	4.74	4.69	4.74	4.67	4.5	4.51	4.65	4.46	4.46	2016
7	7.3	7.3.1	EG_EGY_PRIM	Energy intensity level of primary energy (megajoules per constant 2011 purchasing power parity GDP)	2019.Q2.G.01	732	Western Sahara	015	Northern Africa	Country	ESH	0	-13.13515523	24.66265342																														
7	7.3	7.3.1	EG_EGY_PRIM	Energy intensity level of primary energy (megajoules per constant 2011 purchasing power parity GDP)	2019.Q2.G.01	740	Suriname	005	South America	Country	SUR	1	-55.90626394	4.132603197	MJ_PER_GDP_CON_PPP_USD	Megajoules per USD constant 2011 PPP GDP			G	Global			IEA (2018), World Energy Balances		E: Estimated data	5.56	5.7	3.77	3.81	3.85	4.24	3.88	3.49	3.55	3.46	3.93	3.62	3.94	3.39	3.36	3.31	3.18	3.18	2016
7	7.3	7.3.1	EG_EGY_PRIM	Energy intensity level of primary energy (megajoules per constant 2011 purchasing power parity GDP)	2019.Q2.G.01	744	Svalbard and Jan Mayen Islands	154	Northern Europe	Country	SJM	0	13.38071013	78.82894131																														
7	7.3	7.3.1	EG_EGY_PRIM	Energy intensity level of primary energy (megajoules per constant 2011 purchasing power parity GDP)	2019.Q2.G.01	748	Eswatini	018	Southern Africa	Country	SWZ	1	31.50149288	-26.56471011	MJ_PER_GDP_CON_PPP_USD	Megajoules per USD constant 2011 PPP GDP			G	Global			Energy Balances, UN Statistics Division (2018)		E: Estimated data	6.56	6.42	6.29	5.97	5.68	5.42	5.8	5.67	5.73	5.49	5.02	4.88	4.97	5.15	4.68	4.74	4.05	4.05	2016
7	7.3	7.3.1	EG_EGY_PRIM	Energy intensity level of primary energy (megajoules per constant 2011 purchasing power parity GDP)	2019.Q2.G.01	752	Sweden	154	Northern Europe	Country	SWE	1	14.3775338	60.60103109	MJ_PER_GDP_CON_PPP_USD	Megajoules per USD constant 2011 PPP GDP			G	Global			IEA (2018), World Energy Balances		E: Estimated data	6.09	6.37	6.4	6.11	6.08	5.8	5.4	5.19	5.18	5.0	5.29	5.02	5.09	4.94	4.71	4.25	4.46	4.46	2016
7	7.3	7.3.1	EG_EGY_PRIM	Energy intensity level of primary energy (megajoules per constant 2011 purchasing power parity GDP)	2019.Q2.G.01	756	Switzerland	155	Western Europe	Country	CHE	1	8.223158	46.96617097	MJ_PER_GDP_CON_PPP_USD	Megajoules per USD constant 2011 PPP GDP			G	Global			IEA (2018), World Energy Balances		E: Estimated data	2.87	3.01	2.93	2.94	2.87	2.77	2.78	2.54	2.58	2.66	2.51	2.39	2.39	2.45	2.24	2.16	2.08	2.08	2016
7	7.3	7.3.1	EG_EGY_PRIM	Energy intensity level of primary energy (megajoules per constant 2011 purchasing power parity GDP)	2019.Q2.G.01	760	Syrian Arab Republic	145	Western Asia	Country	SYR	1	38.50466565	35.01676176	MJ_PER_GDP_CON_PPP_USD	Megajoules per USD constant 2011 PPP GDP			G	Global			IEA (2018), World Energy Balances		E: Estimated data	7.29	7.21	7.08	7.26	7.1	8.04	7.96	7.89	7.7	6.76	6.59	7.25	6.66	7.11	8.95	11.29	11.81	11.81	2016
7	7.3	7.3.1	EG_EGY_PRIM	Energy intensity level of primary energy (megajoules per constant 2011 purchasing power parity GDP)	2019.Q2.G.01	762	Tajikistan	143	Central Asia	Country	TJK	1	69.294998	38.43069666	MJ_PER_GDP_CON_PPP_USD	Megajoules per USD constant 2011 PPP GDP			G	Global			IEA (2018), World Energy Balances		E: Estimated data	12.27	10.99	9.95	9.13	8.95	8.37	8.07	8.0	7.06	5.91	5.66	5.28	5.32	4.97	5.0	5.11	5.0	5.0	2016
7	7.3	7.3.1	EG_EGY_PRIM	Energy intensity level of primary energy (megajoules per constant 2011 purchasing power parity GDP)	2019.Q2.G.01	764	Thailand	035	South-Eastern Asia	Country	THA	1	101.0202951	15.13089239	MJ_PER_GDP_CON_PPP_USD	Megajoules per USD constant 2011 PPP GDP			G	Global			IEA (2018), World Energy Balances		E: Estimated data	5.23	5.2	5.42	5.48	5.57	5.5	5.34	5.28	5.33	5.35	5.44	5.39	5.39	5.62	5.52	5.39	5.36	5.36	2016
7	7.3	7.3.1	EG_EGY_PRIM	Energy intensity level of primary energy (megajoules per constant 2011 purchasing power parity GDP)	2019.Q2.G.01	768	Togo	011	Western Africa	Country	TGO	1	0.97835765	8.532096072	MJ_PER_GDP_CON_PPP_USD	Megajoules per USD constant 2011 PPP GDP			G	Global			IEA (2018), World Energy Balances		E: Estimated data	13.93	14.12	14.76	14.85	14.7	14.8	14.2	14.41	14.7	17.27	16.6	15.92	15.14	14.87	14.51	14.23	13.9	13.9	2016
7	7.3	7.3.1	EG_EGY_PRIM	Energy intensity level of primary energy (megajoules per constant 2011 purchasing power parity GDP)	2019.Q2.G.01	772	Tokelau	061	Polynesia	Country	TKL	0	-171.8154473	-9.214545558																														
7	7.3	7.3.1	EG_EGY_PRIM	Energy intensity level of primary energy (megajoules per constant 2011 purchasing power parity GDP)	2019.Q2.G.01	776	Tonga	061	Polynesia	Country	TON	1	-175.1959991	-21.19511329	MJ_PER_GDP_CON_PPP_USD	Megajoules per USD constant 2011 PPP GDP			G	Global			Energy Balances, UN Statistics Division (2018)		E: Estimated data	3.24	2.89	2.95	3.56	3.39	3.33	3.84	3.58	3.69	3.9	3.21	2.89	2.89	3.11	2.98	3.03	3.18	3.18	2016
7	7.3	7.3.1	EG_EGY_PRIM	Energy intensity level of primary energy (megajoules per constant 2011 purchasing power parity GDP)	2019.Q2.G.01	780	Trinidad and Tobago	029	Caribbean	Country	TTO	1	-61.29389504	10.41877263	MJ_PER_GDP_CON_PPP_USD	Megajoules per USD constant 2011 PPP GDP			G	Global			IEA (2018), World Energy Balances		E: Estimated data	17.73	19.01	19.17	18.73	18.21	19.69	19.41	19.7	18.5	19.56	20.24	19.97	19.22	19.38	19.4	18.47	18.95	18.95	2016
7	7.3	7.3.1	EG_EGY_PRIM	Energy intensity level of primary energy (megajoules per constant 2011 purchasing power parity GDP)	2019.Q2.G.01	784	United Arab Emirates	145	Western Asia	Country	ARE	1	53.98279159	23.43322219	MJ_PER_GDP_CON_PPP_USD	Megajoules per USD constant 2011 PPP GDP			G	Global			IEA (2018), World Energy Balances		E: Estimated data	4.08	5.13	4.97	4.49	4.37	4.43	4.19	4.41	5.05	5.71	5.4	4.99	5.06	5.07	5.36	5.29	4.96	4.96	2016
7	7.3	7.3.1	EG_EGY_PRIM	Energy intensity level of primary energy (megajoules per constant 2011 purchasing power parity GDP)	2019.Q2.G.01	788	Tunisia	015	Northern Africa	Country	TUN	1	9.572737411	34.11439971	MJ_PER_GDP_CON_PPP_USD	Megajoules per USD constant 2011 PPP GDP			G	Global			IEA (2018), World Energy Balances		E: Estimated data	4.16	4.23	4.23	4.16	4.12	3.91	3.92	3.79	3.79	3.57	3.88	3.77	3.79	3.74	3.7	3.75	3.75	3.75	2016
7	7.3	7.3.1	EG_EGY_PRIM	Energy intensity level of primary energy (megajoules per constant 2011 purchasing power parity GDP)	2019.Q2.G.01	792	Turkey	145	Western Asia	Country	TUR	1	35.42890329	38.9899684	MJ_PER_GDP_CON_PPP_USD	Megajoules per USD constant 2011 PPP GDP			G	Global			IEA (2018), World Energy Balances		E: Estimated data	3.64	3.57	3.54	3.56	3.33	3.18	3.28	3.37	3.28	3.44	3.41	3.26	3.26	2.94	2.89	2.95	3.03	3.03	2016
7	7.3	7.3.1	EG_EGY_PRIM	Energy intensity level of primary energy (megajoules per constant 2011 purchasing power parity GDP)	2019.Q2.G.01	795	Turkmenistan	143	Central Asia	Country	TKM	1	58.9787665	40.0912346	MJ_PER_GDP_CON_PPP_USD	Megajoules per USD constant 2011 PPP GDP			G	Global			IEA (2018), World Energy Balances		E: Estimated data	25.87	25.26	26.29	28.39	28.23	26.0	24.0	24.62	21.72	17.98	18.78	17.81	16.59	15.45	14.3	13.87	13.04	13.04	2016
7	7.3	7.3.1	EG_EGY_PRIM	Energy intensity level of primary energy (megajoules per constant 2011 purchasing power parity GDP)	2019.Q2.G.01	796	Turks and Caicos Islands	029	Caribbean	Country	TCA	0	-71.745121	21.80780585																														
7	7.3	7.3.1	EG_EGY_PRIM	Energy intensity level of primary energy (megajoules per constant 2011 purchasing power parity GDP)	2019.Q2.G.01	798	Tuvalu	061	Polynesia	Country	TUV	1	178.6679611	-7.460048071	MJ_PER_GDP_CON_PPP_USD	Megajoules per USD constant 2011 PPP GDP			G	Global			Energy Balances, UN Statistics Division (2018)		E: Estimated data	3.36	3.39	3.58	3.64	4.05	4.27	3.31	5.34	3.21	4.34	3.9	2.78	3.91	3.73	3.81	3.8	3.78	3.78	2016
7	7.3	7.3.1	EG_EGY_PRIM	Energy intensity level of primary energy (megajoules per constant 2011 purchasing power parity GDP)	2019.Q2.G.01	800	Uganda	014	Eastern Africa	Country	UGA	1	32.39100438	1.279557331	MJ_PER_GDP_CON_PPP_USD	Megajoules per USD constant 2011 PPP GDP			G	Global			Energy Balances, UN Statistics Division (2018)		E: Estimated data	12.64	13.2	12.62	12.37	12.08	11.94	11.28	10.94	10.45	10.23	10.18	9.7	9.7	9.85	9.84	9.79	9.72	9.72	2016
7	7.3	7.3.1	EG_EGY_PRIM	Energy intensity level of primary energy (megajoules per constant 2011 purchasing power parity GDP)	2019.Q2.G.01	804	Ukraine	151	Eastern Europe	Country	UKR	1	31.40270802	49.00735945	MJ_PER_GDP_CON_PPP_USD	Megajoules per USD constant 2011 PPP GDP			G	Global			IEA (2018), World Energy Balances		E: Estimated data	23.75	21.8	20.95	19.88	17.88	17.3	15.49	14.77	13.94	13.92	15.45	14.0	13.52	12.82	12.49	12.16	12.08	12.08	2016
7	7.3	7.3.1	EG_EGY_PRIM	Energy intensity level of primary energy (megajoules per constant 2011 purchasing power parity GDP)	2019.Q2.G.01	807	North Macedonia	039	Southern Europe	Country	MKD	1	21.7007909	41.60048068	MJ_PER_GDP_CON_PPP_USD	Megajoules per USD constant 2011 PPP GDP			G	Global			IEA (2018), World Energy Balances		E: Estimated data	6.37	6.34	6.13	6.62	6.23	6.18	6.12	5.95	5.57	5.18	5.11	5.46	5.23	4.7	4.41	4.17	4.08	4.08	2016
7	7.3	7.3.1	EG_EGY_PRIM	Energy intensity level of primary energy (megajoules per constant 2011 purchasing power parity GDP)	2019.Q2.G.01	818	Egypt	015	Northern Africa	Country	EGY	1	29.77468534	26.57438204	MJ_PER_GDP_CON_PPP_USD	Megajoules per USD constant 2011 PPP GDP			G	Global			IEA (2018), World Energy Balances		E: Estimated data	3.25	3.58	3.59	3.62	3.8	4.2	4.15	4.14	4.01	3.92	3.69	3.78	3.81	3.66	3.68	3.51	3.65	3.65	2016
7	7.3	7.3.1	EG_EGY_PRIM	Energy intensity level of primary energy (megajoules per constant 2011 purchasing power parity GDP)	2019.Q2.G.01	826	United Kingdom of Great Britain and Northern Ireland	154	Northern Europe	Country	GBR	1	-2.23830539	53.27691757	MJ_PER_GDP_CON_PPP_USD	Megajoules per USD constant 2011 PPP GDP			G	Global			IEA (2018), World Energy Balances		E: Estimated data	4.77	4.66	4.49	4.42	4.27	4.16	3.99	3.76	3.73	3.66	3.74	3.41	3.45	3.34	3.05	3.01	2.9	2.9	2016
7	7.3	7.3.1	EG_EGY_PRIM	Energy intensity level of primary energy (megajoules per constant 2011 purchasing power parity GDP)	2019.Q2.G.01	831	Guernsey	830	Channel Islands	Country	GGY	0	-2.200712402	49.71561166																														
7	7.3	7.3.1	EG_EGY_PRIM	Energy intensity level of primary energy (megajoules per constant 2011 purchasing power parity GDP)	2019.Q2.G.01	832	Jersey	830	Channel Islands	Country	JEY	0	-2.136773508	49.22353354																														
7	7.3	7.3.1	EG_EGY_PRIM	Energy intensity level of primary energy (megajoules per constant 2011 purchasing power parity GDP)	2019.Q2.G.01	833	Isle of Man	154	Northern Europe	Country	IMN	0	-4.538190305	54.22880901																														
7	7.3	7.3.1	EG_EGY_PRIM	Energy intensity level of primary energy (megajoules per constant 2011 purchasing power parity GDP)	2019.Q2.G.01	834	United Republic of Tanzania	014	Eastern Africa	Country	TZA	1	34.80521182	-6.265332606	MJ_PER_GDP_CON_PPP_USD	Megajoules per USD constant 2011 PPP GDP			G	Global			IEA (2018), World Energy Balances		E: Estimated data	11.46	11.42	11.2	10.9	10.72	10.39	10.28	9.82	9.62	9.38	9.27	9.08	9.16	8.85	8.55	8.36	7.96	7.96	2016
7	7.3	7.3.1	EG_EGY_PRIM	Energy intensity level of primary energy (megajoules per constant 2011 purchasing power parity GDP)	2019.Q2.G.01	840	United States of America	021	Northern America	Country	USA	1	-99.13830311	39.5277871	MJ_PER_GDP_CON_PPP_USD	Megajoules per USD constant 2011 PPP GDP			G	Global			IEA (2018), World Energy Balances		E: Estimated data	7.34	7.13	7.08	6.91	6.79	6.6	6.37	6.37	6.22	6.08	6.08	5.9	5.67	5.67	5.59	5.38	5.25	5.25	2016
7	7.3	7.3.1	EG_EGY_PRIM	Energy intensity level of primary energy (megajoules per constant 2011 purchasing power parity GDP)	2019.Q2.G.01	850	United States Virgin Islands	029	Caribbean	Country	VIR	0	-64.76960113	17.73297693																														
7	7.3	7.3.1	EG_EGY_PRIM	Energy intensity level of primary energy (megajoules per constant 2011 purchasing power parity GDP)	2019.Q2.G.01	854	Burkina Faso	011	Western Africa	Country	BFA	1	-1.742843829	12.27491081	MJ_PER_GDP_CON_PPP_USD	Megajoules per USD constant 2011 PPP GDP			G	Global			Energy Balances, UN Statistics Division (2018)		E: Estimated data	6.62	6.21	5.07	4.86	5.79	6.69	6.75	6.8	6.71	6.63	6.53	6.27	6.21	6.07	5.92	5.96	5.74	5.74	2016
7	7.3	7.3.1	EG_EGY_PRIM	Energy intensity level of primary energy (megajoules per constant 2011 purchasing power parity GDP)	2019.Q2.G.01	858	Uruguay	005	South America	Country	URY	1	-56.01387025	-32.8002838	MJ_PER_GDP_CON_PPP_USD	Megajoules per USD constant 2011 PPP GDP			G	Global			IEA (2018), World Energy Balances		E: Estimated data	3.03	2.76	2.8	2.76	2.99	2.87	2.97	2.77	3.39	3.23	2.97	3.05	3.09	2.93	2.89	3.08	3.16	3.16	2016
7	7.3	7.3.1	EG_EGY_PRIM	Energy intensity level of primary energy (megajoules per constant 2011 purchasing power parity GDP)	2019.Q2.G.01	860	Uzbekistan	143	Central Asia	Country	UZB	1	63.11944558	41.77560518	MJ_PER_GDP_CON_PPP_USD	Megajoules per USD constant 2011 PPP GDP			G	Global			IEA (2018), World Energy Balances		E: Estimated data	34.52	33.33	33.38	30.97	28.34	24.55	23.38	21.12	20.19	16.59	14.94	15.12	14.29	11.74	11.07	9.14	8.18	8.18	2016
7	7.3	7.3.1	EG_EGY_PRIM	Energy intensity level of primary energy (megajoules per constant 2011 purchasing power parity GDP)	2019.Q2.G.01	862	Venezuela (Bolivarian Republic of)	005	South America	Country	VEN	1	-66.15642084	7.121324748	MJ_PER_GDP_CON_PPP_USD	Megajoules per USD constant 2011 PPP GDP			G	Global			IEA (2018), World Energy Balances		E: Estimated data	6.07	6.08	7.24	7.21	6.5	5.71	5.9	5.07	5.38	5.59	6.31	5.62	5.79	5.37	5.49	5.2	5.83	5.83	2016
7	7.3	7.3.1	EG_EGY_PRIM	Energy intensity level of primary energy (megajoules per constant 2011 purchasing power parity GDP)	2019.Q2.G.01	876	Wallis and Futuna Islands	061	Polynesia	Country	WLF	0	-176.2034788	-13.28471201																														
7	7.3	7.3.1	EG_EGY_PRIM	Energy intensity level of primary energy (megajoules per constant 2011 purchasing power parity GDP)	2019.Q2.G.01	882	Samoa	061	Polynesia	Country	WSM	1	-172.4430749	-13.61541469	MJ_PER_GDP_CON_PPP_USD	Megajoules per USD constant 2011 PPP GDP			G	Global			Energy Balances, UN Statistics Division (2018)		E: Estimated data	4.24	4.1	4.04	3.9	3.7	3.62	3.69	3.61	3.62	3.85	3.86	3.7	3.7	3.86	3.82	4.23	4.1	4.1	2016
7	7.3	7.3.1	EG_EGY_PRIM	Energy intensity level of primary energy (megajoules per constant 2011 purchasing power parity GDP)	2019.Q2.G.01	887	Yemen	145	Western Asia	Country	YEM	1	45.22389143	15.22242099	MJ_PER_GDP_CON_PPP_USD	Megajoules per USD constant 2011 PPP GDP			G	Global			IEA (2018), World Energy Balances		E: Estimated data	2.86	3.05	2.84	3.05	3.2	3.22	3.35	3.17	3.22	3.44	3.09	3.01	2.66	3.49	3.32	2.48	3.02	3.02	2016
7	7.3	7.3.1	EG_EGY_PRIM	Energy intensity level of primary energy (megajoules per constant 2011 purchasing power parity GDP)	2019.Q2.G.01	894	Zambia	014	Eastern Africa	Country	ZMB	1	27.850329	-14.59701056	MJ_PER_GDP_CON_PPP_USD	Megajoules per USD constant 2011 PPP GDP			G	Global			IEA (2018), World Energy Balances		E: Estimated data	11.88	11.68	11.6	11.26	10.88	10.53	10.04	9.33	9.0	8.5	8.04	8.05	7.9	7.81	7.78	7.75	7.69	7.69	2016
