goal	target	indicator	seriesCode	seriesDesc	release	geoAreaCode	geoAreaName	parentCode	parentName	type	ISO3	UN_Member	X	Y	basePeriod	unitsCode	unitsDesc	unitmultiplierCode	unitmultiplierDesc	reportingTypeCode	reportingTypeDesc	valueDetails	footnotes	sources	timeDetails	nature	value_2005	value_2006	value_2007	value_2008	value_2009	value_2010	value_2011	value_2012	value_2013	value_2014	value_2015	value_2016	value_latest_year	latest_year
6	6.6	6.6.1	EN_WBE_PMNR	Water body extent (permanent) (square kilometres)	2019.Q3.G.01	004	Afghanistan	034	Southern Asia	Country	AFG	1	66.02688198	33.83160199		KM2	Square kilometers			G	Global			Global Surface Water Explorer extraction for UN Environment		E: Estimated data	887.69532	755.24966	687.54735	706.40686	681.35802	671.97246	642.36278	646.41	588.47048	597.28521	604.71016	579.44444	579.44444	2016
6	6.6	6.6.1	EN_WBE_PMNR	Water body extent (permanent) (square kilometres)	2019.Q3.G.01	008	Albania	039	Southern Europe	Country	ALB	1	20.06660928	41.13897007		KM2	Square kilometers			G	Global			Global Surface Water Explorer extraction for UN Environment		E: Estimated data	505.19939	507.12844	509.3816	507.02465	505.52278	504.92878	504.88179	504.50267	508.92347	514.94907	518.23221	518.49997	518.49997	2016
6	6.6	6.6.1	EN_WBE_PMNR	Water body extent (permanent) (square kilometres)	2019.Q3.G.01	010	Antarctica	001	World	Country	ATA	0	21.47585697	-80.40897662																										
6	6.6	6.6.1	EN_WBE_PMNR	Water body extent (permanent) (square kilometres)	2019.Q3.G.01	012	Algeria	015	Northern Africa	Country	DZA	1	2.678164227	28.15940032		KM2	Square kilometers			G	Global			Global Surface Water Explorer extraction for UN Environment		E: Estimated data	224.91037	237.03843	249.57735	267.87531	276.46575	331.0749	383.1408	408.82088	427.94956	450.0968	416.28646	421.76511	421.76511	2016
6	6.6	6.6.1	EN_WBE_PMNR	Water body extent (permanent) (square kilometres)	2019.Q3.G.01	016	American Samoa	061	Polynesia	Country	ASM	0	-170.7187269	-14.30587306		KM2	Square kilometers			G	Global			Global Surface Water Explorer extraction for UN Environment		E: Estimated data	0.68902	0.67879	0.67424	0.61682	0.59117	0.54643	0.5441	0.5334	0.58195	0.59287	0.65449	0.67679	0.67679	2016
6	6.6	6.6.1	EN_WBE_PMNR	Water body extent (permanent) (square kilometres)	2019.Q3.G.01	020	Andorra	039	Southern Europe	Country	AND	1	1.576257417	42.54548611		KM2	Square kilometers			G	Global			Global Surface Water Explorer extraction for UN Environment		E: Estimated data	0.61988	0.61924	0.60864	0.61245	0.61019	0.63788	0.64379	0.65405	0.64109	0.62566	0.61844	0.61514	0.61514	2016
6	6.6	6.6.1	EN_WBE_PMNR	Water body extent (permanent) (square kilometres)	2019.Q3.G.01	024	Angola	017	Middle Africa	Country	AGO	1	17.57817062	-12.33724746		KM2	Square kilometers			G	Global			Global Surface Water Explorer extraction for UN Environment		E: Estimated data	871.23912	879.27781	895.01931	907.71698	908.78643	910.28201	922.15362	919.88874	915.52112	912.13886	911.11803	897.76571	897.76571	2016
6	6.6	6.6.1	EN_WBE_PMNR	Water body extent (permanent) (square kilometres)	2019.Q3.G.01	028	Antigua and Barbuda	029	Caribbean	Country	ATG	1	-61.7999755	17.07761471		KM2	Square kilometers			G	Global			Global Surface Water Explorer extraction for UN Environment		E: Estimated data	34.11038	34.21837	34.36096	34.42251	34.47758	34.41901	34.35584	34.27591	34.2451	33.97768	33.79235	33.52453	33.52453	2016
6	6.6	6.6.1	EN_WBE_PMNR	Water body extent (permanent) (square kilometres)	2019.Q3.G.01	031	Azerbaijan	145	Western Asia	Country	AZE	1	50.01064725	40.39229544		KM2	Square kilometers			G	Global			Global Surface Water Explorer extraction for UN Environment		E: Estimated data	67666.78764	67501.34112	68039.53331	68423.29239	69098.13116	69146.1023	69291.24584	69180.33542	69170.53994	69663.01668	70290.70954	70817.13705	70817.13705	2016
6	6.6	6.6.1	EN_WBE_PMNR	Water body extent (permanent) (square kilometres)	2019.Q3.G.01	032	Argentina	005	South America	Country	ARG	1	-65.14563274	-35.19446255		KM2	Square kilometers			G	Global			Global Surface Water Explorer extraction for UN Environment		E: Estimated data	33750.23342	33926.14241	33339.76568	32458.57415	31366.35571	30164.07953	29433.99626	28699.98904	27926.56524	27433.32464	27563.01362	27848.65713	27848.65713	2016
6	6.6	6.6.1	EN_WBE_PMNR	Water body extent (permanent) (square kilometres)	2019.Q3.G.01	036	Australia	053	Australia and New Zealand	Country	AUS	1	134.3499412	-25.57717202		KM2	Square kilometers			G	Global			Global Surface Water Explorer extraction for UN Environment		E: Estimated data	13573.49061	13046.90538	12431.71381	12228.55478	12303.25523	12166.50665	12260.72379	13192.07075	14023.84221	14304.19282	14527.95987	14505.3628	14505.3628	2016
6	6.6	6.6.1	EN_WBE_PMNR	Water body extent (permanent) (square kilometres)	2019.Q3.G.01	040	Austria	155	Western Europe	Country	AUT	1	14.14172472	47.58704857		KM2	Square kilometers			G	Global			Global Surface Water Explorer extraction for UN Environment		E: Estimated data	629.341	630.63928	631.76349	630.15536	628.56143	628.49887	628.95534	627.75951	628.54227	632.70302	633.50546	633.21074	633.21074	2016
6	6.6	6.6.1	EN_WBE_PMNR	Water body extent (permanent) (square kilometres)	2019.Q3.G.01	044	Bahamas	029	Caribbean	Country	BHS	1	-78.05111663	24.69546597		KM2	Square kilometers			G	Global			Global Surface Water Explorer extraction for UN Environment		E: Estimated data	992.05397	995.21383	1002.85941	1008.26501	997.64613	998.72885	999.41603	993.77379	1011.62514	1018.25936	1045.26012	1072.4225	1072.4225	2016
6	6.6	6.6.1	EN_WBE_PMNR	Water body extent (permanent) (square kilometres)	2019.Q3.G.01	048	Bahrain	145	Western Asia	Country	BHR	1	50.5490754	26.04407747		KM2	Square kilometers			G	Global			Global Surface Water Explorer extraction for UN Environment		E: Estimated data	54.95642	54.6381	54.93601	55.40455	54.27772	53.53308	52.95059	52.7877	52.05227	51.93473	52.16977	52.38235	52.38235	2016
6	6.6	6.6.1	EN_WBE_PMNR	Water body extent (permanent) (square kilometres)	2019.Q3.G.01	050	Bangladesh	034	Southern Asia	Country	BGD	1	89.17660788	22.86961622		KM2	Square kilometers			G	Global			Global Surface Water Explorer extraction for UN Environment		E: Estimated data	4523.7276	4566.506	4573.90148	4634.61651	4681.15383	4632.55055	4651.77323	4694.42825	4668.89358	4646.64516	4698.28112	4681.33294	4681.33294	2016
6	6.6	6.6.1	EN_WBE_PMNR	Water body extent (permanent) (square kilometres)	2019.Q3.G.01	051	Armenia	145	Western Asia	Country	ARM	1	44.93839317	40.29499741		KM2	Square kilometers			G	Global			Global Surface Water Explorer extraction for UN Environment		E: Estimated data	1308.42771	1313.77092	1318.80721	1322.67525	1324.21919	1326.49042	1328.58264	1331.62158	1331.43602	1333.30298	1332.7515	1333.44965	1333.44965	2016
6	6.6	6.6.1	EN_WBE_PMNR	Water body extent (permanent) (square kilometres)	2019.Q3.G.01	052	Barbados	029	Caribbean	Country	BRB	1	-59.5346489	13.13648273		KM2	Square kilometers			G	Global			Global Surface Water Explorer extraction for UN Environment		E: Estimated data	0.22547	0.21933	0.22659	0.22907	0.23196	0.23026	0.23248	0.22342	0.22857	0.21281	0.19599	0.1875	0.1875	2016
6	6.6	6.6.1	EN_WBE_PMNR	Water body extent (permanent) (square kilometres)	2019.Q3.G.01	056	Belgium	155	Western Europe	Country	BEL	1	4.660976456	50.64104975		KM2	Square kilometers			G	Global			Global Surface Water Explorer extraction for UN Environment		E: Estimated data	153.79968	153.1505	154.27477	152.93353	152.67322	151.48647	153.00609	153.44896	154.37827	155.67296	157.26763	157.50829	157.50829	2016
6	6.6	6.6.1	EN_WBE_PMNR	Water body extent (permanent) (square kilometres)	2019.Q3.G.01	060	Bermuda	021	Northern America	Country	BMU	0	-64.78155012	32.27881922		KM2	Square kilometers			G	Global			Global Surface Water Explorer extraction for UN Environment		E: Estimated data	26.71006	26.70365	26.68361	26.61348	26.59161	26.58111	26.59816	26.62624	26.68713	26.69706	26.71	26.70611	26.70611	2016
6	6.6	6.6.1	EN_WBE_PMNR	Water body extent (permanent) (square kilometres)	2019.Q3.G.01	064	Bhutan	034	Southern Asia	Country	BTN	1	90.45098484	27.39598568		KM2	Square kilometers			G	Global			Global Surface Water Explorer extraction for UN Environment		E: Estimated data	64.93772	70.94498	73.86495	73.94716	74.11156	73.76968	73.88699	74.03186	74.98595	75.25704	75.64224	73.34402	73.34402	2016
6	6.6	6.6.1	EN_WBE_PMNR	Water body extent (permanent) (square kilometres)	2019.Q3.G.01	068	Bolivia (Plurinational State of)	005	South America	Country	BOL	1	-64.66224284	-16.71273412		KM2	Square kilometers			G	Global			Global Surface Water Explorer extraction for UN Environment		E: Estimated data	12197.44907	12471.46738	12159.11937	11825.47943	11924.15638	11631.4628	11029.68678	10714.59588	11219.81271	11191.25979	11309.46774	11693.76658	11693.76658	2016
6	6.6	6.6.1	EN_WBE_PMNR	Water body extent (permanent) (square kilometres)	2019.Q3.G.01	070	Bosnia and Herzegovina	039	Southern Europe	Country	BIH	1	17.78584332	44.16845548		KM2	Square kilometers			G	Global			Global Surface Water Explorer extraction for UN Environment		E: Estimated data	196.7229	199.19052	198.60129	195.96702	196.72795	195.95445	194.35294	192.70329	191.52722	194.15297	196.92937	197.81335	197.81335	2016
6	6.6	6.6.1	EN_WBE_PMNR	Water body extent (permanent) (square kilometres)	2019.Q3.G.01	072	Botswana	018	Southern Africa	Country	BWA	1	23.81380223	-22.18810073		KM2	Square kilometers			G	Global			Global Surface Water Explorer extraction for UN Environment		E: Estimated data	146.40147	111.06635	129.23501	130.49103	158.68243	151.84795	161.37649	147.22902	199.32025	246.67446	326.38068	383.65086	383.65086	2016
6	6.6	6.6.1	EN_WBE_PMNR	Water body extent (permanent) (square kilometres)	2019.Q3.G.01	074	Bouvet Island	005	South America	Country	BVT	0	3.410732868	-54.43295905																										
6	6.6	6.6.1	EN_WBE_PMNR	Water body extent (permanent) (square kilometres)	2019.Q3.G.01	076	Brazil	005	South America	Country	BRA	1	-53.08432878	-10.77668561		KM2	Square kilometers			G	Global			Global Surface Water Explorer extraction for UN Environment		E: Estimated data	101995.6158	102718.7079	103944.9946	104712.7151	105274.0675	105593.4902	105666.4308	106051.7387	105793.141	105743.8027	105120.4814	104804.2107	104804.2107	2016
6	6.6	6.6.1	EN_WBE_PMNR	Water body extent (permanent) (square kilometres)	2019.Q3.G.01	084	Belize	013	Central America	Country	BLZ	1	-88.70199554	17.19965901		KM2	Square kilometers			G	Global			Global Surface Water Explorer extraction for UN Environment		E: Estimated data	278.60748	278.40356	280.80402	282.84931	283.95199	282.73844	287.14028	285.01367	284.53835	280.93969	282.94512	281.47659	281.47659	2016
6	6.6	6.6.1	EN_WBE_PMNR	Water body extent (permanent) (square kilometres)	2019.Q3.G.01	086	British Indian Ocean Territory	014	Eastern Africa	Country	IOT	0	72.38715553	-7.299281071																										
6	6.6	6.6.1	EN_WBE_PMNR	Water body extent (permanent) (square kilometres)	2019.Q3.G.01	090	Solomon Islands	054	Melanesia	Country	SLB	1	160.1584117	-9.622391719		KM2	Square kilometers			G	Global			Global Surface Water Explorer extraction for UN Environment		E: Estimated data	265.54482	266.97802	266.50422	260.88867	264.84342	270.39918	269.99538	273.28767	277.84629	280.6328	289.53019	298.62019	298.62019	2016
6	6.6	6.6.1	EN_WBE_PMNR	Water body extent (permanent) (square kilometres)	2019.Q3.G.01	092	British Virgin Islands	029	Caribbean	Country	VGB	0	-64.63294223	18.42256578		KM2	Square kilometers			G	Global			Global Surface Water Explorer extraction for UN Environment		E: Estimated data	5.45685	5.53282	5.42761	5.3605	5.28643	5.27785	5.36455	5.44585	5.44482	5.39541	5.47329	5.48228	5.48228	2016
6	6.6	6.6.1	EN_WBE_PMNR	Water body extent (permanent) (square kilometres)	2019.Q3.G.01	096	Brunei Darussalam	035	South-Eastern Asia	Country	BRN	1	114.6288563	4.49736984		KM2	Square kilometers			G	Global			Global Surface Water Explorer extraction for UN Environment		E: Estimated data	62.20627	61.89574	62.07559	62.41349	62.11602	62.16716	62.70001	62.85046	62.81532	62.76921	62.7583	62.25686	62.25686	2016
6	6.6	6.6.1	EN_WBE_PMNR	Water body extent (permanent) (square kilometres)	2019.Q3.G.01	100	Bulgaria	151	Eastern Europe	Country	BGR	1	25.23763153	42.75731323		KM2	Square kilometers			G	Global			Global Surface Water Explorer extraction for UN Environment		E: Estimated data	1009.99853	1020.79992	1031.1946	1032.84625	1037.25842	1035.7757	1034.75446	1027.55887	1027.03925	1030.47568	1034.22091	1028.1105	1028.1105	2016
6	6.6	6.6.1	EN_WBE_PMNR	Water body extent (permanent) (square kilometres)	2019.Q3.G.01	104	Myanmar	035	South-Eastern Asia	Country	MMR	1	96.51752295	21.19332882		KM2	Square kilometers			G	Global			Global Surface Water Explorer extraction for UN Environment		E: Estimated data	5852.14611	5983.03607	6070.29251	6225.56506	6390.09668	6462.65693	6432.53682	6512.0676	6490.37279	6412.12268	6478.61588	6513.83324	6513.83324	2016
6	6.6	6.6.1	EN_WBE_PMNR	Water body extent (permanent) (square kilometres)	2019.Q3.G.01	108	Burundi	014	Eastern Africa	Country	BDI	1	29.89080992	-3.366387428		KM2	Square kilometers			G	Global			Global Surface Water Explorer extraction for UN Environment		E: Estimated data	1953.93672	1953.48207	1952.62132	1952.30631	1951.93206	1951.56674	1951.63687	1952.13219	1952.66363	1953.34428	1954.30371	1955.11123	1955.11123	2016
6	6.6	6.6.1	EN_WBE_PMNR	Water body extent (permanent) (square kilometres)	2019.Q3.G.01	112	Belarus	151	Eastern Europe	Country	BLR	1	28.04940161	53.54193075		KM2	Square kilometers			G	Global			Global Surface Water Explorer extraction for UN Environment		E: Estimated data	1780.76382	1782.59765	1797.99298	1802.10468	1802.01694	1803.06354	1801.1227	1798.26424	1796.74802	1803.74056	1806.83531	1803.90194	1803.90194	2016
6	6.6	6.6.1	EN_WBE_PMNR	Water body extent (permanent) (square kilometres)	2019.Q3.G.01	116	Cambodia	035	South-Eastern Asia	Country	KHM	1	104.922836	12.71163737		KM2	Square kilometers			G	Global			Global Surface Water Explorer extraction for UN Environment		E: Estimated data	3605.87388	3542.4997	3530.26337	3534.6508	3542.8324	3578.78394	3613.55431	3625.21965	3639.67271	3596.77918	3594.40132	3430.47244	3430.47244	2016
6	6.6	6.6.1	EN_WBE_PMNR	Water body extent (permanent) (square kilometres)	2019.Q3.G.01	120	Cameroon	017	Middle Africa	Country	CMR	1	12.7419827	5.692387031		KM2	Square kilometers			G	Global			Global Surface Water Explorer extraction for UN Environment		E: Estimated data	1803.7431	1803.61625	1800.38803	1798.30083	1806.58421	1832.31829	1820.97651	1827.3577	1827.04427	1847.42	1844.69438	1845.24595	1845.24595	2016
6	6.6	6.6.1	EN_WBE_PMNR	Water body extent (permanent) (square kilometres)	2019.Q3.G.01	124	Canada	021	Northern America	Country	CAN	1	-101.6575058	57.72360191		KM2	Square kilometers			G	Global			Global Surface Water Explorer extraction for UN Environment		E: Estimated data	692513.7085	694235.6988	695458.961	696029.6375	696522.8467	696324.3883	695543.3279	694929.9154	691918.4453	692684.7833	693724.4266	695246.2939	695246.2939	2016
6	6.6	6.6.1	EN_WBE_PMNR	Water body extent (permanent) (square kilometres)	2019.Q3.G.01	132	Cabo Verde	011	Western Africa	Country	CPV	1	-23.63544151	15.07791834		KM2	Square kilometers			G	Global			Global Surface Water Explorer extraction for UN Environment		E: Estimated data	267.39642	264.12305	263.84549	263.63084	257.87346	264.17542	259.49679	257.25172	253.11115	258.82771	265.59452	273.36393	273.36393	2016
6	6.6	6.6.1	EN_WBE_PMNR	Water body extent (permanent) (square kilometres)	2019.Q3.G.01	136	Cayman Islands	029	Caribbean	Country	CYM	0	-81.16740559	19.32266656		KM2	Square kilometers			G	Global			Global Surface Water Explorer extraction for UN Environment		E: Estimated data	3.26321	3.10166	3.18223	3.16333	3.23168	3.29688	3.67462	3.67755	3.99321	4.00961	4.12407	4.26758	4.26758	2016
6	6.6	6.6.1	EN_WBE_PMNR	Water body extent (permanent) (square kilometres)	2019.Q3.G.01	140	Central African Republic	017	Middle Africa	Country	CAF	1	20.93559492	7.003720791		KM2	Square kilometers			G	Global			Global Surface Water Explorer extraction for UN Environment		E: Estimated data	422.73874	421.24726	419.18697	419.81406	413.25346	426.8742	426.99611	425.57169	424.83899	432.5346	431.73029	430.31845	430.31845	2016
6	6.6	6.6.1	EN_WBE_PMNR	Water body extent (permanent) (square kilometres)	2019.Q3.G.01	144	Sri Lanka	034	Southern Asia	Country	LKA	1	80.70489654	7.614693343		KM2	Square kilometers			G	Global			Global Surface Water Explorer extraction for UN Environment		E: Estimated data	963.14446	964.42674	962.39911	987.12475	986.75667	986.26399	993.02924	997.1999	996.26855	1001.1786	1013.63959	1024.27987	1024.27987	2016
6	6.6	6.6.1	EN_WBE_PMNR	Water body extent (permanent) (square kilometres)	2019.Q3.G.01	148	Chad	017	Middle Africa	Country	TCD	1	18.66618401	15.36279341		KM2	Square kilometers			G	Global			Global Surface Water Explorer extraction for UN Environment		E: Estimated data	1382.72381	1372.51245	1352.38672	1334.59781	1339.11858	1328.15163	1316.81947	1329.58623	1332.23219	1320.78631	1337.49207	1359.06477	1359.06477	2016
6	6.6	6.6.1	EN_WBE_PMNR	Water body extent (permanent) (square kilometres)	2019.Q3.G.01	152	Chile	005	South America	Country	CHL	1	-71.23029019	-35.2652885		KM2	Square kilometers			G	Global			Global Surface Water Explorer extraction for UN Environment		E: Estimated data	11965.68087	12046.30307	12083.61699	12108.9788	12124.00433	12067.43028	12031.13429	11994.11978	11952.7159	11954.89725	11986.16333	11983.07531	11983.07531	2016
6	6.6	6.6.1	EN_WBE_PMNR	Water body extent (permanent) (square kilometres)	2019.Q3.G.01	156	China	030	Eastern Asia	Country	CHN	1	104.1403375	32.30955217		KM2	Square kilometers			G	Global			Global Surface Water Explorer extraction for UN Environment		E: Estimated data	102445.4597	103489.1557	105051.2367	106545.8803	106590.1284	107060.302	108019.5653	108537.9245	109661.3692	110909.9846	111558.4246	111671.1628	111671.1628	2016
6	6.6	6.6.1	EN_WBE_PMNR	Water body extent (permanent) (square kilometres)	2019.Q3.G.01	162	Christmas Island	053	Australia and New Zealand	Country	CXR	0	105.6426067	-10.4882473																										
6	6.6	6.6.1	EN_WBE_PMNR	Water body extent (permanent) (square kilometres)	2019.Q3.G.01	166	Cocos (Keeling) Islands	053	Australia and New Zealand	Country	CCK	0	96.82633757	-12.18600682																										
6	6.6	6.6.1	EN_WBE_PMNR	Water body extent (permanent) (square kilometres)	2019.Q3.G.01	170	Colombia	005	South America	Country	COL	1	-73.07446751	3.888209046		KM2	Square kilometers			G	Global			Global Surface Water Explorer extraction for UN Environment		E: Estimated data	8788.2094	8638.24667	8868.33584	9076.74006	9394.89447	9586.97417	9631.21665	9773.54499	9855.76471	9735.04152	9493.85239	9336.0385	9336.0385	2016
6	6.6	6.6.1	EN_WBE_PMNR	Water body extent (permanent) (square kilometres)	2019.Q3.G.01	174	Comoros	014	Eastern Africa	Country	COM	1	43.34234565	-11.66121732		KM2	Square kilometers			G	Global			Global Surface Water Explorer extraction for UN Environment		E: Estimated data	5.29068	5.32757	4.84772	4.95478	4.95188	5.08323	4.98753	5.43542	5.3673	5.52139	5.31063	5.48978	5.48978	2016
6	6.6	6.6.1	EN_WBE_PMNR	Water body extent (permanent) (square kilometres)	2019.Q3.G.01	175	Mayotte	014	Eastern Africa	Country	MYT	0	45.14015057	-12.82217691		KM2	Square kilometers			G	Global			Global Surface Water Explorer extraction for UN Environment		E: Estimated data	2.28011	2.36154	2.31576	2.25477	2.27848	2.45363	2.34469	2.27811	2.31957	2.31071	2.48522	2.61157	2.61157	2016
6	6.6	6.6.1	EN_WBE_PMNR	Water body extent (permanent) (square kilometres)	2019.Q3.G.01	178	Congo	011	Western Africa	Country	COG	1	15.22052612	-0.840544119		KM2	Square kilometers			G	Global			Global Surface Water Explorer extraction for UN Environment		E: Estimated data	1576.94685	1569.10877	1576.29425	1601.71515	1573.40913	1595.09308	1604.36844	1605.33731	1605.53646	1638.46401	1640.6517	1639.74182	1639.74182	2016
6	6.6	6.6.1	EN_WBE_PMNR	Water body extent (permanent) (square kilometres)	2019.Q3.G.01	180	Democratic Republic of the Congo	017	Middle Africa	Country	COD	1	23.65496507	-2.877154732		KM2	Square kilometers			G	Global			Global Surface Water Explorer extraction for UN Environment		E: Estimated data	35734.49761	35684.6423	35555.22202	35507.68043	35430.18281	35642.18583	35725.10248	35820.02782	35842.9527	35873.18897	35808.22296	35769.39082	35769.39082	2016
6	6.6	6.6.1	EN_WBE_PMNR	Water body extent (permanent) (square kilometres)	2019.Q3.G.01	184	Cook Islands	061	Polynesia	Country	COK	0	-159.7711391	-21.22696458		KM2	Square kilometers			G	Global			Global Surface Water Explorer extraction for UN Environment		E: Estimated data	0.24261	0.14848	0.216	0.28649	0.21506	0.26913	0.49823	0.48142	0.41093	0.47007	0.43749	0.30684	0.30684	2016
6	6.6	6.6.1	EN_WBE_PMNR	Water body extent (permanent) (square kilometres)	2019.Q3.G.01	188	Costa Rica	013	Central America	Country	CRI	1	-84.19712782	9.970998683		KM2	Square kilometers			G	Global			Global Surface Water Explorer extraction for UN Environment		E: Estimated data	166.74333	165.01041	161.61505	158.90031	160.78253	162.9046	163.5405	165.76116	167.60148	166.87768	167.75591	168.31901	168.31901	2016
6	6.6	6.6.1	EN_WBE_PMNR	Water body extent (permanent) (square kilometres)	2019.Q3.G.01	191	Croatia	039	Southern Europe	Country	HRV	1	17.95874553	45.45172212		KM2	Square kilometers			G	Global			Global Surface Water Explorer extraction for UN Environment		E: Estimated data	625.735	630.25039	630.68332	625.71901	629.24526	626.67969	624.26555	620.12258	618.32447	622.74175	628.25548	630.13889	630.13889	2016
6	6.6	6.6.1	EN_WBE_PMNR	Water body extent (permanent) (square kilometres)	2019.Q3.G.01	192	Cuba	029	Caribbean	Country	CUB	1	-79.54460144	22.10030366		KM2	Square kilometers			G	Global			Global Surface Water Explorer extraction for UN Environment		E: Estimated data	2432.68711	2441.79159	2455.02907	2460.94705	2446.98778	2503.84909	2528.94249	2535.85546	2545.8542	2537.53237	2547.21158	2543.51349	2543.51349	2016
6	6.6	6.6.1	EN_WBE_PMNR	Water body extent (permanent) (square kilometres)	2019.Q3.G.01	196	Cyprus	145	Western Asia	Country	CYP	1	33.22285964	35.05659437		KM2	Square kilometers			G	Global			Global Surface Water Explorer extraction for UN Environment		E: Estimated data	10.95812	12.14366	12.80391	12.4648	11.29712	10.48195	10.03597	10.41527	11.37861	12.87004	13.08416	13.36731	13.36731	2016
6	6.6	6.6.1	EN_WBE_PMNR	Water body extent (permanent) (square kilometres)	2019.Q3.G.01	203	Czechia	151	Eastern Europe	Country	CZE	1	15.33151382	49.73913871		KM2	Square kilometers			G	Global			Global Surface Water Explorer extraction for UN Environment		E: Estimated data	483.87478	492.95921	497.91071	496.38641	500.13449	501.39338	503.62286	501.23538	502.66864	506.63106	505.79584	503.61804	503.61804	2016
6	6.6	6.6.1	EN_WBE_PMNR	Water body extent (permanent) (square kilometres)	2019.Q3.G.01	204	Benin	011	Western Africa	Country	BEN	1	2.339933594	9.65401646		KM2	Square kilometers			G	Global			Global Surface Water Explorer extraction for UN Environment		E: Estimated data	118.04259	117.89725	116.15292	114.89663	114.78424	114.69685	115.18541	115.84401	116.85859	117.80578	118.71874	118.41704	118.41704	2016
6	6.6	6.6.1	EN_WBE_PMNR	Water body extent (permanent) (square kilometres)	2019.Q3.G.01	208	Denmark	154	Northern Europe	Country	DNK	1	9.326571283	56.03829721		KM2	Square kilometers			G	Global			Global Surface Water Explorer extraction for UN Environment		E: Estimated data	2382.38482	2386.24876	2392.63269	2397.48571	2396.55536	2396.21184	2398.12731	2399.08342	2399.48315	2406.43057	2411.06009	2415.19602	2415.19602	2016
6	6.6	6.6.1	EN_WBE_PMNR	Water body extent (permanent) (square kilometres)	2019.Q3.G.01	212	Dominica	029	Caribbean	Country	DMA	1	-61.3493756	15.43391378		KM2	Square kilometers			G	Global			Global Surface Water Explorer extraction for UN Environment		E: Estimated data	0.38139	0.37903	0.37299	0.36585	0.35185	0.3517	0.35212	0.35304	0.34734	0.34262	0.32999	0.31991	0.31991	2016
6	6.6	6.6.1	EN_WBE_PMNR	Water body extent (permanent) (square kilometres)	2019.Q3.G.01	214	Dominican Republic	029	Caribbean	Country	DOM	1	-70.49847576	18.89832088		KM2	Square kilometers			G	Global			Global Surface Water Explorer extraction for UN Environment		E: Estimated data	322.14259	320.10953	328.44481	344.37516	369.91707	398.3711	423.57777	446.36819	466.04359	478.44059	481.12569	478.486	478.486	2016
6	6.6	6.6.1	EN_WBE_PMNR	Water body extent (permanent) (square kilometres)	2019.Q3.G.01	218	Ecuador	005	South America	Country	ECU	1	-78.37005241	-1.447785891		KM2	Square kilometers			G	Global			Global Surface Water Explorer extraction for UN Environment		E: Estimated data	1788.73258	1769.14754	1747.34285	1750.41668	1777.23718	1843.90923	1822.20576	1850.7712	1854.01179	1898.81122	1915.2344	2012.78873	2012.78873	2016
6	6.6	6.6.1	EN_WBE_PMNR	Water body extent (permanent) (square kilometres)	2019.Q3.G.01	222	El Salvador	013	Central America	Country	SLV	1	-88.86862995	13.73603564		KM2	Square kilometers			G	Global			Global Surface Water Explorer extraction for UN Environment		E: Estimated data	346.3304	347.30052	347.31599	349.59514	344.76621	345.40269	350.02057	348.05355	347.92335	346.41099	346.08412	340.0726	340.0726	2016
6	6.6	6.6.1	EN_WBE_PMNR	Water body extent (permanent) (square kilometres)	2019.Q3.G.01	226	Equatorial Guinea	017	Middle Africa	Country	GNQ	1	10.46535826	1.565792376		KM2	Square kilometers			G	Global			Global Surface Water Explorer extraction for UN Environment		E: Estimated data	106.71842	104.46624	97.50641	97.64647	96.28707	96.28276	97.68952	103.47592	104.55473	105.94966	108.06086	109.96853	109.96853	2016
6	6.6	6.6.1	EN_WBE_PMNR	Water body extent (permanent) (square kilometres)	2019.Q3.G.01	231	Ethiopia	014	Eastern Africa	Country	ETH	1	39.63505296	8.631223181		KM2	Square kilometers			G	Global			Global Surface Water Explorer extraction for UN Environment		E: Estimated data	6771.09968	6725.6251	6676.67546	6650.5646	6645.57755	6663.99561	6702.92891	6765.80874	6815.12757	6851.4561	6895.47423	6896.82778	6896.82778	2016
6	6.6	6.6.1	EN_WBE_PMNR	Water body extent (permanent) (square kilometres)	2019.Q3.G.01	232	Eritrea	014	Eastern Africa	Country	ERI	1	38.11074289	16.12894644		KM2	Square kilometers			G	Global			Global Surface Water Explorer extraction for UN Environment		E: Estimated data	30.20589	31.15948	32.06284	32.85702	33.86663	34.74919	36.09737	37.07464	38.14665	39.50469	44.37927	47.53457	47.53457	2016
6	6.6	6.6.1	EN_WBE_PMNR	Water body extent (permanent) (square kilometres)	2019.Q3.G.01	233	Estonia	154	Northern Europe	Country	EST	1	25.84093481	58.68487172		KM2	Square kilometers			G	Global			Global Surface Water Explorer extraction for UN Environment		E: Estimated data	2069.24871	2068.94209	2069.54211	2070.69096	2069.79393	2067.47935	2065.83601	2064.28895	2063.62537	2062.58632	2062.25734	2062.75045	2062.75045	2016
6	6.6	6.6.1	EN_WBE_PMNR	Water body extent (permanent) (square kilometres)	2019.Q3.G.01	234	Faroe Islands	154	Northern Europe	Country	FRO	0	-7.122044325	62.21228119		KM2	Square kilometers			G	Global			Global Surface Water Explorer extraction for UN Environment		E: Estimated data	0.0	0.0	0.0	0.0	0.0	0.0	0.0	0.0	0.0	0.0	0.0	0.0	0.0	2016
6	6.6	6.6.1	EN_WBE_PMNR	Water body extent (permanent) (square kilometres)	2019.Q3.G.01	238	Falkland Islands (Malvinas)	005	South America	Country	FLK	0	-58.75246778	-51.74562601		KM2	Square kilometers			G	Global			Global Surface Water Explorer extraction for UN Environment		E: Estimated data	166.10804	167.30696	168.79115	171.52157	172.1559	171.54081	171.29956	169.84969	169.77387	169.75777	168.69249	166.89113	166.89113	2016
6	6.6	6.6.1	EN_WBE_PMNR	Water body extent (permanent) (square kilometres)	2019.Q3.G.01	239	South Georgia and the South Sandwich Islands	005	South America	Country	SGS	0	-36.90662765	-54.20736749																										
6	6.6	6.6.1	EN_WBE_PMNR	Water body extent (permanent) (square kilometres)	2019.Q3.G.01	242	Fiji	054	Melanesia	Country	FJI	1	177.9660884	-17.83301566		KM2	Square kilometers			G	Global			Global Surface Water Explorer extraction for UN Environment		E: Estimated data	456.07396	449.59415	456.68612	459.33318	463.77356	460.94694	467.52814	465.08223	459.94846	457.85321	472.55411	481.19312	481.19312	2016
6	6.6	6.6.1	EN_WBE_PMNR	Water body extent (permanent) (square kilometres)	2019.Q3.G.01	246	Finland	154	Northern Europe	Country	FIN	1	23.308447	61.91586738		KM2	Square kilometers			G	Global			Global Surface Water Explorer extraction for UN Environment		E: Estimated data	29048.98622	29108.13161	29221.09685	29264.73672	29582.98159	29542.47371	29458.50614	29418.41945	29372.18725	29912.60323	29990.32436	30101.75233	30101.75233	2016
6	6.6	6.6.1	EN_WBE_PMNR	Water body extent (permanent) (square kilometres)	2019.Q3.G.01	248	Åland Islands	154	Northern Europe	Country	ALA	0	19.80945969	60.1544901																										
6	6.6	6.6.1	EN_WBE_PMNR	Water body extent (permanent) (square kilometres)	2019.Q3.G.01	250	France	155	Western Europe	Country	FRA	1	2.457288129	46.62660861		KM2	Square kilometers			G	Global			Global Surface Water Explorer extraction for UN Environment		E: Estimated data	3588.51884	3588.51488	3600.29767	3605.365	3611.57124	3608.20389	3629.83631	3616.86269	3603.32811	3633.70866	3666.20166	3677.11678	3677.11678	2016
6	6.6	6.6.1	EN_WBE_PMNR	Water body extent (permanent) (square kilometres)	2019.Q3.G.01	254	French Guiana	005	South America	Country	GUF	0	-53.23619089	3.922673437		KM2	Square kilometers			G	Global			Global Surface Water Explorer extraction for UN Environment		E: Estimated data	471.52449	465.46336	455.97387	455.65889	463.89015	467.09953	470.89936	474.11999	470.59538	471.84551	488.60412	494.88731	494.88731	2016
6	6.6	6.6.1	EN_WBE_PMNR	Water body extent (permanent) (square kilometres)	2019.Q3.G.01	258	French Polynesia	061	Polynesia	Country	PYF	0	-149.4052367	-17.67709294		KM2	Square kilometers			G	Global			Global Surface Water Explorer extraction for UN Environment		E: Estimated data	27.74147	20.68554	16.54562	13.45644	12.84597	37.39911	78.55831	77.26646	78.50994	120.55591	145.35981	154.23487	154.23487	2016
6	6.6	6.6.1	EN_WBE_PMNR	Water body extent (permanent) (square kilometres)	2019.Q3.G.01	260	French Southern Territories	014	Eastern Africa	Country	ATF	0	69.64849091	-49.6068576																										
6	6.6	6.6.1	EN_WBE_PMNR	Water body extent (permanent) (square kilometres)	2019.Q3.G.01	262	Djibouti	014	Eastern Africa	Country	DJI	1	42.18274707	11.56004161		KM2	Square kilometers			G	Global			Global Surface Water Explorer extraction for UN Environment		E: Estimated data	159.29257	158.74557	157.23833	155.8935	154.73325	152.41324	150.4393	151.81811	152.52904	151.6707	152.19322	151.30614	151.30614	2016
6	6.6	6.6.1	EN_WBE_PMNR	Water body extent (permanent) (square kilometres)	2019.Q3.G.01	266	Gabon	017	Middle Africa	Country	GAB	1	11.78727747	-0.60687619		KM2	Square kilometers			G	Global			Global Surface Water Explorer extraction for UN Environment		E: Estimated data	1859.84346	1842.39054	1837.0708	1808.99734	1782.95361	1862.34892	1833.32466	1829.23384	1802.81887	1836.26806	1907.59298	1978.90387	1978.90387	2016
6	6.6	6.6.1	EN_WBE_PMNR	Water body extent (permanent) (square kilometres)	2019.Q3.G.01	268	Georgia	145	Western Asia	Country	GEO	1	43.3713615	42.04813028		KM2	Square kilometers			G	Global			Global Surface Water Explorer extraction for UN Environment		E: Estimated data	303.46675	307.81647	309.39423	309.30387	307.63524	308.06119	305.72998	308.16163	306.55671	309.36617	308.64025	308.18612	308.18612	2016
6	6.6	6.6.1	EN_WBE_PMNR	Water body extent (permanent) (square kilometres)	2019.Q3.G.01	270	Gambia	011	Western Africa	Country	GMB	1	-15.39944785	13.45295927		KM2	Square kilometers			G	Global			Global Surface Water Explorer extraction for UN Environment		E: Estimated data	735.51307	741.99566	741.31282	743.43262	742.14963	742.19014	740.77299	740.32741	741.35875	743.43907	745.48741	742.35388	742.35388	2016
6	6.6	6.6.1	EN_WBE_PMNR	Water body extent (permanent) (square kilometres)	2019.Q3.G.01	275	State of Palestine	145	Western Asia	Country	PSE	0	35.25694122	31.94347933																										
6	6.6	6.6.1	EN_WBE_PMNR	Water body extent (permanent) (square kilometres)	2019.Q3.G.01	276	Germany	155	Western Europe	Country	DEU	1	10.3806066	51.08862743		KM2	Square kilometers			G	Global			Global Surface Water Explorer extraction for UN Environment		E: Estimated data	3655.86174	3683.0313	3727.40529	3742.08702	3708.05341	3710.70046	3719.58102	3730.05417	3737.78681	3803.25567	3819.69564	3827.76507	3827.76507	2016
6	6.6	6.6.1	EN_WBE_PMNR	Water body extent (permanent) (square kilometres)	2019.Q3.G.01	288	Ghana	011	Western Africa	Country	GHA	1	-1.205623522	7.964825185		KM2	Square kilometers			G	Global			Global Surface Water Explorer extraction for UN Environment		E: Estimated data	5595.78777	5559.42912	5486.37706	5472.96546	5600.11874	5677.24547	5750.42019	5913.06907	6091.69169	6186.4066	6165.38147	6059.27042	6059.27042	2016
6	6.6	6.6.1	EN_WBE_PMNR	Water body extent (permanent) (square kilometres)	2019.Q3.G.01	292	Gibraltar	039	Southern Europe	Country	GIB	0	-5.347561686	36.13895036		KM2	Square kilometers			G	Global			Global Surface Water Explorer extraction for UN Environment		E: Estimated data	0.25317	0.25358	0.25468	0.25315	0.25349	0.25401	0.25277	0.25216	0.25096	0.24547	0.2451	0.24407	0.24407	2016
6	6.6	6.6.1	EN_WBE_PMNR	Water body extent (permanent) (square kilometres)	2019.Q3.G.01	296	Kiribati	057	Micronesia	Country	KIR	1	-157.5643005	1.768837732		KM2	Square kilometers			G	Global			Global Surface Water Explorer extraction for UN Environment		E: Estimated data	132.61353	133.37827	132.74111	132.01175	129.95003	129.27848	129.39155	129.08768	129.13351	131.07855	133.2564	135.33711	135.33711	2016
6	6.6	6.6.1	EN_WBE_PMNR	Water body extent (permanent) (square kilometres)	2019.Q3.G.01	300	Greece	039	Southern Europe	Country	GRC	1	22.58307827	39.47301873		KM2	Square kilometers			G	Global			Global Surface Water Explorer extraction for UN Environment		E: Estimated data	2818.94842	2819.95668	2835.59822	2840.6223	2830.05963	2827.25818	2831.80437	2838.13192	2851.4141	2876.14308	2888.46264	2903.24109	2903.24109	2016
6	6.6	6.6.1	EN_WBE_PMNR	Water body extent (permanent) (square kilometres)	2019.Q3.G.01	304	Greenland	021	Northern America	Country	GRL	0	-41.39371316	74.75625681		KM2	Square kilometers			G	Global			Global Surface Water Explorer extraction for UN Environment		E: Estimated data	33328.95584	33248.41783	33581.05968	33924.50927	35059.82138	35392.49684	35834.83691	35971.1476	36111.35363	36168.49315	36272.24575	36344.5239	36344.5239	2016
6	6.6	6.6.1	EN_WBE_PMNR	Water body extent (permanent) (square kilometres)	2019.Q3.G.01	308	Grenada	029	Caribbean	Country	GRD	1	-61.68248568	12.11238395		KM2	Square kilometers			G	Global			Global Surface Water Explorer extraction for UN Environment		E: Estimated data	1.26619	1.25291	1.31479	1.33698	1.36666	1.38504	1.41991	1.42277	1.44173	1.39091	1.38224	1.3261	1.3261	2016
6	6.6	6.6.1	EN_WBE_PMNR	Water body extent (permanent) (square kilometres)	2019.Q3.G.01	312	Guadeloupe	029	Caribbean	Country	GLP	0	-61.64762115	16.14416917		KM2	Square kilometers			G	Global			Global Surface Water Explorer extraction for UN Environment		E: Estimated data	2.99186	2.98045	2.97611	2.97595	2.94159	2.94526	2.9716	2.977	2.95148	2.89665	2.81876	2.74289	2.74289	2016
6	6.6	6.6.1	EN_WBE_PMNR	Water body extent (permanent) (square kilometres)	2019.Q3.G.01	316	Guam	057	Micronesia	Country	GUM	0	144.7029305	13.35485404		KM2	Square kilometers			G	Global			Global Surface Water Explorer extraction for UN Environment		E: Estimated data	1.17918	1.2296	1.16383	1.07847	1.25636	1.24756	1.22726	1.0418	1.08258	1.10733	1.12068	1.1955	1.1955	2016
6	6.6	6.6.1	EN_WBE_PMNR	Water body extent (permanent) (square kilometres)	2019.Q3.G.01	320	Guatemala	013	Central America	Country	GTM	1	-91.2312746	15.00273719		KM2	Square kilometers			G	Global			Global Surface Water Explorer extraction for UN Environment		E: Estimated data	1154.97608	1148.44602	1143.24858	1140.43374	1148.32846	1147.65176	1152.87341	1154.39086	1157.90114	1150.89625	1154.92894	1153.55206	1153.55206	2016
6	6.6	6.6.1	EN_WBE_PMNR	Water body extent (permanent) (square kilometres)	2019.Q3.G.01	324	Guinea	011	Western Africa	Country	GIN	1	-11.28173419	11.00210343		KM2	Square kilometers			G	Global			Global Surface Water Explorer extraction for UN Environment		E: Estimated data	139.72923	147.15901	146.45177	154.33846	162.86524	164.11063	159.07159	159.91609	162.63776	166.42762	167.98665	168.9588	168.9588	2016
6	6.6	6.6.1	EN_WBE_PMNR	Water body extent (permanent) (square kilometres)	2019.Q3.G.01	328	Guyana	005	South America	Country	GUY	1	-58.97322037	4.788012784		KM2	Square kilometers			G	Global			Global Surface Water Explorer extraction for UN Environment		E: Estimated data	1367.88874	1367.99002	1372.3468	1367.0445	1375.7539	1382.0468	1380.88831	1379.75488	1383.28344	1380.30691	1386.47442	1389.48485	1389.48485	2016
6	6.6	6.6.1	EN_WBE_PMNR	Water body extent (permanent) (square kilometres)	2019.Q3.G.01	332	Haiti	029	Caribbean	Country	HTI	1	-72.33640958	18.40426539		KM2	Square kilometers			G	Global			Global Surface Water Explorer extraction for UN Environment		E: Estimated data	181.77263	182.67851	183.42161	187.64816	191.98	195.84831	200.12996	205.20257	206.90091	209.09876	212.56871	212.19008	212.19008	2016
6	6.6	6.6.1	EN_WBE_PMNR	Water body extent (permanent) (square kilometres)	2019.Q3.G.01	334	Heard Island and McDonald Islands	053	Australia and New Zealand	Country	HMD	0	73.52633626	-53.09106147																										
6	6.6	6.6.1	EN_WBE_PMNR	Water body extent (permanent) (square kilometres)	2019.Q3.G.01	336	Holy See	039	Southern Europe	Country	VAT	0	12.45315803	41.90343751		KM2	Square kilometers			G	Global			Global Surface Water Explorer extraction for UN Environment		E: Estimated data	0.0	0.0	0.0	0.0	0.0	0.0	0.0	0.0	0.0	0.0	0.0	0.0	0.0	2016
6	6.6	6.6.1	EN_WBE_PMNR	Water body extent (permanent) (square kilometres)	2019.Q3.G.01	340	Honduras	013	Central America	Country	HND	1	-86.59974381	14.82243161		KM2	Square kilometers			G	Global			Global Surface Water Explorer extraction for UN Environment		E: Estimated data	834.4302	835.1088	839.75681	834.07649	838.68271	839.65971	836.6381	831.61125	835.44738	829.11441	831.16599	835.18908	835.18908	2016
6	6.6	6.6.1	EN_WBE_PMNR	Water body extent (permanent) (square kilometres)	2019.Q3.G.01	344	China, Hong Kong Special Administrative Region	030	Eastern Asia	Country	HKG	0	114.0266445	22.41749934		KM2	Square kilometers			G	Global			Global Surface Water Explorer extraction for UN Environment		E: Estimated data	118.60427	117.93506	117.55521	117.40186	117.10642	117.11726	117.46003	117.63638	117.40172	117.44449	117.11462	115.92513	115.92513	2016
6	6.6	6.6.1	EN_WBE_PMNR	Water body extent (permanent) (square kilometres)	2019.Q3.G.01	348	Hungary	151	Eastern Europe	Country	HUN	1	19.41221519	47.1651448		KM2	Square kilometers			G	Global			Global Surface Water Explorer extraction for UN Environment		E: Estimated data	1111.2449	1113.34808	1117.54862	1121.29307	1128.45904	1129.13636	1133.8765	1133.10113	1132.79084	1137.8802	1143.63428	1144.90613	1144.90613	2016
6	6.6	6.6.1	EN_WBE_PMNR	Water body extent (permanent) (square kilometres)	2019.Q3.G.01	352	Iceland	154	Northern Europe	Country	ISL	1	-19.02116966	64.79134763		KM2	Square kilometers			G	Global			Global Surface Water Explorer extraction for UN Environment		E: Estimated data	2578.23219	2543.15772	2549.34084	2508.76518	2523.90207	2547.22322	2552.7534	2536.25899	2581.24502	2598.21417	2614.25265	2634.49575	2634.49575	2016
6	6.6	6.6.1	EN_WBE_PMNR	Water body extent (permanent) (square kilometres)	2019.Q3.G.01	356	India	034	Southern Asia	Country	IND	1	79.3608464	22.34642074		KM2	Square kilometers			G	Global			Global Surface Water Explorer extraction for UN Environment		E: Estimated data	14600.23884	14758.97811	15027.91956	15501.45465	15917.60982	16147.93985	16183.57167	16250.80411	16168.77921	16165.41195	16488.10038	16662.55928	16662.55928	2016
6	6.6	6.6.1	EN_WBE_PMNR	Water body extent (permanent) (square kilometres)	2019.Q3.G.01	360	Indonesia	035	South-Eastern Asia	Country	IDN	1	113.9174	-0.994582204		KM2	Square kilometers			G	Global			Global Surface Water Explorer extraction for UN Environment		E: Estimated data	30378.54136	30432.74999	30353.1617	30556.4098	30561.28023	30673.33194	30706.23613	30783.22851	30728.54843	30755.14061	30697.83607	30480.41529	30480.41529	2016
6	6.6	6.6.1	EN_WBE_PMNR	Water body extent (permanent) (square kilometres)	2019.Q3.G.01	364	Iran (Islamic Republic of)	034	Southern Asia	Country	IRN	1	54.19766348	32.74370885		KM2	Square kilometers			G	Global			Global Surface Water Explorer extraction for UN Environment		E: Estimated data	59143.38772	59129.16532	59290.51474	59300.35652	59255.89669	58850.5962	58472.65371	58104.15096	57661.21752	57587.04718	57522.7064	57310.20871	57310.20871	2016
6	6.6	6.6.1	EN_WBE_PMNR	Water body extent (permanent) (square kilometres)	2019.Q3.G.01	368	Iraq	145	Western Asia	Country	IRQ	1	43.76606267	33.05013795		KM2	Square kilometers			G	Global			Global Surface Water Explorer extraction for UN Environment		E: Estimated data	4742.91338	4941.55988	5136.35771	5314.47423	5197.78419	4869.3699	4589.96703	4354.51844	4096.77782	4118.32392	4271.81539	4210.85858	4210.85858	2016
6	6.6	6.6.1	EN_WBE_PMNR	Water body extent (permanent) (square kilometres)	2019.Q3.G.01	372	Ireland	154	Northern Europe	Country	IRL	1	-7.121425272	53.25274054		KM2	Square kilometers			G	Global			Global Surface Water Explorer extraction for UN Environment		E: Estimated data	1387.6101	1293.94019	1242.50062	1168.37595	1093.32096	1194.15672	1217.30605	1175.34714	1230.69549	1305.18963	1326.80027	1407.80012	1407.80012	2016
6	6.6	6.6.1	EN_WBE_PMNR	Water body extent (permanent) (square kilometres)	2019.Q3.G.01	376	Israel	145	Western Asia	Country	ISR	1	34.62277992	31.06164552		KM2	Square kilometers			G	Global			Global Surface Water Explorer extraction for UN Environment		E: Estimated data	461.7545	460.97209	462.82493	463.63287	462.34983	460.0064	460.31908	458.36831	456.86212	457.18111	458.0864	457.45955	457.45955	2016
6	6.6	6.6.1	EN_WBE_PMNR	Water body extent (permanent) (square kilometres)	2019.Q3.G.01	380	Italy	039	Southern Europe	Country	ITA	1	12.57022427	42.79917282		KM2	Square kilometers			G	Global			Global Surface Water Explorer extraction for UN Environment		E: Estimated data	3522.3229	3546.19874	3561.38512	3574.72327	3583.44237	3596.86932	3603.15036	3610.04556	3605.13798	3621.44461	3628.3689	3626.29861	3626.29861	2016
6	6.6	6.6.1	EN_WBE_PMNR	Water body extent (permanent) (square kilometres)	2019.Q3.G.01	384	Côte d'Ivoire	011	Western Africa	Country	CIV	1	-5.552690016	7.62211586		KM2	Square kilometers			G	Global			Global Surface Water Explorer extraction for UN Environment		E: Estimated data	1820.20433	1813.20648	1816.13621	1804.68076	1794.85613	1813.89205	1823.12186	1818.08341	1814.23373	1810.05325	1816.06393	1785.5831	1785.5831	2016
6	6.6	6.6.1	EN_WBE_PMNR	Water body extent (permanent) (square kilometres)	2019.Q3.G.01	388	Jamaica	029	Caribbean	Country	JAM	1	-77.31068409	18.15616857		KM2	Square kilometers			G	Global			Global Surface Water Explorer extraction for UN Environment		E: Estimated data	20.89989	21.07508	21.03588	20.68914	20.75941	20.71816	20.50443	20.29419	20.42948	19.73081	19.8271	19.83177	19.83177	2016
6	6.6	6.6.1	EN_WBE_PMNR	Water body extent (permanent) (square kilometres)	2019.Q3.G.01	392	Japan	030	Eastern Asia	Country	JPN	1	139.2716103	36.6554539		KM2	Square kilometers			G	Global			Global Surface Water Explorer extraction for UN Environment		E: Estimated data	7897.50578	7892.42868	7915.17747	7929.77664	7900.13742	7902.89523	7902.42625	7892.02319	7885.28815	7898.47249	7894.50229	7875.09614	7875.09614	2016
6	6.6	6.6.1	EN_WBE_PMNR	Water body extent (permanent) (square kilometres)	2019.Q3.G.01	398	Kazakhstan	143	Central Asia	Country	KAZ	1	66.65359159	48.01963494		KM2	Square kilometers			G	Global			Global Surface Water Explorer extraction for UN Environment		E: Estimated data	163851.5735	163592.8085	163293.6692	163252.1375	162183.2303	160633.5847	158980.3715	157267.5975	154984.9413	154364.5726	153709.5887	154157.1655	154157.1655	2016
6	6.6	6.6.1	EN_WBE_PMNR	Water body extent (permanent) (square kilometres)	2019.Q3.G.01	400	Jordan	145	Western Asia	Country	JOR	1	37.13024774	30.65365973		KM2	Square kilometers			G	Global			Global Surface Water Explorer extraction for UN Environment		E: Estimated data	449.5957	446.51154	446.79296	448.88656	450.08399	450.82515	452.6245	451.74331	449.35773	448.12245	447.7887	446.72378	446.72378	2016
6	6.6	6.6.1	EN_WBE_PMNR	Water body extent (permanent) (square kilometres)	2019.Q3.G.01	404	Kenya	014	Eastern Africa	Country	KEN	1	37.86096816	0.534797278		KM2	Square kilometers			G	Global			Global Surface Water Explorer extraction for UN Environment		E: Estimated data	11488.88855	11470.34967	11452.2671	11417.89139	11434.97182	11413.94787	11417.4118	11427.38233	11450.37364	11463.81177	11535.16644	11584.36783	11584.36783	2016
6	6.6	6.6.1	EN_WBE_PMNR	Water body extent (permanent) (square kilometres)	2019.Q3.G.01	408	Democratic People's Republic of Korea	030	Eastern Asia	Country	PRK	1	127.1803633	40.1462645		KM2	Square kilometers			G	Global			Global Surface Water Explorer extraction for UN Environment		E: Estimated data	1539.55071	1581.26004	1630.24736	1662.26678	1671.03562	1678.86807	1693.0979	1702.07522	1712.13837	1724.55598	1707.73136	1671.57996	1671.57996	2016
6	6.6	6.6.1	EN_WBE_PMNR	Water body extent (permanent) (square kilometres)	2019.Q3.G.01	410	Republic of Korea	030	Eastern Asia	Country	KOR	1	127.8610254	36.45201023		KM2	Square kilometers			G	Global			Global Surface Water Explorer extraction for UN Environment		E: Estimated data	1805.39472	1802.39731	1820.19114	1824.21099	1808.677	1791.80494	1800.13395	1805.88323	1805.91972	1806.55157	1820.05819	1814.39734	1814.39734	2016
6	6.6	6.6.1	EN_WBE_PMNR	Water body extent (permanent) (square kilometres)	2019.Q3.G.01	414	Kuwait	145	Western Asia	Country	KWT	1	47.49305029	29.53949468		KM2	Square kilometers			G	Global			Global Surface Water Explorer extraction for UN Environment		E: Estimated data	74.47643	74.20853	75.06448	73.64163	74.07147	74.10095	73.6	73.76695	75.53335	78.73315	81.49901	84.47856	84.47856	2016
6	6.6	6.6.1	EN_WBE_PMNR	Water body extent (permanent) (square kilometres)	2019.Q3.G.01	417	Kyrgyzstan	143	Central Asia	Country	KGZ	1	74.52324839	41.46204516		KM2	Square kilometers			G	Global			Global Surface Water Explorer extraction for UN Environment		E: Estimated data	7262.76507	7273.78718	7281.99547	7280.51461	7269.94084	7261.07845	7261.01987	7262.53924	7267.58688	7275.57545	7263.58861	7245.83687	7245.83687	2016
6	6.6	6.6.1	EN_WBE_PMNR	Water body extent (permanent) (square kilometres)	2019.Q3.G.01	418	Lao People's Democratic Republic	035	South-Eastern Asia	Country	LAO	1	101.9901968	20.27482773		KM2	Square kilometers			G	Global			Global Surface Water Explorer extraction for UN Environment		E: Estimated data	1320.76097	1310.99254	1305.76545	1303.35442	1311.59045	1367.9412	1407.7574	1480.13969	1550.46984	1605.35963	1632.0355	1656.35394	1656.35394	2016
6	6.6	6.6.1	EN_WBE_PMNR	Water body extent (permanent) (square kilometres)	2019.Q3.G.01	422	Lebanon	145	Western Asia	Country	LBN	1	35.89391711	33.92152458		KM2	Square kilometers			G	Global			Global Surface Water Explorer extraction for UN Environment		E: Estimated data	18.19832	18.15441	18.32512	18.27876	18.00967	17.99939	17.99118	18.0146	18.00512	18.05382	17.5748	17.52955	17.52955	2016
6	6.6	6.6.1	EN_WBE_PMNR	Water body extent (permanent) (square kilometres)	2019.Q3.G.01	426	Lesotho	018	Southern Africa	Country	LSO	1	28.25362195	-29.58041814		KM2	Square kilometers			G	Global			Global Surface Water Explorer extraction for UN Environment		E: Estimated data	44.61576	44.19129	46.07013	47.62263	49.49889	51.46361	53.633	53.42444	52.89863	52.06459	50.74638	49.39767	49.39767	2016
6	6.6	6.6.1	EN_WBE_PMNR	Water body extent (permanent) (square kilometres)	2019.Q3.G.01	428	Latvia	154	Northern Europe	Country	LVA	1	26.42461876	56.64196636		KM2	Square kilometers			G	Global			Global Surface Water Explorer extraction for UN Environment		E: Estimated data	962.0655	962.1122	966.31688	966.6713	965.58464	962.45791	959.61509	955.16768	958.64042	958.15366	960.60746	964.36353	964.36353	2016
6	6.6	6.6.1	EN_WBE_PMNR	Water body extent (permanent) (square kilometres)	2019.Q3.G.01	430	Liberia	011	Western Africa	Country	LBR	1	-9.311879038	6.448381009		KM2	Square kilometers			G	Global			Global Surface Water Explorer extraction for UN Environment		E: Estimated data	189.22352	186.81643	186.46897	185.25087	185.96853	191.87477	194.37915	194.24479	195.99702	197.1469	197.44236	196.51248	196.51248	2016
6	6.6	6.6.1	EN_WBE_PMNR	Water body extent (permanent) (square kilometres)	2019.Q3.G.01	434	Libya	015	Northern Africa	Country	LBY	1	18.0295985	27.04042819		KM2	Square kilometers			G	Global			Global Surface Water Explorer extraction for UN Environment		E: Estimated data	59.161	60.38671	61.4736	62.44895	63.5259	64.54366	64.52074	64.2729	63.9276	62.08501	60.48809	59.63599	59.63599	2016
6	6.6	6.6.1	EN_WBE_PMNR	Water body extent (permanent) (square kilometres)	2019.Q3.G.01	438	Liechtenstein	155	Western Europe	Country	LIE	1	9.552985019	47.14167005		KM2	Square kilometers			G	Global			Global Surface Water Explorer extraction for UN Environment		E: Estimated data	0.54548	0.53055	0.51951	0.49631	0.50581	0.49918	0.51067	0.50822	0.54554	0.5493	0.55393	0.54367	0.54367	2016
6	6.6	6.6.1	EN_WBE_PMNR	Water body extent (permanent) (square kilometres)	2019.Q3.G.01	440	Lithuania	154	Northern Europe	Country	LTU	1	23.90517807	55.33680309		KM2	Square kilometers			G	Global			Global Surface Water Explorer extraction for UN Environment		E: Estimated data	916.68684	916.04024	922.80134	922.70024	918.83824	916.55184	913.4017	906.98245	906.31016	908.9715	911.33511	916.73002	916.73002	2016
6	6.6	6.6.1	EN_WBE_PMNR	Water body extent (permanent) (square kilometres)	2019.Q3.G.01	442	Luxembourg	155	Western Europe	Country	LUX	1	6.092656563	49.77679538		KM2	Square kilometers			G	Global			Global Surface Water Explorer extraction for UN Environment		E: Estimated data	5.29806	5.28166	5.48252	5.47991	5.43248	5.30635	5.31446	5.21627	5.20771	5.25617	5.34527	5.30986	5.30986	2016
6	6.6	6.6.1	EN_WBE_PMNR	Water body extent (permanent) (square kilometres)	2019.Q3.G.01	446	China, Macao Special Administrative Region	030	Eastern Asia	Country	MAC	0	113.5665388	22.1237259																										
6	6.6	6.6.1	EN_WBE_PMNR	Water body extent (permanent) (square kilometres)	2019.Q3.G.01	450	Madagascar	014	Eastern Africa	Country	MDG	1	46.6982339	-19.38514785		KM2	Square kilometers			G	Global			Global Surface Water Explorer extraction for UN Environment		E: Estimated data	2653.32945	2661.40562	2672.93556	2691.68327	2674.12077	2673.02532	2656.10547	2615.42803	2569.74132	2543.00111	2518.60126	2542.19248	2542.19248	2016
6	6.6	6.6.1	EN_WBE_PMNR	Water body extent (permanent) (square kilometres)	2019.Q3.G.01	454	Malawi	014	Eastern Africa	Country	MWI	1	33.4884625	-13.40819859		KM2	Square kilometers			G	Global			Global Surface Water Explorer extraction for UN Environment		E: Estimated data	24001.99396	24007.68451	24005.11335	24004.99589	24000.99658	23999.90505	24015.99391	23998.90169	23867.07837	23831.28402	23755.42044	23757.17232	23757.17232	2016
6	6.6	6.6.1	EN_WBE_PMNR	Water body extent (permanent) (square kilometres)	2019.Q3.G.01	458	Malaysia	035	South-Eastern Asia	Country	MYS	1	116.8346314	5.452415309		KM2	Square kilometers			G	Global			Global Surface Water Explorer extraction for UN Environment		E: Estimated data	3544.36719	3524.41208	3518.96274	3559.59307	3575.5097	3596.14589	3616.8102	3682.95688	3736.05687	3786.80989	3852.02368	3897.23783	3897.23783	2016
6	6.6	6.6.1	EN_WBE_PMNR	Water body extent (permanent) (square kilometres)	2019.Q3.G.01	462	Maldives	034	Southern Asia	Country	MDV	1	73.09672546	-0.614385021		KM2	Square kilometers			G	Global			Global Surface Water Explorer extraction for UN Environment		E: Estimated data	16.99861	16.82546	16.74297	16.50089	16.08919	15.99567	15.60187	15.57937	15.70013	15.91566	16.05615	16.49769	16.49769	2016
6	6.6	6.6.1	EN_WBE_PMNR	Water body extent (permanent) (square kilometres)	2019.Q3.G.01	466	Mali	011	Western Africa	Country	MLI	1	-3.522016039	17.35311254		KM2	Square kilometers			G	Global			Global Surface Water Explorer extraction for UN Environment		E: Estimated data	1533.47103	1530.62921	1529.99356	1525.23674	1523.64711	1512.47795	1504.03174	1509.43424	1521.02927	1515.51355	1516.09651	1493.25601	1493.25601	2016
6	6.6	6.6.1	EN_WBE_PMNR	Water body extent (permanent) (square kilometres)	2019.Q3.G.01	470	Malta	039	Southern Europe	Country	MLT	1	14.44617519	35.89194275		KM2	Square kilometers			G	Global			Global Surface Water Explorer extraction for UN Environment		E: Estimated data	2.3078	2.20534	2.12959	1.95129	1.70745	1.48564	1.75126	1.81378	1.94657	2.28658	2.65829	2.79176	2.79176	2016
6	6.6	6.6.1	EN_WBE_PMNR	Water body extent (permanent) (square kilometres)	2019.Q3.G.01	474	Martinique	029	Caribbean	Country	MTQ	0	-60.91544135	14.56086108		KM2	Square kilometers			G	Global			Global Surface Water Explorer extraction for UN Environment		E: Estimated data	1.50995	1.49745	1.48025	1.47515	1.47854	1.466	1.44025	1.4379	1.43531	1.39861	1.4033	1.42816	1.42816	2016
6	6.6	6.6.1	EN_WBE_PMNR	Water body extent (permanent) (square kilometres)	2019.Q3.G.01	478	Mauritania	011	Western Africa	Country	MRT	1	-10.33187259	20.26089546		KM2	Square kilometers			G	Global			Global Surface Water Explorer extraction for UN Environment		E: Estimated data	166.46776	165.6787	163.48284	161.92291	160.71146	159.04309	157.00441	155.093	154.03671	153.97827	152.91511	152.74718	152.74718	2016
6	6.6	6.6.1	EN_WBE_PMNR	Water body extent (permanent) (square kilometres)	2019.Q3.G.01	480	Mauritius	014	Eastern Africa	Country	MUS	1	57.568022	-20.28581998		KM2	Square kilometers			G	Global			Global Surface Water Explorer extraction for UN Environment		E: Estimated data	16.32919	16.86486	17.44372	17.77147	17.9089	18.04242	17.62832	17.41454	17.29419	17.35947	16.60103	16.08391	16.08391	2016
6	6.6	6.6.1	EN_WBE_PMNR	Water body extent (permanent) (square kilometres)	2019.Q3.G.01	484	Mexico	013	Central America	Country	MEX	1	-102.5148166	23.93378032		KM2	Square kilometers			G	Global			Global Surface Water Explorer extraction for UN Environment		E: Estimated data	9131.26509	9352.50002	9626.76196	9952.17452	10250.49221	10377.26013	10485.22853	10577.7199	10481.03116	10252.55345	10303.15339	10343.76945	10343.76945	2016
6	6.6	6.6.1	EN_WBE_PMNR	Water body extent (permanent) (square kilometres)	2019.Q3.G.01	492	Monaco	155	Western Europe	Country	MCO	1	7.424214814	43.73532918		KM2	Square kilometers			G	Global			Global Surface Water Explorer extraction for UN Environment		E: Estimated data	0.0	0.0	0.0	0.0	0.0	0.0	0.0	0.0	0.0	0.0	0.0	0.0	0.0	2016
6	6.6	6.6.1	EN_WBE_PMNR	Water body extent (permanent) (square kilometres)	2019.Q3.G.01	496	Mongolia	030	Eastern Asia	Country	MNG	1	103.0728057	46.83892054		KM2	Square kilometers			G	Global			Global Surface Water Explorer extraction for UN Environment		E: Estimated data	14336.19853	14255.0206	14200.95174	14140.17127	14055.8084	13992.03311	13943.64907	13912.93603	13929.89785	13960.59204	14006.06582	14016.63372	14016.63372	2016
6	6.6	6.6.1	EN_WBE_PMNR	Water body extent (permanent) (square kilometres)	2019.Q3.G.01	498	Republic of Moldova	151	Eastern Europe	Country	MDA	1	28.4650624	47.20236795		KM2	Square kilometers			G	Global			Global Surface Water Explorer extraction for UN Environment		E: Estimated data	290.02455	293.9547	297.05674	296.32807	297.65856	297.08747	296.90934	295.64158	292.30758	292.26357	294.49522	290.05074	290.05074	2016
6	6.6	6.6.1	EN_WBE_PMNR	Water body extent (permanent) (square kilometres)	2019.Q3.G.01	499	Montenegro	039	Southern Europe	Country	MNE	1	19.25214024	42.78717043		KM2	Square kilometers			G	Global			Global Surface Water Explorer extraction for UN Environment		E: Estimated data	264.3258	265.53059	264.98825	264.51715	264.30966	263.70512	263.2124	262.79765	262.34188	262.59146	262.85675	262.51833	262.51833	2016
6	6.6	6.6.1	EN_WBE_PMNR	Water body extent (permanent) (square kilometres)	2019.Q3.G.01	500	Montserrat	029	Caribbean	Country	MSR	0	-62.19261223	16.73558313		KM2	Square kilometers			G	Global			Global Surface Water Explorer extraction for UN Environment		E: Estimated data	0.79748	0.77944	0.75781	0.76364	0.76418	0.75697	0.78105	0.79868	0.78992	0.7218	0.64734	0.57704	0.57704	2016
6	6.6	6.6.1	EN_WBE_PMNR	Water body extent (permanent) (square kilometres)	2019.Q3.G.01	504	Morocco	015	Northern Africa	Country	MAR	1	-6.281942841	31.8440131		KM2	Square kilometers			G	Global			Global Surface Water Explorer extraction for UN Environment		E: Estimated data	486.69403	504.20427	519.92951	526.54668	522.71855	544.69425	577.91684	599.9705	618.91454	649.45165	631.51534	630.85755	630.85755	2016
6	6.6	6.6.1	EN_WBE_PMNR	Water body extent (permanent) (square kilometres)	2019.Q3.G.01	508	Mozambique	014	Eastern Africa	Country	MOZ	1	38.18479941	-14.27963886		KM2	Square kilometers			G	Global			Global Surface Water Explorer extraction for UN Environment		E: Estimated data	11610.16022	11543.62869	11553.02298	11577.82228	11607.55726	11578.44906	11592.41925	11594.73152	11572.57259	11582.89081	11602.18704	11619.8282	11619.8282	2016
6	6.6	6.6.1	EN_WBE_PMNR	Water body extent (permanent) (square kilometres)	2019.Q3.G.01	512	Oman	145	Western Asia	Country	OMN	1	57.87743482	21.98805614		KM2	Square kilometers			G	Global			Global Surface Water Explorer extraction for UN Environment		E: Estimated data	241.33722	246.25892	247.32372	255.2555	252.91567	253.89112	250.02114	248.59593	242.14041	240.97522	235.56636	235.64621	235.64621	2016
6	6.6	6.6.1	EN_WBE_PMNR	Water body extent (permanent) (square kilometres)	2019.Q3.G.01	516	Namibia	018	Southern Africa	Country	NAM	1	17.21907885	-22.13817068		KM2	Square kilometers			G	Global			Global Surface Water Explorer extraction for UN Environment		E: Estimated data	213.83508	213.06489	217.46506	219.10118	226.27717	233.17036	249.26619	265.89957	285.05708	290.27832	297.103	288.6785	288.6785	2016
6	6.6	6.6.1	EN_WBE_PMNR	Water body extent (permanent) (square kilometres)	2019.Q3.G.01	520	Nauru	057	Micronesia	Country	NRU	1	166.92313	-0.528742623		KM2	Square kilometers			G	Global			Global Surface Water Explorer extraction for UN Environment		E: Estimated data	0.0	0.0	0.0	0.0	0.0	0.0	0.0	0.0	0.0	0.0	0.0	0.0	0.0	2016
6	6.6	6.6.1	EN_WBE_PMNR	Water body extent (permanent) (square kilometres)	2019.Q3.G.01	524	Nepal	034	Southern Asia	Country	NPL	1	83.94678863	28.25866332		KM2	Square kilometers			G	Global			Global Surface Water Explorer extraction for UN Environment		E: Estimated data	205.64726	204.66187	203.56436	203.74191	202.34103	201.75283	199.81168	199.65029	197.03347	198.5432	201.00663	201.64053	201.64053	2016
6	6.6	6.6.1	EN_WBE_PMNR	Water body extent (permanent) (square kilometres)	2019.Q3.G.01	528	Netherlands	155	Western Europe	Country	NLD	1	5.331480568	51.86728884		KM2	Square kilometers			G	Global			Global Surface Water Explorer extraction for UN Environment		E: Estimated data	996.6951	993.97584	1005.22386	1005.16965	985.4684	983.02808	990.67207	993.21658	995.27605	1028.43057	1034.81504	1037.78764	1037.78764	2016
6	6.6	6.6.1	EN_WBE_PMNR	Water body extent (permanent) (square kilometres)	2019.Q3.G.01	530	Netherlands Antilles	029	Caribbean	Country	ANT	0	-68.30676179	12.22720635		KM2	Square kilometers			G	Global			Global Surface Water Explorer extraction for UN Environment		E: Estimated data	41.55279	41.26398	41.73352	41.89103	41.73359	41.24118	41.67625	41.37737	41.69262	41.73875	42.10349	42.13115	42.13115	2016
6	6.6	6.6.1	EN_WBE_PMNR	Water body extent (permanent) (square kilometres)	2019.Q3.G.01	531	Curaçao	029	Caribbean	Country	CUW	0	-68.95033464	12.15058042																										
6	6.6	6.6.1	EN_WBE_PMNR	Water body extent (permanent) (square kilometres)	2019.Q3.G.01	533	Aruba	029	Caribbean	Country	ABW	0	-69.97050586	12.50878756		KM2	Square kilometers			G	Global			Global Surface Water Explorer extraction for UN Environment		E: Estimated data	1.14249	1.12998	1.15333	1.15477	1.16511	1.13714	1.1403	1.12359	1.16014	1.14122	1.13372	1.10136	1.10136	2016
6	6.6	6.6.1	EN_WBE_PMNR	Water body extent (permanent) (square kilometres)	2019.Q3.G.01	534	Sint Maarten (Dutch part)	029	Caribbean	Country	SXM	0	-63.06198692	18.03926508																										
6	6.6	6.6.1	EN_WBE_PMNR	Water body extent (permanent) (square kilometres)	2019.Q3.G.01	540	New Caledonia	054	Melanesia	Country	NCL	0	165.5067368	-21.41742531		KM2	Square kilometers			G	Global			Global Surface Water Explorer extraction for UN Environment		E: Estimated data	72.52108	72.68034	72.28239	71.89968	72.1829	72.78995	73.09591	73.13477	73.58745	72.67606	70.88153	71.2406	71.2406	2016
6	6.6	6.6.1	EN_WBE_PMNR	Water body extent (permanent) (square kilometres)	2019.Q3.G.01	548	Vanuatu	054	Melanesia	Country	VUT	1	167.0679779	-15.34445547		KM2	Square kilometers			G	Global			Global Surface Water Explorer extraction for UN Environment		E: Estimated data	49.28273	47.62211	50.38308	47.79491	45.3969	43.7983	48.14486	45.57605	50.64087	53.96571	56.64529	57.48914	57.48914	2016
6	6.6	6.6.1	EN_WBE_PMNR	Water body extent (permanent) (square kilometres)	2019.Q3.G.01	554	New Zealand	053	Australia and New Zealand	Country	NZL	1	170.4755673	-43.98721568		KM2	Square kilometers			G	Global			Global Surface Water Explorer extraction for UN Environment		E: Estimated data	7033.57004	7018.57829	7020.5133	7004.95841	7001.57948	6974.31441	6982.41776	6988.17062	7004.69925	7017.7199	7037.04673	7040.48209	7040.48209	2016
6	6.6	6.6.1	EN_WBE_PMNR	Water body extent (permanent) (square kilometres)	2019.Q3.G.01	558	Nicaragua	013	Central America	Country	NIC	1	-85.03060315	12.84210839		KM2	Square kilometers			G	Global			Global Surface Water Explorer extraction for UN Environment		E: Estimated data	9720.74751	9706.96376	9695.13523	9670.8987	9674.86637	9685.4439	9696.95842	9708.05122	9734.49993	9742.15586	9750.16324	9747.94422	9747.94422	2016
6	6.6	6.6.1	EN_WBE_PMNR	Water body extent (permanent) (square kilometres)	2019.Q3.G.01	562	Niger	011	Western Africa	Country	NER	1	9.400167877	17.42143036		KM2	Square kilometers			G	Global			Global Surface Water Explorer extraction for UN Environment		E: Estimated data	264.24061	219.52807	197.05616	169.732	170.36339	146.9266	146.90982	167.94751	167.97808	225.87676	271.85943	325.64305	325.64305	2016
6	6.6	6.6.1	EN_WBE_PMNR	Water body extent (permanent) (square kilometres)	2019.Q3.G.01	566	Nigeria	011	Western Africa	Country	NGA	1	8.097363256	9.585789025		KM2	Square kilometers			G	Global			Global Surface Water Explorer extraction for UN Environment		E: Estimated data	3901.05009	3863.83669	3803.59817	3786.8868	3815.6582	3869.09762	3942.34266	4050.63442	4098.42201	4154.94989	4195.74658	4158.63452	4158.63452	2016
6	6.6	6.6.1	EN_WBE_PMNR	Water body extent (permanent) (square kilometres)	2019.Q3.G.01	570	Niue	061	Polynesia	Country	NIU	0	-169.8601693	-19.05000475		KM2	Square kilometers			G	Global			Global Surface Water Explorer extraction for UN Environment		E: Estimated data	0.0	0.0	0.0	0.0	0.0	0.0	0.0	0.0	0.0	0.0	0.0	0.0	0.0	2016
6	6.6	6.6.1	EN_WBE_PMNR	Water body extent (permanent) (square kilometres)	2019.Q3.G.01	574	Norfolk Island	053	Australia and New Zealand	Country	NFK	0	167.9515548	-29.03230018		KM2	Square kilometers			G	Global			Global Surface Water Explorer extraction for UN Environment		E: Estimated data	0.0	0.0	0.0	0.0	0.0	0.0	0.0	0.0	0.0	0.0	0.0	0.0	0.0	2016
6	6.6	6.6.1	EN_WBE_PMNR	Water body extent (permanent) (square kilometres)	2019.Q3.G.01	578	Norway	154	Northern Europe	Country	NOR	1	11.47846389	61.34311134		KM2	Square kilometers			G	Global			Global Surface Water Explorer extraction for UN Environment		E: Estimated data	17116.91717	17155.17901	17208.02032	17110.27134	16949.41696	16868.16824	16832.53402	16814.48168	16500.92972	16921.72157	17026.15095	17150.7665	17150.7665	2016
6	6.6	6.6.1	EN_WBE_PMNR	Water body extent (permanent) (square kilometres)	2019.Q3.G.01	580	Northern Mariana Islands	057	Micronesia	Country	MNP	0	145.7582114	15.19099517		KM2	Square kilometers			G	Global			Global Surface Water Explorer extraction for UN Environment		E: Estimated data	1.67681	1.75199	1.79565	1.79742	1.88097	1.71974	1.89586	1.73997	1.8704	1.86362	2.36117	2.51751	2.51751	2016
6	6.6	6.6.1	EN_WBE_PMNR	Water body extent (permanent) (square kilometres)	2019.Q3.G.01	581	United States Minor Outlying Islands	057	Micronesia	Country	UMI	0	-162.4343752	5.874443968																										
6	6.6	6.6.1	EN_WBE_PMNR	Water body extent (permanent) (square kilometres)	2019.Q3.G.01	583	Micronesia (Federated States of)	057	Micronesia	Country	FSM	1	158.225216	6.880670092		KM2	Square kilometers			G	Global			Global Surface Water Explorer extraction for UN Environment		E: Estimated data	0.78732	0.78718	0.95069	0.70374	1.02844	0.98251	1.29702	1.2779	1.2779	1.51615	2.04324	2.35854	2.35854	2016
6	6.6	6.6.1	EN_WBE_PMNR	Water body extent (permanent) (square kilometres)	2019.Q3.G.01	584	Marshall Islands	057	Micronesia	Country	MHL	1	171.0839119	7.110213497		KM2	Square kilometers			G	Global			Global Surface Water Explorer extraction for UN Environment		E: Estimated data	1.70298	1.74065	1.64964	1.64013	1.48248	1.41665	1.44695	1.49264	1.43248	2.5816	6.84933	11.04678	11.04678	2016
6	6.6	6.6.1	EN_WBE_PMNR	Water body extent (permanent) (square kilometres)	2019.Q3.G.01	585	Palau	057	Micronesia	Country	PLW	1	134.5733878	7.502307591		KM2	Square kilometers			G	Global			Global Surface Water Explorer extraction for UN Environment		E: Estimated data	1.61539	1.6786	1.66569	1.63604	1.69813	1.62817	1.5375	1.54742	1.58663	1.57968	1.69752	1.79121	1.79121	2016
6	6.6	6.6.1	EN_WBE_PMNR	Water body extent (permanent) (square kilometres)	2019.Q3.G.01	586	Pakistan	034	Southern Asia	Country	PAK	1	68.80479684	29.36491634		KM2	Square kilometers			G	Global			Global Surface Water Explorer extraction for UN Environment		E: Estimated data	1821.88955	1880.54576	1919.18524	2052.34372	2041.49717	2166.0875	2147.66595	2246.86949	2214.90266	2303.38988	2382.44246	2468.23034	2468.23034	2016
6	6.6	6.6.1	EN_WBE_PMNR	Water body extent (permanent) (square kilometres)	2019.Q3.G.01	591	Panama	013	Central America	Country	PAN	1	-81.26616623	8.450965746		KM2	Square kilometers			G	Global			Global Surface Water Explorer extraction for UN Environment		E: Estimated data	714.50602	713.30005	714.07534	714.35637	716.90845	724.40157	727.47377	733.2003	719.65842	716.40691	711.35125	707.14864	707.14864	2016
6	6.6	6.6.1	EN_WBE_PMNR	Water body extent (permanent) (square kilometres)	2019.Q3.G.01	598	Papua New Guinea	054	Melanesia	Country	PNG	1	145.8587761	-6.756057077		KM2	Square kilometers			G	Global			Global Surface Water Explorer extraction for UN Environment		E: Estimated data	4874.88751	4844.41455	4766.21672	4817.68161	4879.6814	5012.16579	5056.02066	5151.3274	5172.18407	5179.07694	5181.58682	5122.03972	5122.03972	2016
6	6.6	6.6.1	EN_WBE_PMNR	Water body extent (permanent) (square kilometres)	2019.Q3.G.01	600	Paraguay	005	South America	Country	PRY	1	-60.54854225	-21.70216237		KM2	Square kilometers			G	Global			Global Surface Water Explorer extraction for UN Environment		E: Estimated data	3177.57291	3177.12991	3183.66848	3189.02853	3189.29541	3186.3481	3220.5385	3254.83746	3281.81047	3322.515	3377.88427	3407.61129	3407.61129	2016
6	6.6	6.6.1	EN_WBE_PMNR	Water body extent (permanent) (square kilometres)	2019.Q3.G.01	604	Peru	005	South America	Country	PER	1	-71.82093277	-13.58939705		KM2	Square kilometers			G	Global			Global Surface Water Explorer extraction for UN Environment		E: Estimated data	12904.22795	12796.3325	12758.53847	12674.13014	12684.71994	12688.88495	12641.87751	12628.5165	12651.18848	12621.87432	12583.52135	12746.54814	12746.54814	2016
6	6.6	6.6.1	EN_WBE_PMNR	Water body extent (permanent) (square kilometres)	2019.Q3.G.01	608	Philippines	035	South-Eastern Asia	Country	PHL	1	120.8601418	14.16591706		KM2	Square kilometers			G	Global			Global Surface Water Explorer extraction for UN Environment		E: Estimated data	6003.35659	5961.28047	5961.91847	6001.981	6029.48961	6052.93537	6053.85964	6087.81316	6107.14711	6091.72785	6088.98153	6071.84419	6071.84419	2016
6	6.6	6.6.1	EN_WBE_PMNR	Water body extent (permanent) (square kilometres)	2019.Q3.G.01	612	Pitcairn	061	Polynesia	Country	PCN	0	-128.3225873	-24.37538456		KM2	Square kilometers			G	Global			Global Surface Water Explorer extraction for UN Environment		E: Estimated data	0.0	0.0	0.0	0.0	0.0	0.0	0.0	0.0	0.0	0.0	0.0	0.0	0.0	2016
6	6.6	6.6.1	EN_WBE_PMNR	Water body extent (permanent) (square kilometres)	2019.Q3.G.01	616	Poland	151	Eastern Europe	Country	POL	1	19.40660158	52.1226733		KM2	Square kilometers			G	Global			Global Surface Water Explorer extraction for UN Environment		E: Estimated data	3504.54884	3514.24219	3521.35536	3533.19575	3531.52919	3526.07476	3531.47179	3527.05351	3524.59903	3540.21829	3557.63192	3550.85179	3550.85179	2016
6	6.6	6.6.1	EN_WBE_PMNR	Water body extent (permanent) (square kilometres)	2019.Q3.G.01	620	Portugal	039	Southern Europe	Country	PRT	1	-7.961599811	39.68509315		KM2	Square kilometers			G	Global			Global Surface Water Explorer extraction for UN Environment		E: Estimated data	609.56214	634.20098	663.25179	695.21024	721.25623	719.75534	748.75438	760.0281	752.13182	758.83919	780.99263	773.50471	773.50471	2016
6	6.6	6.6.1	EN_WBE_PMNR	Water body extent (permanent) (square kilometres)	2019.Q3.G.01	624	Guinea-Bissau	011	Western Africa	Country	GNB	1	-14.40182514	12.11760394		KM2	Square kilometers			G	Global			Global Surface Water Explorer extraction for UN Environment		E: Estimated data	50.1443	56.78241	55.57778	59.406	57.66143	59.17963	57.53386	57.91727	57.07582	58.30198	58.21881	55.37615	55.37615	2016
6	6.6	6.6.1	EN_WBE_PMNR	Water body extent (permanent) (square kilometres)	2019.Q3.G.01	626	Timor-Leste	035	South-Eastern Asia	Country	TLS	1	125.9451052	-8.797497247		KM2	Square kilometers			G	Global			Global Surface Water Explorer extraction for UN Environment		E: Estimated data	12.06797	11.82233	11.52713	11.63823	11.62089	11.33133	11.37878	11.74863	12.01745	12.08703	11.48912	10.25245	10.25245	2016
6	6.6	6.6.1	EN_WBE_PMNR	Water body extent (permanent) (square kilometres)	2019.Q3.G.01	630	Puerto Rico	029	Caribbean	Country	PRI	0	-66.47591017	18.22753799		KM2	Square kilometers			G	Global			Global Surface Water Explorer extraction for UN Environment		E: Estimated data	29.06858	29.35488	29.63241	29.38728	29.62038	29.67553	29.68245	29.64397	30.1429	29.53798	29.34794	28.62559	28.62559	2016
6	6.6	6.6.1	EN_WBE_PMNR	Water body extent (permanent) (square kilometres)	2019.Q3.G.01	634	Qatar	145	Western Asia	Country	QAT	1	51.19152467	25.28355379		KM2	Square kilometers			G	Global			Global Surface Water Explorer extraction for UN Environment		E: Estimated data	161.12991	159.84834	159.95181	160.87164	160.08913	160.40583	161.85927	162.46622	162.7309	163.87721	165.55833	166.0644	166.0644	2016
6	6.6	6.6.1	EN_WBE_PMNR	Water body extent (permanent) (square kilometres)	2019.Q3.G.01	638	Réunion	014	Eastern Africa	Country	REU	0	55.53171398	-21.13183266																										
6	6.6	6.6.1	EN_WBE_PMNR	Water body extent (permanent) (square kilometres)	2019.Q3.G.01	642	Romania	151	Eastern Europe	Country	ROU	1	24.98481009	45.83893563		KM2	Square kilometers			G	Global			Global Surface Water Explorer extraction for UN Environment		E: Estimated data	2383.07475	2400.43772	2439.38135	2446.8974	2461.34571	2460.82209	2460.29319	2427.19812	2404.91461	2415.55285	2431.49285	2419.1255	2419.1255	2016
6	6.6	6.6.1	EN_WBE_PMNR	Water body extent (permanent) (square kilometres)	2019.Q3.G.01	643	Russian Federation	151	Eastern Europe	Country	RUS	1	99.01404926	61.61899849		KM2	Square kilometers			G	Global			Global Surface Water Explorer extraction for UN Environment		E: Estimated data	511438.8942	510179.7727	510494.3895	516399.7187	525707.3276	531732.0246	531457.6121	532621.0664	528982.6315	532999.1058	534527.1078	539739.6307	539739.6307	2016
6	6.6	6.6.1	EN_WBE_PMNR	Water body extent (permanent) (square kilometres)	2019.Q3.G.01	646	Rwanda	014	Eastern Africa	Country	RWA	1	29.92310194	-1.999842114		KM2	Square kilometers			G	Global			Global Surface Water Explorer extraction for UN Environment		E: Estimated data	1489.99152	1491.29134	1491.88852	1492.10565	1492.21845	1492.61894	1492.61615	1496.00519	1499.66941	1501.41907	1503.03485	1505.08953	1505.08953	2016
6	6.6	6.6.1	EN_WBE_PMNR	Water body extent (permanent) (square kilometres)	2019.Q3.G.01	652	Saint Barthélemy	029	Caribbean	Country	BLM	0	-62.83173536	17.89513362																										
6	6.6	6.6.1	EN_WBE_PMNR	Water body extent (permanent) (square kilometres)	2019.Q3.G.01	654	Saint Helena	011	Western Africa	Country	SHN	0	-5.705752501	-15.96503946		KM2	Square kilometers			G	Global			Global Surface Water Explorer extraction for UN Environment		E: Estimated data	0.09232	0.09232	0.05287	0.05287	0.0	0.0	0.04615	0.04615	0.04615	0.29424	0.54092	0.68754	0.68754	2016
6	6.6	6.6.1	EN_WBE_PMNR	Water body extent (permanent) (square kilometres)	2019.Q3.G.01	659	Saint Kitts and Nevis	029	Caribbean	Country	KNA	1	-62.76628613	17.33994219		KM2	Square kilometers			G	Global			Global Surface Water Explorer extraction for UN Environment		E: Estimated data	1.73666	1.71601	1.73231	1.78818	1.81082	1.82251	1.83342	1.82403	1.79464	1.76218	1.71852	1.68175	1.68175	2016
6	6.6	6.6.1	EN_WBE_PMNR	Water body extent (permanent) (square kilometres)	2019.Q3.G.01	660	Anguilla	029	Caribbean	Country	AIA	0	-63.05651612	18.21525315		KM2	Square kilometers			G	Global			Global Surface Water Explorer extraction for UN Environment		E: Estimated data	1.53612	1.53029	1.5914	1.65801	1.71909	1.75998	1.7547	1.76387	1.70613	1.62183	1.6095	1.60934	1.60934	2016
6	6.6	6.6.1	EN_WBE_PMNR	Water body extent (permanent) (square kilometres)	2019.Q3.G.01	662	Saint Lucia	029	Caribbean	Country	LCA	1	-60.96529553	13.89405601		KM2	Square kilometers			G	Global			Global Surface Water Explorer extraction for UN Environment		E: Estimated data	0.35123	0.34731	0.35649	0.37442	0.37822	0.38042	0.37868	0.3801	0.36767	0.34794	0.35239	0.35799	0.35799	2016
6	6.6	6.6.1	EN_WBE_PMNR	Water body extent (permanent) (square kilometres)	2019.Q3.G.01	663	Saint Martin (French Part)	029	Caribbean	Country	MAF	0	-63.04505461	18.0882685																										
6	6.6	6.6.1	EN_WBE_PMNR	Water body extent (permanent) (square kilometres)	2019.Q3.G.01	666	Saint Pierre and Miquelon	021	Northern America	Country	SPM	0	-56.33682442	46.85812735		KM2	Square kilometers			G	Global			Global Surface Water Explorer extraction for UN Environment		E: Estimated data	16.7942	16.71284	16.73967	16.7039	16.5832	16.50175	16.54153	16.51833	16.48028	16.59335	16.63268	16.70172	16.70172	2016
6	6.6	6.6.1	EN_WBE_PMNR	Water body extent (permanent) (square kilometres)	2019.Q3.G.01	670	Saint Vincent and the Grenadines	029	Caribbean	Country	VCT	1	-61.19024321	13.24627968		KM2	Square kilometers			G	Global			Global Surface Water Explorer extraction for UN Environment		E: Estimated data	1.9182	1.91975	1.92801	1.93238	1.96744	1.95667	1.97316	1.96798	1.9485	1.85583	1.79561	1.73275	1.73275	2016
6	6.6	6.6.1	EN_WBE_PMNR	Water body extent (permanent) (square kilometres)	2019.Q3.G.01	674	San Marino	039	Southern Europe	Country	SMR	1	12.46329038	43.93841766		KM2	Square kilometers			G	Global			Global Surface Water Explorer extraction for UN Environment		E: Estimated data	0.0	0.0	0.0	0.0	0.0	0.0	0.0	0.0	0.0	0.00013	0.00026	0.00039	0.00039	2016
6	6.6	6.6.1	EN_WBE_PMNR	Water body extent (permanent) (square kilometres)	2019.Q3.G.01	678	Sao Tome and Principe	017	Middle Africa	Country	STP	1	6.609772265	0.241554875		KM2	Square kilometers			G	Global			Global Surface Water Explorer extraction for UN Environment		E: Estimated data	0.0	0.0	0.0	0.0	0.0	0.0	0.0	0.0	0.0	0.0	0.0	0.0	0.0	2016
6	6.6	6.6.1	EN_WBE_PMNR	Water body extent (permanent) (square kilometres)	2019.Q3.G.01	682	Saudi Arabia	145	Western Asia	Country	SAU	1	44.54763347	24.12594211		KM2	Square kilometers			G	Global			Global Surface Water Explorer extraction for UN Environment		E: Estimated data	1412.40495	1426.23428	1437.02761	1445.95129	1452.70183	1457.77029	1464.16453	1469.29574	1471.77867	1469.06863	1479.704	1481.15753	1481.15753	2016
6	6.6	6.6.1	EN_WBE_PMNR	Water body extent (permanent) (square kilometres)	2019.Q3.G.01	686	Senegal	011	Western Africa	Country	SEN	1	-14.46636926	14.35920905		KM2	Square kilometers			G	Global			Global Surface Water Explorer extraction for UN Environment		E: Estimated data	1237.39551	1259.45478	1263.8565	1268.33168	1270.27245	1276.25126	1264.29433	1260.55965	1267.33393	1277.24671	1278.10061	1269.66161	1269.66161	2016
6	6.6	6.6.1	EN_WBE_PMNR	Water body extent (permanent) (square kilometres)	2019.Q3.G.01	688	Serbia	039	Southern Europe	Country	SRB	1	20.805876	44.03145697		KM2	Square kilometers			G	Global			Global Surface Water Explorer extraction for UN Environment		E: Estimated data	553.4388	556.23752	555.60457	554.20449	554.75314	555.08432	557.87663	559.29828	558.43149	563.4727	566.76208	566.21113	566.21113	2016
6	6.6	6.6.1	EN_WBE_PMNR	Water body extent (permanent) (square kilometres)	2019.Q3.G.01	690	Seychelles	014	Eastern Africa	Country	SYC	1	55.46561591	-4.678053059		KM2	Square kilometers			G	Global			Global Surface Water Explorer extraction for UN Environment		E: Estimated data	4.53987	4.39102	3.99755	3.60972	3.53717	3.68995	3.4736	3.42741	3.92338	4.33323	4.55759	5.12602	5.12602	2016
6	6.6	6.6.1	EN_WBE_PMNR	Water body extent (permanent) (square kilometres)	2019.Q3.G.01	694	Sierra Leone	011	Western Africa	Country	SLE	1	-11.78306584	8.568604164		KM2	Square kilometers			G	Global			Global Surface Water Explorer extraction for UN Environment		E: Estimated data	149.73272	153.30218	151.01161	147.76327	141.66225	142.80658	146.7793	150.41717	155.66402	161.54641	159.9097	155.51457	155.51457	2016
6	6.6	6.6.1	EN_WBE_PMNR	Water body extent (permanent) (square kilometres)	2019.Q3.G.01	702	Singapore	035	South-Eastern Asia	Country	SGP	1	103.8107883	1.361009155		KM2	Square kilometers			G	Global			Global Surface Water Explorer extraction for UN Environment		E: Estimated data	39.85013	39.56106	39.45782	39.80691	39.68952	39.98263	39.92019	40.19296	39.41914	38.66353	38.02699	36.83135	36.83135	2016
6	6.6	6.6.1	EN_WBE_PMNR	Water body extent (permanent) (square kilometres)	2019.Q3.G.01	703	Slovakia	151	Eastern Europe	Country	SVK	1	19.48495604	48.70741446		KM2	Square kilometers			G	Global			Global Surface Water Explorer extraction for UN Environment		E: Estimated data	263.5518	264.42495	265.0832	266.13389	267.37478	267.00179	267.13682	266.18733	265.2195	266.37168	267.14161	265.90202	265.90202	2016
6	6.6	6.6.1	EN_WBE_PMNR	Water body extent (permanent) (square kilometres)	2019.Q3.G.01	704	Viet Nam	035	South-Eastern Asia	Country	VNM	1	105.802499	10.09643079		KM2	Square kilometers			G	Global			Global Surface Water Explorer extraction for UN Environment		E: Estimated data	4916.4128	5022.46628	5203.84035	5359.83292	5416.22119	5395.90019	5469.03657	5551.32573	5590.27947	5582.40949	5612.95732	5528.72997	5528.72997	2016
6	6.6	6.6.1	EN_WBE_PMNR	Water body extent (permanent) (square kilometres)	2019.Q3.G.01	705	Slovenia	039	Southern Europe	Country	SVN	1	14.82209486	46.11958061		KM2	Square kilometers			G	Global			Global Surface Water Explorer extraction for UN Environment		E: Estimated data	38.45807	39.50582	39.89414	39.57197	40.37999	40.34159	40.45423	40.17772	40.16675	40.86665	41.72315	42.04995	42.04995	2016
6	6.6	6.6.1	EN_WBE_PMNR	Water body extent (permanent) (square kilometres)	2019.Q3.G.01	706	Somalia	014	Eastern Africa	Country	SOM	1	46.20367477	4.406485729		KM2	Square kilometers			G	Global			Global Surface Water Explorer extraction for UN Environment		E: Estimated data	76.10363	68.51401	65.27162	70.06192	75.37893	78.25515	79.81905	76.32631	70.91348	63.51427	59.25503	56.26309	56.26309	2016
6	6.6	6.6.1	EN_WBE_PMNR	Water body extent (permanent) (square kilometres)	2019.Q3.G.01	710	South Africa	018	Southern Africa	Country	ZAF	1	24.67184355	-29.99957544		KM2	Square kilometers			G	Global			Global Surface Water Explorer extraction for UN Environment		E: Estimated data	3376.09776	3178.04943	3131.27993	3047.21675	3126.60189	3225.50864	3359.90053	3429.94593	3470.21931	3433.33172	3453.95333	3414.15241	3414.15241	2016
6	6.6	6.6.1	EN_WBE_PMNR	Water body extent (permanent) (square kilometres)	2019.Q3.G.01	716	Zimbabwe	014	Eastern Africa	Country	ZWE	1	29.86909584	-19.00075492		KM2	Square kilometers			G	Global			Global Surface Water Explorer extraction for UN Environment		E: Estimated data	3567.67489	3498.00038	3447.04085	3399.88793	3409.52578	3404.29752	3453.74729	3491.89277	3525.40303	3512.96083	3514.9764	3489.28123	3489.28123	2016
6	6.6	6.6.1	EN_WBE_PMNR	Water body extent (permanent) (square kilometres)	2019.Q3.G.01	724	Spain	039	Southern Europe	Country	ESP	1	-3.554078296	40.39211472		KM2	Square kilometers			G	Global			Global Surface Water Explorer extraction for UN Environment		E: Estimated data	2940.37663	2949.10611	2906.56784	2901.97984	2864.17368	2809.95371	2906.37084	2999.49149	3028.222	3138.84847	3244.8237	3221.31473	3221.31473	2016
6	6.6	6.6.1	EN_WBE_PMNR	Water body extent (permanent) (square kilometres)	2019.Q3.G.01	728	South Sudan	014	Eastern Africa	Country	SSD	1	30.32618773	7.290839152		KM2	Square kilometers			G	Global			Global Surface Water Explorer extraction for UN Environment		E: Estimated data	736.10303	726.66789	717.09535	708.89488	696.14863	687.11674	661.37212	648.36628	633.92969	601.50311	596.73853	594.06582	594.06582	2016
6	6.6	6.6.1	EN_WBE_PMNR	Water body extent (permanent) (square kilometres)	2019.Q3.G.01	729	Sudan	015	Northern Africa	Country	SDN	0	29.95650159	16.02643066		KM2	Square kilometers			G	Global			Global Surface Water Explorer extraction for UN Environment		E: Estimated data	1213.37815	1185.8502	1160.76449	1155.54995	1164.32098	1252.2951	1340.83056	1423.25454	1474.25214	1543.15392	1554.7162	1571.851	1571.851	2016
6	6.6	6.6.1	EN_WBE_PMNR	Water body extent (permanent) (square kilometres)	2019.Q3.G.01	732	Western Sahara	015	Northern Africa	Country	ESH	0	-13.13515523	24.66265342		KM2	Square kilometers			G	Global			Global Surface Water Explorer extraction for UN Environment		E: Estimated data	7.47178	8.20337	9.98381	11.23036	12.1567	12.01152	11.56917	10.02362	8.68774	7.36508	7.01605	8.56512	8.56512	2016
6	6.6	6.6.1	EN_WBE_PMNR	Water body extent (permanent) (square kilometres)	2019.Q3.G.01	740	Suriname	005	South America	Country	SUR	1	-55.90626394	4.132603197		KM2	Square kilometers			G	Global			Global Surface Water Explorer extraction for UN Environment		E: Estimated data	1808.3911	1785.20215	1776.7992	1779.31356	1793.31096	1827.28479	1866.56351	1884.669	1886.53099	1883.49701	1871.37014	1865.82337	1865.82337	2016
6	6.6	6.6.1	EN_WBE_PMNR	Water body extent (permanent) (square kilometres)	2019.Q3.G.01	744	Svalbard and Jan Mayen Islands	154	Northern Europe	Country	SJM	0	13.38071013	78.82894131		KM2	Square kilometers			G	Global			Global Surface Water Explorer extraction for UN Environment		E: Estimated data	0.0	0.0	0.0	0.0	0.0	0.0	0.0	0.0	0.0	0.0	0.0	0.0	0.0	2016
6	6.6	6.6.1	EN_WBE_PMNR	Water body extent (permanent) (square kilometres)	2019.Q3.G.01	748	Eswatini	018	Southern Africa	Country	SWZ	1	31.50149288	-26.56471011		KM2	Square kilometers			G	Global			Global Surface Water Explorer extraction for UN Environment		E: Estimated data	38.84335	36.2243	34.98431	34.41229	36.85433	40.97512	46.58576	51.36796	54.20275	57.40345	58.16868	56.17324	56.17324	2016
6	6.6	6.6.1	EN_WBE_PMNR	Water body extent (permanent) (square kilometres)	2019.Q3.G.01	752	Sweden	154	Northern Europe	Country	SWE	1	14.3775338	60.60103109		KM2	Square kilometers			G	Global			Global Surface Water Explorer extraction for UN Environment		E: Estimated data	35044.2537	35100.42873	35167.1955	35147.64849	35388.94158	35354.93788	35253.16774	35131.24738	34917.14434	35215.01393	35319.81976	35475.45535	35475.45535	2016
6	6.6	6.6.1	EN_WBE_PMNR	Water body extent (permanent) (square kilometres)	2019.Q3.G.01	756	Switzerland	155	Western Europe	Country	CHE	1	8.223158	46.96617097		KM2	Square kilometers			G	Global			Global Surface Water Explorer extraction for UN Environment		E: Estimated data	1366.46937	1366.8001	1367.28338	1365.84477	1365.20211	1364.80487	1365.16159	1364.6034	1365.52112	1367.11339	1367.21583	1366.84193	1366.84193	2016
6	6.6	6.6.1	EN_WBE_PMNR	Water body extent (permanent) (square kilometres)	2019.Q3.G.01	760	Syrian Arab Republic	145	Western Asia	Country	SYR	1	38.50466565	35.01676176		KM2	Square kilometers			G	Global			Global Surface Water Explorer extraction for UN Environment		E: Estimated data	1039.59925	1054.20133	1057.25979	1059.63319	1054.43965	1046.76952	1041.10368	1039.20514	1034.96477	1037.63466	1019.08197	1009.76875	1009.76875	2016
6	6.6	6.6.1	EN_WBE_PMNR	Water body extent (permanent) (square kilometres)	2019.Q3.G.01	762	Tajikistan	143	Central Asia	Country	TJK	1	69.294998	38.43069666		KM2	Square kilometers			G	Global			Global Surface Water Explorer extraction for UN Environment		E: Estimated data	1534.1276	1541.52812	1545.77213	1548.48624	1542.51079	1539.75754	1543.16361	1542.26268	1545.0274	1547.5178	1547.52329	1538.44072	1538.44072	2016
6	6.6	6.6.1	EN_WBE_PMNR	Water body extent (permanent) (square kilometres)	2019.Q3.G.01	764	Thailand	035	South-Eastern Asia	Country	THA	1	101.0202951	15.13089239		KM2	Square kilometers			G	Global			Global Surface Water Explorer extraction for UN Environment		E: Estimated data	5521.43546	5487.97962	5490.47771	5528.25204	5587.48884	5663.75601	5643.35698	5653.63636	5623.14611	5485.94265	5427.9842	5418.52617	5418.52617	2016
6	6.6	6.6.1	EN_WBE_PMNR	Water body extent (permanent) (square kilometres)	2019.Q3.G.01	768	Togo	011	Western Africa	Country	TGO	1	0.97835765	8.532096072		KM2	Square kilometers			G	Global			Global Surface Water Explorer extraction for UN Environment		E: Estimated data	103.12995	103.17095	101.42598	100.05369	100.34726	100.70013	100.82098	102.52151	104.03592	103.00942	102.016	101.66449	101.66449	2016
6	6.6	6.6.1	EN_WBE_PMNR	Water body extent (permanent) (square kilometres)	2019.Q3.G.01	772	Tokelau	061	Polynesia	Country	TKL	0	-171.8154473	-9.214545558		KM2	Square kilometers			G	Global			Global Surface Water Explorer extraction for UN Environment		E: Estimated data	0.66376	0.66817	1.00066	1.28379	1.25575	1.53407	1.53526	1.20277	1.13231	1.19753	1.23822	1.24531	1.24531	2016
6	6.6	6.6.1	EN_WBE_PMNR	Water body extent (permanent) (square kilometres)	2019.Q3.G.01	776	Tonga	061	Polynesia	Country	TON	1	-175.1959991	-21.19511329		KM2	Square kilometers			G	Global			Global Surface Water Explorer extraction for UN Environment		E: Estimated data	6.68381	6.63442	7.69308	7.67258	8.62531	8.90878	9.56569	8.36111	7.60067	8.34109	9.4131	11.03338	11.03338	2016
6	6.6	6.6.1	EN_WBE_PMNR	Water body extent (permanent) (square kilometres)	2019.Q3.G.01	780	Trinidad and Tobago	029	Caribbean	Country	TTO	1	-61.29389504	10.41877263		KM2	Square kilometers			G	Global			Global Surface Water Explorer extraction for UN Environment		E: Estimated data	12.93325	12.85762	12.82334	13.07721	13.06334	13.19491	13.27618	13.37556	13.37348	13.26071	13.14788	12.81589	12.81589	2016
6	6.6	6.6.1	EN_WBE_PMNR	Water body extent (permanent) (square kilometres)	2019.Q3.G.01	784	United Arab Emirates	145	Western Asia	Country	ARE	1	53.98279159	23.43322219		KM2	Square kilometers			G	Global			Global Surface Water Explorer extraction for UN Environment		E: Estimated data	170.40125	169.89758	168.65837	166.92015	163.40856	161.41093	160.90699	161.07833	160.26441	160.19195	162.63559	162.3942	162.3942	2016
6	6.6	6.6.1	EN_WBE_PMNR	Water body extent (permanent) (square kilometres)	2019.Q3.G.01	788	Tunisia	015	Northern Africa	Country	TUN	1	9.572737411	34.11439971		KM2	Square kilometers			G	Global			Global Surface Water Explorer extraction for UN Environment		E: Estimated data	300.38404	304.94939	306.84141	311.00134	310.50574	310.47974	308.11696	308.92166	306.48036	304.36152	300.11977	304.96075	304.96075	2016
6	6.6	6.6.1	EN_WBE_PMNR	Water body extent (permanent) (square kilometres)	2019.Q3.G.01	792	Turkey	145	Western Asia	Country	TUR	1	35.42890329	38.9899684		KM2	Square kilometers			G	Global			Global Surface Water Explorer extraction for UN Environment		E: Estimated data	11291.04248	11351.0522	11460.85145	11419.94137	11322.37089	11343.24653	11427.12731	11548.06054	11704.43496	11913.97503	11931.56381	11993.37916	11993.37916	2016
6	6.6	6.6.1	EN_WBE_PMNR	Water body extent (permanent) (square kilometres)	2019.Q3.G.01	795	Turkmenistan	143	Central Asia	Country	TKM	1	58.9787665	40.0912346		KM2	Square kilometers			G	Global			Global Surface Water Explorer extraction for UN Environment		E: Estimated data	85952.26315	85943.26883	86042.4088	86090.11702	86232.61048	86267.20888	86332.78117	86268.09299	86161.49978	86092.41863	86000.63323	85865.05224	85865.05224	2016
6	6.6	6.6.1	EN_WBE_PMNR	Water body extent (permanent) (square kilometres)	2019.Q3.G.01	796	Turks and Caicos Islands	029	Caribbean	Country	TCA	0	-71.745121	21.80780585		KM2	Square kilometers			G	Global			Global Surface Water Explorer extraction for UN Environment		E: Estimated data	32.67534	32.39263	32.23056	32.63186	32.6075	33.50342	33.71964	33.51745	32.72311	33.15347	33.55249	34.21816	34.21816	2016
6	6.6	6.6.1	EN_WBE_PMNR	Water body extent (permanent) (square kilometres)	2019.Q3.G.01	798	Tuvalu	061	Polynesia	Country	TUV	1	178.6679611	-7.460048071		KM2	Square kilometers			G	Global			Global Surface Water Explorer extraction for UN Environment		E: Estimated data	8.15561	8.0159	7.77754	5.79077	4.75218	4.24096	5.6871	3.98264	4.06109	5.09058	6.35466	7.25963	7.25963	2016
6	6.6	6.6.1	EN_WBE_PMNR	Water body extent (permanent) (square kilometres)	2019.Q3.G.01	800	Uganda	014	Eastern Africa	Country	UGA	1	32.39100438	1.279557331		KM2	Square kilometers			G	Global			Global Surface Water Explorer extraction for UN Environment		E: Estimated data	36454.65357	36477.27728	36466.11116	36448.08929	36422.14295	36381.35733	36332.7455	36303.48355	36280.40668	36255.7192	36232.24143	36212.27591	36212.27591	2016
6	6.6	6.6.1	EN_WBE_PMNR	Water body extent (permanent) (square kilometres)	2019.Q3.G.01	804	Ukraine	151	Eastern Europe	Country	UKR	1	31.40270802	49.00735945		KM2	Square kilometers			G	Global			Global Surface Water Explorer extraction for UN Environment		E: Estimated data	13374.1589	13389.36837	13426.96998	13413.03459	13374.51153	13301.62203	13268.44727	13196.13487	13145.55391	13135.27529	13144.6857	13115.70809	13115.70809	2016
6	6.6	6.6.1	EN_WBE_PMNR	Water body extent (permanent) (square kilometres)	2019.Q3.G.01	807	North Macedonia	039	Southern Europe	Country	MKD	1	21.7007909	41.60048068		KM2	Square kilometers			G	Global			Global Surface Water Explorer extraction for UN Environment		E: Estimated data	494.1772	495.62428	498.47364	500.54563	500.5152	500.84094	501.32174	501.22395	501.59126	503.41954	503.3443	502.84664	502.84664	2016
6	6.6	6.6.1	EN_WBE_PMNR	Water body extent (permanent) (square kilometres)	2019.Q3.G.01	818	Egypt	015	Northern Africa	Country	EGY	1	29.77468534	26.57438204		KM2	Square kilometers			G	Global			Global Surface Water Explorer extraction for UN Environment		E: Estimated data	7569.7777	7451.0982	7200.24151	7042.19511	6918.9076	6854.54918	6816.40663	6806.78943	6605.20109	6497.41483	6417.15627	6376.21711	6376.21711	2016
6	6.6	6.6.1	EN_WBE_PMNR	Water body extent (permanent) (square kilometres)	2019.Q3.G.01	826	United Kingdom of Great Britain and Northern Ireland	154	Northern Europe	Country	GBR	1	-2.23830539	53.27691757		KM2	Square kilometers			G	Global			Global Surface Water Explorer extraction for UN Environment		E: Estimated data	3359.24974	2906.32089	2721.79898	2368.58998	2016.06078	2232.24551	2609.259	2816.41966	3089.99461	3465.98741	3485.70216	3579.65367	3579.65367	2016
6	6.6	6.6.1	EN_WBE_PMNR	Water body extent (permanent) (square kilometres)	2019.Q3.G.01	831	Guernsey	830	Channel Islands	Country	GGY	0	-2.200712402	49.71561166		KM2	Square kilometers			G	Global			Global Surface Water Explorer extraction for UN Environment		E: Estimated data	0.44247	0.40898	0.39864	0.4001	0.40108	0.40246	0.4287	0.43829	0.4296	0.42825	0.43536	0.43775	0.43775	2016
6	6.6	6.6.1	EN_WBE_PMNR	Water body extent (permanent) (square kilometres)	2019.Q3.G.01	832	Jersey	830	Channel Islands	Country	JEY	0	-2.136773508	49.22353354		KM2	Square kilometers			G	Global			Global Surface Water Explorer extraction for UN Environment		E: Estimated data	0.36168	0.34883	0.31996	0.31983	0.31757	0.3274	0.33263	0.3504	0.34126	0.34094	0.33916	0.3363	0.3363	2016
6	6.6	6.6.1	EN_WBE_PMNR	Water body extent (permanent) (square kilometres)	2019.Q3.G.01	833	Isle of Man	154	Northern Europe	Country	IMN	0	-4.538190305	54.22880901		KM2	Square kilometers			G	Global			Global Surface Water Explorer extraction for UN Environment		E: Estimated data	0.80492	0.74222	0.72907	0.65348	0.63042	0.6658	0.75044	0.79168	0.87189	0.89772	0.88862	0.89105	0.89105	2016
6	6.6	6.6.1	EN_WBE_PMNR	Water body extent (permanent) (square kilometres)	2019.Q3.G.01	834	United Republic of Tanzania	014	Eastern Africa	Country	TZA	1	34.80521182	-6.265332606		KM2	Square kilometers			G	Global			Global Surface Water Explorer extraction for UN Environment		E: Estimated data	56450.35821	56284.84243	55952.26243	55889.50425	55861.48526	55813.8489	55833.94693	55926.1997	55823.66174	55705.01983	55665.22192	55581.70339	55581.70339	2016
6	6.6	6.6.1	EN_WBE_PMNR	Water body extent (permanent) (square kilometres)	2019.Q3.G.01	840	United States of America	021	Northern America	Country	USA	1	-99.13830311	39.5277871		KM2	Square kilometers			G	Global			Global Surface Water Explorer extraction for UN Environment		E: Estimated data	152965.2955	152373.2136	152089.3477	151641.5843	152274.0575	153117.7413	153540.0112	154099.2383	153988.3623	154274.0747	154199.3992	153873.2381	153873.2381	2016
6	6.6	6.6.1	EN_WBE_PMNR	Water body extent (permanent) (square kilometres)	2019.Q3.G.01	850	United States Virgin Islands	029	Caribbean	Country	VIR	0	-64.76960113	17.73297693		KM2	Square kilometers			G	Global			Global Surface Water Explorer extraction for UN Environment		E: Estimated data	3.40826	3.38488	3.36913	3.32678	3.30359	3.31144	3.3403	3.42978	3.39192	3.20039	2.94519	2.72698	2.72698	2016
6	6.6	6.6.1	EN_WBE_PMNR	Water body extent (permanent) (square kilometres)	2019.Q3.G.01	854	Burkina Faso	011	Western Africa	Country	BFA	1	-1.742843829	12.27491081		KM2	Square kilometers			G	Global			Global Surface Water Explorer extraction for UN Environment		E: Estimated data	317.52862	326.918	334.9645	335.91049	337.29063	342.38052	346.09179	354.78842	362.85092	366.5337	368.23089	370.0397	370.0397	2016
6	6.6	6.6.1	EN_WBE_PMNR	Water body extent (permanent) (square kilometres)	2019.Q3.G.01	858	Uruguay	005	South America	Country	URY	1	-56.01387025	-32.8002838		KM2	Square kilometers			G	Global			Global Surface Water Explorer extraction for UN Environment		E: Estimated data	3955.56736	3955.78696	3878.03302	3856.63104	3786.39753	3747.04107	3823.18106	3853.15726	3850.17271	3897.81206	4010.34361	3973.64888	3973.64888	2016
6	6.6	6.6.1	EN_WBE_PMNR	Water body extent (permanent) (square kilometres)	2019.Q3.G.01	860	Uzbekistan	143	Central Asia	Country	UZB	1	63.11944558	41.77560518		KM2	Square kilometers			G	Global			Global Surface Water Explorer extraction for UN Environment		E: Estimated data	17288.52571	16738.88096	16011.48311	15218.58864	13681.54745	12277.85964	11543.03886	10769.86317	10259.64964	10090.20149	9999.41282	9345.00178	9345.00178	2016
6	6.6	6.6.1	EN_WBE_PMNR	Water body extent (permanent) (square kilometres)	2019.Q3.G.01	862	Venezuela (Bolivarian Republic of)	005	South America	Country	VEN	1	-66.15642084	7.121324748		KM2	Square kilometers			G	Global			Global Surface Water Explorer extraction for UN Environment		E: Estimated data	9982.23997	10030.13218	10245.86324	10394.77285	10592.97152	10651.86493	10532.94434	10542.9985	10598.60639	10573.53939	10465.07568	10385.5784	10385.5784	2016
6	6.6	6.6.1	EN_WBE_PMNR	Water body extent (permanent) (square kilometres)	2019.Q3.G.01	876	Wallis and Futuna Islands	061	Polynesia	Country	WLF	0	-176.2034788	-13.28471201		KM2	Square kilometers			G	Global			Global Surface Water Explorer extraction for UN Environment		E: Estimated data	0.25953	0.23558	0.24702	0.20433	0.18517	0.21991	0.25346	0.21292	0.26342	0.21983	0.26492	0.26754	0.26754	2016
6	6.6	6.6.1	EN_WBE_PMNR	Water body extent (permanent) (square kilometres)	2019.Q3.G.01	882	Samoa	061	Polynesia	Country	WSM	1	-172.4430749	-13.61541469		KM2	Square kilometers			G	Global			Global Surface Water Explorer extraction for UN Environment		E: Estimated data	5.06562	5.01075	5.03753	4.76577	4.45396	4.08746	4.03718	3.93251	4.16017	4.4781	4.84587	5.00043	5.00043	2016
6	6.6	6.6.1	EN_WBE_PMNR	Water body extent (permanent) (square kilometres)	2019.Q3.G.01	887	Yemen	145	Western Asia	Country	YEM	1	45.22389143	15.22242099		KM2	Square kilometers			G	Global			Global Surface Water Explorer extraction for UN Environment		E: Estimated data	914.6376	916.67329	918.43402	920.853	923.49787	926.72471	926.39944	925.14626	923.14407	918.16293	918.08533	915.67614	915.67614	2016
6	6.6	6.6.1	EN_WBE_PMNR	Water body extent (permanent) (square kilometres)	2019.Q3.G.01	894	Zambia	014	Eastern Africa	Country	ZMB	1	27.850329	-14.59701056		KM2	Square kilometers			G	Global			Global Surface Water Explorer extraction for UN Environment		E: Estimated data	12212.82504	12126.91031	12036.63595	11963.24583	11914.08754	11876.24846	11907.45351	11958.33953	11988.73855	11995.04268	11984.27143	11940.92759	11940.92759	2016
