goal	target	indicator	seriesCode	seriesDesc	release	geoAreaCode	geoAreaName	parentCode	parentName	type	ISO3	UN_Member	X	Y	basePeriod	unitsCode	unitsDesc	unitmultiplierCode	unitmultiplierDesc	reportingTypeCode	reportingTypeDesc	valueDetails	footnotes	sources	timeDetails	nature	value_2004	value_2005	value_2006	value_2007	value_2008	value_2009	value_2010	value_2011	value_2012	value_2013	value_2014	value_2015	value_2016	value_2017	value_latest_year	latest_year
16	16.6	16.6.1	GF_XPD_GBPC	Primary government expenditures as a proportion of original approved budget (%)	2019.Q3.G.01	004	Afghanistan	034	Southern Asia	Country	AFG	1	66.02688198	33.83160199		PT	Percentage			G	Global			[2007-2009]: PEFA 2008 Afghanistan Report / Public- www.pefa.org /  Link to data: https://pefa.org/sites/default/files/assements/comments/AF-Jun08-PFMPR-Final.pdf  // [2011-2012]: PEFA 2013 Afghanistan / Report - www.pefa.org /  Link to data:  https://pefa.org/sites/default/files/assements/comments/AF-Aug13-PFMPR-Public.pdf 		C: Country data				79.7	80.21	90.3		86.64	96.04						96.04	2012
16	16.6	16.6.1	GF_XPD_GBPC	Primary government expenditures as a proportion of original approved budget (%)	2019.Q3.G.01	008	Albania	039	Southern Europe	Country	ALB	1	20.06660928	41.13897007		PT	Percentage			G	Global			[2008-2010]: PEFA 2012 Albania Report / Public- www.pefa.org /  Link to data: https://pefa.org/sites/default/files/assements/comments/AL-Jan12-PFMPR-Public.pdf  // [2014-2016]: PEFA 2017 Albania Report / Public- www.pefa.org /  Link to data: https://pefa.org/sites/default/files/AL-Dec17-PFMPR-Public%20with%20PEFA%20Check-ENG.PDF 		C: Country data					95.25	98.71	88.32				95.67	94.48	95.91		95.91	2016
16	16.6	16.6.1	GF_XPD_GBPC	Primary government expenditures as a proportion of original approved budget (%)	2019.Q3.G.01	010	Antarctica	001	World	Country	ATA	0	21.47585697	-80.40897662																												
16	16.6	16.6.1	GF_XPD_GBPC	Primary government expenditures as a proportion of original approved budget (%)	2019.Q3.G.01	012	Algeria	015	Northern Africa	Country	DZA	1	2.678164227	28.15940032																												
16	16.6	16.6.1	GF_XPD_GBPC	Primary government expenditures as a proportion of original approved budget (%)	2019.Q3.G.01	016	American Samoa	061	Polynesia	Country	ASM	0	-170.7187269	-14.30587306																												
16	16.6	16.6.1	GF_XPD_GBPC	Primary government expenditures as a proportion of original approved budget (%)	2019.Q3.G.01	020	Andorra	039	Southern Europe	Country	AND	1	1.576257417	42.54548611																												
16	16.6	16.6.1	GF_XPD_GBPC	Primary government expenditures as a proportion of original approved budget (%)	2019.Q3.G.01	024	Angola	017	Middle Africa	Country	AGO	1	17.57817062	-12.33724746																												
16	16.6	16.6.1	GF_XPD_GBPC	Primary government expenditures as a proportion of original approved budget (%)	2019.Q3.G.01	028	Antigua and Barbuda	029	Caribbean	Country	ATG	1	-61.7999755	17.07761471		PT	Percentage			G	Global			PEFA 2014 Antigua and Barbuda Report / Public- www.pefa.org /  Link to data: https://pefa.org/sites/default/files/assements/comments/AG-Dec14-PFMPR-Public.pdf 		C: Country data				60.67	89.35	73.7	83.61	90.74	89.15						89.15	2012
16	16.6	16.6.1	GF_XPD_GBPC	Primary government expenditures as a proportion of original approved budget (%)	2019.Q3.G.01	031	Azerbaijan	145	Western Asia	Country	AZE	1	50.01064725	40.39229544		PT	Percentage			G	Global			data provided by WB Economists		C: Country data				106.5	126.47	85.02	95.85	120.78	102.02	97.77	93.25	84.29	109.14		109.14	2016
16	16.6	16.6.1	GF_XPD_GBPC	Primary government expenditures as a proportion of original approved budget (%)	2019.Q3.G.01	032	Argentina	005	South America	Country	ARG	1	-65.14563274	-35.19446255																												
16	16.6	16.6.1	GF_XPD_GBPC	Primary government expenditures as a proportion of original approved budget (%)	2019.Q3.G.01	036	Australia	053	Australia and New Zealand	Country	AUS	1	134.3499412	-25.57717202																												
16	16.6	16.6.1	GF_XPD_GBPC	Primary government expenditures as a proportion of original approved budget (%)	2019.Q3.G.01	040	Austria	155	Western Europe	Country	AUT	1	14.14172472	47.58704857																												
16	16.6	16.6.1	GF_XPD_GBPC	Primary government expenditures as a proportion of original approved budget (%)	2019.Q3.G.01	044	Bahamas	029	Caribbean	Country	BHS	1	-78.05111663	24.69546597																												
16	16.6	16.6.1	GF_XPD_GBPC	Primary government expenditures as a proportion of original approved budget (%)	2019.Q3.G.01	048	Bahrain	145	Western Asia	Country	BHR	1	50.5490754	26.04407747																												
16	16.6	16.6.1	GF_XPD_GBPC	Primary government expenditures as a proportion of original approved budget (%)	2019.Q3.G.01	050	Bangladesh	034	Southern Asia	Country	BGD	1	89.17660788	22.86961622		PT	Percentage			G	Global			data provided by WB Economists		C: Country data				91.19	93.99	88.1	89.27	97.05	93.18	90.75	84.59	81.59	80.8	76.7	76.7	2017
16	16.6	16.6.1	GF_XPD_GBPC	Primary government expenditures as a proportion of original approved budget (%)	2019.Q3.G.01	051	Armenia	145	Western Asia	Country	ARM	1	44.93839317	40.29499741		PT	Percentage			G	Global			data provided by WB Economists		C: Country data				113.61	98.6	98.27	102.01	98.55	96.35	99.16	99.09	107.92	105.23		105.23	2016
16	16.6	16.6.1	GF_XPD_GBPC	Primary government expenditures as a proportion of original approved budget (%)	2019.Q3.G.01	052	Barbados	029	Caribbean	Country	BRB	1	-59.5346489	13.13648273																												
16	16.6	16.6.1	GF_XPD_GBPC	Primary government expenditures as a proportion of original approved budget (%)	2019.Q3.G.01	056	Belgium	155	Western Europe	Country	BEL	1	4.660976456	50.64104975																												
16	16.6	16.6.1	GF_XPD_GBPC	Primary government expenditures as a proportion of original approved budget (%)	2019.Q3.G.01	060	Bermuda	021	Northern America	Country	BMU	0	-64.78155012	32.27881922																												
16	16.6	16.6.1	GF_XPD_GBPC	Primary government expenditures as a proportion of original approved budget (%)	2019.Q3.G.01	064	Bhutan	034	Southern Asia	Country	BTN	1	90.45098484	27.39598568		PT	Percentage			G	Global			[2006-2008]: PEFA 2010 Bhutan Report / Public- www.pefa.org /  Link to data: https://pefa.org/sites/default/files/assements/comments/BU-Jun10-PFMPR-Public.pdf  // [2013-2015]: PEFA 2016 Bhutan Report / Public- www.pefa.org /  Link to data: https://pefa.org/sites/default/files/BU-Sep16-PFMPR-Public%20with%20PEFA%20Check.pdf 		C: Country data			93.02	92.59	91.75					105.83	95.84	98.33			98.33	2015
16	16.6	16.6.1	GF_XPD_GBPC	Primary government expenditures as a proportion of original approved budget (%)	2019.Q3.G.01	068	Bolivia (Plurinational State of)	005	South America	Country	BOL	1	-64.66224284	-16.71273412		PT	Percentage			G	Global			PEFA 2009 Bolivia Report / Public- www.pefa.org /  Link to data: https://pefa.org/sites/default/files/assements/comments/BO-Oct09-PFMPR-Public.pdf 		C: Country data			96.07	92.36	115.13										115.13	2008
16	16.6	16.6.1	GF_XPD_GBPC	Primary government expenditures as a proportion of original approved budget (%)	2019.Q3.G.01	070	Bosnia and Herzegovina	039	Southern Europe	Country	BIH	1	17.78584332	44.16845548		PT	Percentage			G	Global			PEFA 2014 Bosnia and Herzegovina / Public- www.pefa.org /  Link to data: https://pefa.org/sites/default/files/assements/comments/BA-May14-PFMPR-Public_1.pdf 		C: Country data						89.56	91.58	100.0							100.0	2011
16	16.6	16.6.1	GF_XPD_GBPC	Primary government expenditures as a proportion of original approved budget (%)	2019.Q3.G.01	072	Botswana	018	Southern Africa	Country	BWA	1	23.81380223	-22.18810073		PT	Percentage			G	Global			[2006-2008]: PEFA 2009 Botswana/ Public- www.pefa.org /  Link to data: https://pefa.org/sites/default/files/assements/comments/BW-Feb09-PFMPR-Public.pdf  // [2010-2012]: PEFA 2013 Botswana/ Public- www.pefa.org /  Link to data: https://pefa.org/sites/default/files/assements/comments/BW-Aug13-PFMPR-Public.pdf 		C: Country data			91.37	89.33	85.2		104.31	99.05	97.06						97.06	2012
16	16.6	16.6.1	GF_XPD_GBPC	Primary government expenditures as a proportion of original approved budget (%)	2019.Q3.G.01	074	Bouvet Island	005	South America	Country	BVT	0	3.410732868	-54.43295905																												
16	16.6	16.6.1	GF_XPD_GBPC	Primary government expenditures as a proportion of original approved budget (%)	2019.Q3.G.01	076	Brazil	005	South America	Country	BRA	1	-53.08432878	-10.77668561		PT	Percentage			G	Global			PEFA 2009 Brazil/ Public- www.pefa.org /  Link to data: https://pefa.org/sites/default/files/assements/comments/BR-Dec09-PFMPR-Public.pdf 		C: Country data			95.26	93.73	93.75										93.75	2008
16	16.6	16.6.1	GF_XPD_GBPC	Primary government expenditures as a proportion of original approved budget (%)	2019.Q3.G.01	084	Belize	013	Central America	Country	BLZ	1	-88.70199554	17.19965901		PT	Percentage			G	Global			PEFA 2014 Belize Report / Public- www.pefa.org /  Link to data:  https://pefa.org/sites/default/files/assements/comments/BZ-Aug14-PFMPR-Public.pdf 		C: Country data								98.27	104.08	96.88					96.88	2013
16	16.6	16.6.1	GF_XPD_GBPC	Primary government expenditures as a proportion of original approved budget (%)	2019.Q3.G.01	086	British Indian Ocean Territory	014	Eastern Africa	Country	IOT	0	72.38715553	-7.299281071																												
16	16.6	16.6.1	GF_XPD_GBPC	Primary government expenditures as a proportion of original approved budget (%)	2019.Q3.G.01	090	Solomon Islands	054	Melanesia	Country	SLB	1	160.1584117	-9.622391719		PT	Percentage			G	Global			PEFA 2012 Solomon Islands/ Public- www.pefa.org /  Link to data: https://pefa.org/sites/default/files/assements/comments/SB-Dec12-PFMPR-Public.pdf 		C: Country data						89.1	107.63	116.51							116.51	2011
16	16.6	16.6.1	GF_XPD_GBPC	Primary government expenditures as a proportion of original approved budget (%)	2019.Q3.G.01	092	British Virgin Islands	029	Caribbean	Country	VGB	0	-64.63294223	18.42256578																												
16	16.6	16.6.1	GF_XPD_GBPC	Primary government expenditures as a proportion of original approved budget (%)	2019.Q3.G.01	096	Brunei Darussalam	035	South-Eastern Asia	Country	BRN	1	114.6288563	4.49736984																												
16	16.6	16.6.1	GF_XPD_GBPC	Primary government expenditures as a proportion of original approved budget (%)	2019.Q3.G.01	100	Bulgaria	151	Eastern Europe	Country	BGR	1	25.23763153	42.75731323																												
16	16.6	16.6.1	GF_XPD_GBPC	Primary government expenditures as a proportion of original approved budget (%)	2019.Q3.G.01	104	Myanmar	035	South-Eastern Asia	Country	MMR	1	96.51752295	21.19332882		PT	Percentage			G	Global			PEFA 2012 Myanmar Report / Public- www.pefa.org /  Link to data: https://pefa.org/sites/default/files/assements/comments/MM-Mar12-PFMPR-Public.pdf 		C: Country data						108.67	112.06	120.16							120.16	2011
16	16.6	16.6.1	GF_XPD_GBPC	Primary government expenditures as a proportion of original approved budget (%)	2019.Q3.G.01	108	Burundi	014	Eastern Africa	Country	BDI	1	29.89080992	-3.366387428		PT	Percentage			G	Global			[2005-2007]: PEFA 2009 Burundi/ Public- www.pefa.org /  Link to data: https://pefa.org/sites/default/files/assements/comments/BI-Feb09-PFMPR-Public.pdf  // [2008,2010]: PEFA 2012 Burundi/ Public- www.pefa.org /  Link to data: https://pefa.org/sites/default/files/assements/comments/BI-Mar12-PFMPR-Public.pdf  // [2009]: PEFA 2012 Burundi/ Public- www.pefa.org /  Link to data: https://pefa.org/sites/default/files/assements/comments/BI-Mar12-PFMPR-Public.pdf  		C: Country data		96.88	91.7	90.84	124.9	105.3	99.52								99.52	2010
16	16.6	16.6.1	GF_XPD_GBPC	Primary government expenditures as a proportion of original approved budget (%)	2019.Q3.G.01	112	Belarus	151	Eastern Europe	Country	BLR	1	28.04940161	53.54193075		PT	Percentage			G	Global			[2005-2007]: PEFA 2009 Belarus Report / Public- www.pefa.org /  Link to data: https://pefa.org/sites/default/files/assements/comments/BY-Apr09-PFMPR-Public_0.pdf  // [2010-2012]: PEFA 2014 Belarus Report / Public- www.pefa.org /  Link to data: https://pefa.org/sites/default/files/assements/comments/BY-Jun14-PFMPR-Public.pdf 		C: Country data		110.83	104.54	111.92			98.05	131.23	112.58						112.58	2012
16	16.6	16.6.1	GF_XPD_GBPC	Primary government expenditures as a proportion of original approved budget (%)	2019.Q3.G.01	116	Cambodia	035	South-Eastern Asia	Country	KHM	1	104.922836	12.71163737		PT	Percentage			G	Global			PEFA 2015 Cambodia/ Public- www.pefa.org /  Link to data: https://pefa.org/sites/default/files/assements/comments/KH-Dec15-PFMPR-Public.pdf 		C: Country data								102.39	103.06	93.93					93.93	2013
16	16.6	16.6.1	GF_XPD_GBPC	Primary government expenditures as a proportion of original approved budget (%)	2019.Q3.G.01	120	Cameroon	017	Middle Africa	Country	CMR	1	12.7419827	5.692387031		PT	Percentage			G	Global			PEFA 2017 Cameroon/ Public- www.pefa.org /  Link to data: https://pefa.org/sites/default/files/CM-Jun17-PFMPR-Public%20with%20PEFA%20Check.pdf 		C: Country data											100.33	101.04	92.81		92.81	2016
16	16.6	16.6.1	GF_XPD_GBPC	Primary government expenditures as a proportion of original approved budget (%)	2019.Q3.G.01	124	Canada	021	Northern America	Country	CAN	1	-101.6575058	57.72360191																												
16	16.6	16.6.1	GF_XPD_GBPC	Primary government expenditures as a proportion of original approved budget (%)	2019.Q3.G.01	132	Cabo Verde	011	Western Africa	Country	CPV	1	-23.63544151	15.07791834		PT	Percentage			G	Global			data provided by WB Economists		C: Country data				92.66	93.66	87.35	87.72	85.56	96.71	86.11	81.91	87.73	82.55		82.55	2016
16	16.6	16.6.1	GF_XPD_GBPC	Primary government expenditures as a proportion of original approved budget (%)	2019.Q3.G.01	136	Cayman Islands	029	Caribbean	Country	CYM	0	-81.16740559	19.32266656																												
16	16.6	16.6.1	GF_XPD_GBPC	Primary government expenditures as a proportion of original approved budget (%)	2019.Q3.G.01	140	Central African Republic	017	Middle Africa	Country	CAF	1	20.93559492	7.003720791		PT	Percentage			G	Global			[2007]: PEFA 2010 Central African Republic/ Public- www.pefa.org /  Link to data:  https://pefa.org/sites/default/files/assements/comments/CAR-Jul10-PFMPR-Public.pdf    // [2008]: PEFA 2010 Central African Republic/ Public- www.pefa.org /  Link to data:  https://pefa.org/sites/default/files/assements/comments/CAR-Jul10-PFMPR-Public.pdf // [2009]: PEFA 2010 Central African Republic/ Public- www.pefa.org /  Link to data:  https://pefa.org/sites/default/files/assements/comments/CAR-Jul10-PFMPR-Public.pdf 		C: Country data				97.82	93.91	89.93									89.93	2009
16	16.6	16.6.1	GF_XPD_GBPC	Primary government expenditures as a proportion of original approved budget (%)	2019.Q3.G.01	144	Sri Lanka	034	Southern Asia	Country	LKA	1	80.70489654	7.614693343		PT	Percentage			G	Global			data provided by WB Economists		C: Country data				100.81	95.4	100.86	100.05	100.95	97.59	93.53	90.44	112.6	90.53		90.53	2016
16	16.6	16.6.1	GF_XPD_GBPC	Primary government expenditures as a proportion of original approved budget (%)	2019.Q3.G.01	148	Chad	017	Middle Africa	Country	TCD	1	18.66618401	15.36279341		PT	Percentage			G	Global			data provided by WB Economists		C: Country data				102.94	94.93	108.15	144.45	101.64	95.3	84.87	87.5	64.93	57.64	95.04	95.04	2017
16	16.6	16.6.1	GF_XPD_GBPC	Primary government expenditures as a proportion of original approved budget (%)	2019.Q3.G.01	152	Chile	005	South America	Country	CHL	1	-71.23029019	-35.2652885																												
16	16.6	16.6.1	GF_XPD_GBPC	Primary government expenditures as a proportion of original approved budget (%)	2019.Q3.G.01	156	China	030	Eastern Asia	Country	CHN	1	104.1403375	32.30955217																												
16	16.6	16.6.1	GF_XPD_GBPC	Primary government expenditures as a proportion of original approved budget (%)	2019.Q3.G.01	162	Christmas Island	053	Australia and New Zealand	Country	CXR	0	105.6426067	-10.4882473																												
16	16.6	16.6.1	GF_XPD_GBPC	Primary government expenditures as a proportion of original approved budget (%)	2019.Q3.G.01	166	Cocos (Keeling) Islands	053	Australia and New Zealand	Country	CCK	0	96.82633757	-12.18600682																												
16	16.6	16.6.1	GF_XPD_GBPC	Primary government expenditures as a proportion of original approved budget (%)	2019.Q3.G.01	170	Colombia	005	South America	Country	COL	1	-73.07446751	3.888209046		PT	Percentage			G	Global			[2005-2007]: PEFA 2009 Colombia/ Public- www.pefa.org /  Link to data: https://pefa.org/sites/default/files/assements/comments/CO-Jun09-PFMPR-Public.pdf  // [2012-2014]: PEFA 2012 Colombia/ Public- www.pefa.org /  Link to data: https://pefa.org/sites/default/files/CO-Oct16-PFMPR-Public%20with%20PEFA%20Check-ENG.pdf 		C: Country data		99.69	96.51	94.49					95.06	93.6	90.41				90.41	2014
16	16.6	16.6.1	GF_XPD_GBPC	Primary government expenditures as a proportion of original approved budget (%)	2019.Q3.G.01	174	Comoros	014	Eastern Africa	Country	COM	1	43.34234565	-11.66121732		PT	Percentage			G	Global			[2010-2012]: PEFA 2013 Comoros/ Public- www.pefa.org /  Link to data: https://pefa.org/sites/default/files/assements/comments/KM-Jul13-PFMPR-Public.pdf // [2013-2015]: PEFA 2016 Comoros/ Public- www.pefa.org /  Link to data: https://pefa.org/sites/default/files/KM-Oct16-PFMPR-Public%20with%20PEFA%20Check.pdf 		C: Country data							106.95	95.06	109.89	95.59	100.63	94.96			94.96	2015
16	16.6	16.6.1	GF_XPD_GBPC	Primary government expenditures as a proportion of original approved budget (%)	2019.Q3.G.01	175	Mayotte	014	Eastern Africa	Country	MYT	0	45.14015057	-12.82217691																												
16	16.6	16.6.1	GF_XPD_GBPC	Primary government expenditures as a proportion of original approved budget (%)	2019.Q3.G.01	178	Congo	011	Western Africa	Country	COG	1	15.22052612	-0.840544119		PT	Percentage			G	Global			PEFA 2014 Republic of Congo/ Public- www.pefa.org /  Link to data: https://pefa.org/sites/default/files/assements/comments/CG-Jun14-PFMPR-Public_0.pdf 		C: Country data							99.76	104.59	129.01						129.01	2012
16	16.6	16.6.1	GF_XPD_GBPC	Primary government expenditures as a proportion of original approved budget (%)	2019.Q3.G.01	180	Democratic Republic of the Congo	017	Middle Africa	Country	COD	1	23.65496507	-2.877154732		PT	Percentage			G	Global			PEFA 2008 DR Congo/ Public- www.pefa.org /  Link to data: https://pefa.org/sites/default/files/assements/comments/DRC-Mar08-PFMPR-Public.pdf 		C: Country data	70.0	120.9	116.1												116.1	2006
16	16.6	16.6.1	GF_XPD_GBPC	Primary government expenditures as a proportion of original approved budget (%)	2019.Q3.G.01	184	Cook Islands	061	Polynesia	Country	COK	0	-159.7711391	-21.22696458		PT	Percentage			G	Global			[2008-2010]: PEFA 2011 Cook Islands/ Public- www.pefa.org /  Link to data: https://pefa.org/sites/default/files/CK-Aug11-PFMPR-Public.pdf  // [2012-2014]: PEFA 2015 Cook Islands/ Public- www.pefa.org /  Link to data: https://pefa.org/sites/default/files/assements/comments/CK-Aug15-PFMPR-Public.pdf 		C: Country data					103.19	124.76	113.93		107.31	93.39	97.34				97.34	2014
16	16.6	16.6.1	GF_XPD_GBPC	Primary government expenditures as a proportion of original approved budget (%)	2019.Q3.G.01	188	Costa Rica	013	Central America	Country	CRI	1	-84.19712782	9.970998683																												
16	16.6	16.6.1	GF_XPD_GBPC	Primary government expenditures as a proportion of original approved budget (%)	2019.Q3.G.01	191	Croatia	039	Southern Europe	Country	HRV	1	17.95874553	45.45172212																												
16	16.6	16.6.1	GF_XPD_GBPC	Primary government expenditures as a proportion of original approved budget (%)	2019.Q3.G.01	192	Cuba	029	Caribbean	Country	CUB	1	-79.54460144	22.10030366																												
16	16.6	16.6.1	GF_XPD_GBPC	Primary government expenditures as a proportion of original approved budget (%)	2019.Q3.G.01	196	Cyprus	145	Western Asia	Country	CYP	1	33.22285964	35.05659437																												
16	16.6	16.6.1	GF_XPD_GBPC	Primary government expenditures as a proportion of original approved budget (%)	2019.Q3.G.01	203	Czechia	151	Eastern Europe	Country	CZE	1	15.33151382	49.73913871																												
16	16.6	16.6.1	GF_XPD_GBPC	Primary government expenditures as a proportion of original approved budget (%)	2019.Q3.G.01	204	Benin	011	Western Africa	Country	BEN	1	2.339933594	9.65401646		PT	Percentage			G	Global			data provided by WB Economists		C: Country data				53.94	93.15	86.56	72.04	70.63	78.2	82.25	78.56				78.56	2014
16	16.6	16.6.1	GF_XPD_GBPC	Primary government expenditures as a proportion of original approved budget (%)	2019.Q3.G.01	208	Denmark	154	Northern Europe	Country	DNK	1	9.326571283	56.03829721																												
16	16.6	16.6.1	GF_XPD_GBPC	Primary government expenditures as a proportion of original approved budget (%)	2019.Q3.G.01	212	Dominica	029	Caribbean	Country	DMA	1	-61.3493756	15.43391378																												
16	16.6	16.6.1	GF_XPD_GBPC	Primary government expenditures as a proportion of original approved budget (%)	2019.Q3.G.01	214	Dominican Republic	029	Caribbean	Country	DOM	1	-70.49847576	18.89832088		PT	Percentage			G	Global			[2007-2009]: PEFA 2010 Dominican Republic Report / Public- www.pefa.org /  Link to data: https://pefa.org/sites/default/files/assements/comments/DO-Nov10-PFMPR-Public.pdf  // [2010-2011]: PEFA 2012 Dominican Republic Report / Public- www.pefa.org /  Link to data: https://pefa.org/sites/default/files/assements/comments/DO-Oct12-PFMPR-Public-ES.pdf  // [2013-2015]: PEFA 2016 Dominican Republic Report / Public- www.pefa.org /  Link to data: https://pefa.org/sites/default/files/DO-Oct16-PFMPR-Public%20with%20PEFA%20Check.pdf 		C: Country data				107.97	117.09	98.51	100.53	103.71		96.29	98.07	97.82			97.82	2015
16	16.6	16.6.1	GF_XPD_GBPC	Primary government expenditures as a proportion of original approved budget (%)	2019.Q3.G.01	218	Ecuador	005	South America	Country	ECU	1	-78.37005241	-1.447785891																												
16	16.6	16.6.1	GF_XPD_GBPC	Primary government expenditures as a proportion of original approved budget (%)	2019.Q3.G.01	222	El Salvador	013	Central America	Country	SLV	1	-88.86862995	13.73603564		PT	Percentage			G	Global			[2006-2008]: PEFA 2009 EL Salvador Report / Public- www.pefa.org /  Link to data: https://pefa.org/sites/default/files/assements/comments/SV-May09-PFMPR-Public.pdf // [2010-2012]: PEFA 2013 EL Salvador Report / Public- www.pefa.org /  Link to data: https://pefa.org/sites/default/files/assements/comments/SV-Aug13-PFMPR-Public_0.pdf		C: Country data			108.32	116.4	110.97		100.25	100.61	99.0						99.0	2012
16	16.6	16.6.1	GF_XPD_GBPC	Primary government expenditures as a proportion of original approved budget (%)	2019.Q3.G.01	226	Equatorial Guinea	017	Middle Africa	Country	GNQ	1	10.46535826	1.565792376																												
16	16.6	16.6.1	GF_XPD_GBPC	Primary government expenditures as a proportion of original approved budget (%)	2019.Q3.G.01	231	Ethiopia	014	Eastern Africa	Country	ETH	1	39.63505296	8.631223181		PT	Percentage			G	Global			[2007-2009]: PEFA 2010 Ethiopia  Report / Public- www.pefa.org /  Link to data: https://pefa.org/sites/default/files/assements/comments/ET-Sep10-PFMPR-Public.pdf // [2011-2013]: PEFA 2015 Ethiopia  Report / Public- www.pefa.org /  Link to data: https://pefa.org/sites/default/files/ET-Jun15-PFMPR-Public_0.pdf		C: Country data				91.59	95.95	94.82		108.2	103.06	98.89					98.89	2013
16	16.6	16.6.1	GF_XPD_GBPC	Primary government expenditures as a proportion of original approved budget (%)	2019.Q3.G.01	232	Eritrea	014	Eastern Africa	Country	ERI	1	38.11074289	16.12894644																												
16	16.6	16.6.1	GF_XPD_GBPC	Primary government expenditures as a proportion of original approved budget (%)	2019.Q3.G.01	233	Estonia	154	Northern Europe	Country	EST	1	25.84093481	58.68487172																												
16	16.6	16.6.1	GF_XPD_GBPC	Primary government expenditures as a proportion of original approved budget (%)	2019.Q3.G.01	234	Faroe Islands	154	Northern Europe	Country	FRO	0	-7.122044325	62.21228119																												
16	16.6	16.6.1	GF_XPD_GBPC	Primary government expenditures as a proportion of original approved budget (%)	2019.Q3.G.01	238	Falkland Islands (Malvinas)	005	South America	Country	FLK	0	-58.75246778	-51.74562601																												
16	16.6	16.6.1	GF_XPD_GBPC	Primary government expenditures as a proportion of original approved budget (%)	2019.Q3.G.01	239	South Georgia and the South Sandwich Islands	005	South America	Country	SGS	0	-36.90662765	-54.20736749																												
16	16.6	16.6.1	GF_XPD_GBPC	Primary government expenditures as a proportion of original approved budget (%)	2019.Q3.G.01	242	Fiji	054	Melanesia	Country	FJI	1	177.9660884	-17.83301566																												
16	16.6	16.6.1	GF_XPD_GBPC	Primary government expenditures as a proportion of original approved budget (%)	2019.Q3.G.01	246	Finland	154	Northern Europe	Country	FIN	1	23.308447	61.91586738																												
16	16.6	16.6.1	GF_XPD_GBPC	Primary government expenditures as a proportion of original approved budget (%)	2019.Q3.G.01	248	Åland Islands	154	Northern Europe	Country	ALA	0	19.80945969	60.1544901																												
16	16.6	16.6.1	GF_XPD_GBPC	Primary government expenditures as a proportion of original approved budget (%)	2019.Q3.G.01	250	France	155	Western Europe	Country	FRA	1	2.457288129	46.62660861																												
16	16.6	16.6.1	GF_XPD_GBPC	Primary government expenditures as a proportion of original approved budget (%)	2019.Q3.G.01	254	French Guiana	005	South America	Country	GUF	0	-53.23619089	3.922673437																												
16	16.6	16.6.1	GF_XPD_GBPC	Primary government expenditures as a proportion of original approved budget (%)	2019.Q3.G.01	258	French Polynesia	061	Polynesia	Country	PYF	0	-149.4052367	-17.67709294		PT	Percentage			G	Global			PEFA 2015 French Polynesia Report / Public- www.pefa.org /  Link to data: https://pefa.org/sites/default/files/assements/comments/PF-Nov15-PFMPR-Public%20with%20Pefa%20Check.pdf 		C: Country data									106.72	101.9	104.03				104.03	2014
16	16.6	16.6.1	GF_XPD_GBPC	Primary government expenditures as a proportion of original approved budget (%)	2019.Q3.G.01	260	French Southern Territories	014	Eastern Africa	Country	ATF	0	69.64849091	-49.6068576																												
16	16.6	16.6.1	GF_XPD_GBPC	Primary government expenditures as a proportion of original approved budget (%)	2019.Q3.G.01	262	Djibouti	014	Eastern Africa	Country	DJI	1	42.18274707	11.56004161																												
16	16.6	16.6.1	GF_XPD_GBPC	Primary government expenditures as a proportion of original approved budget (%)	2019.Q3.G.01	266	Gabon	017	Middle Africa	Country	GAB	1	11.78727747	-0.60687619		PT	Percentage			G	Global			[2010-2012]: PEFA 2014 Gabon Report / Public- www.pefa.org /  Link to data: https://pefa.org/sites/default/files/GA-Dec14-PFMPR-Public.PDF  // [2013]: PEFA 2017 Gabon Report / Public- www.pefa.org /  Link to data: https://pefa.org/sites/default/files/GA-May17-PFMPR-Public%20with%20PEFA%20Check.pdf  // [2014-2015]: PEFA 2017 Gabon Report / Public- www.pefa.org /  Link to data: https://pefa.org/sites/default/files/GA-May17-PFMPR-Public%20with%20PEFA%20Check.pdf		C: Country data							117.54	97.61	111.37	84.91	67.29	67.41			67.41	2015
16	16.6	16.6.1	GF_XPD_GBPC	Primary government expenditures as a proportion of original approved budget (%)	2019.Q3.G.01	268	Georgia	145	Western Asia	Country	GEO	1	43.3713615	42.04813028																												
16	16.6	16.6.1	GF_XPD_GBPC	Primary government expenditures as a proportion of original approved budget (%)	2019.Q3.G.01	270	Gambia	011	Western Africa	Country	GMB	1	-15.39944785	13.45295927		PT	Percentage			G	Global			PEFA 2015 The Gambia Report / Public- www.pefa.org /  Link to data: https://pefa.org/sites/default/files/assements/comments/GM-Jan15-PFMPR-Public.pdf 		C: Country data								104.55	114.42	131.48					131.48	2013
16	16.6	16.6.1	GF_XPD_GBPC	Primary government expenditures as a proportion of original approved budget (%)	2019.Q3.G.01	275	State of Palestine	145	Western Asia	Country	PSE	0	35.25694122	31.94347933		PT	Percentage			G	Global			PEFA 2013 West Bank and Gaza Public Report /  Link to data: https://pefa.org/sites/default/files/WBGS-Jun13-PFMPR-Public.pdf 		C: Country data							94.86	97.31	103.34						103.34	2012
16	16.6	16.6.1	GF_XPD_GBPC	Primary government expenditures as a proportion of original approved budget (%)	2019.Q3.G.01	276	Germany	155	Western Europe	Country	DEU	1	10.3806066	51.08862743																												
16	16.6	16.6.1	GF_XPD_GBPC	Primary government expenditures as a proportion of original approved budget (%)	2019.Q3.G.01	288	Ghana	011	Western Africa	Country	GHA	1	-1.205623522	7.964825185		PT	Percentage			G	Global			[2006-2008]: PEFA 2010 Ghana Report / Public- www.pefa.org /  Link to data: https://pefa.org/sites/default/files/assements/comments/GH-Jan10-PFMPR-Public.pdf  // [2009-2011]: PEFA 2013 Ghana Report / Public- www.pefa.org /  Link to data: https://pefa.org/sites/default/files/assements/comments/GH-Jun13-PFMPR-Public.pdf 		C: Country data			109.53	109.45	134.19	90.94	100.85	135.1							135.1	2011
16	16.6	16.6.1	GF_XPD_GBPC	Primary government expenditures as a proportion of original approved budget (%)	2019.Q3.G.01	292	Gibraltar	039	Southern Europe	Country	GIB	0	-5.347561686	36.13895036																												
16	16.6	16.6.1	GF_XPD_GBPC	Primary government expenditures as a proportion of original approved budget (%)	2019.Q3.G.01	296	Kiribati	057	Micronesia	Country	KIR	1	-157.5643005	1.768837732																												
16	16.6	16.6.1	GF_XPD_GBPC	Primary government expenditures as a proportion of original approved budget (%)	2019.Q3.G.01	300	Greece	039	Southern Europe	Country	GRC	1	22.58307827	39.47301873																												
16	16.6	16.6.1	GF_XPD_GBPC	Primary government expenditures as a proportion of original approved budget (%)	2019.Q3.G.01	304	Greenland	021	Northern America	Country	GRL	0	-41.39371316	74.75625681		PT	Percentage			G	Global			PEFA 2014 Greenland Report / Public- www.pefa.org /  Link to data: https://pefa.org/sites/default/files/assements/comments/GL-Aug14-PFMPR-Public_0.pdf 		C: Country data							98.75	101.65	99.67						99.67	2012
16	16.6	16.6.1	GF_XPD_GBPC	Primary government expenditures as a proportion of original approved budget (%)	2019.Q3.G.01	308	Grenada	029	Caribbean	Country	GRD	1	-61.68248568	12.11238395		PT	Percentage			G	Global			PEFA 2010 Grenada Report / Public- www.pefa.org /  Link to data: https://pefa.org/sites/default/files/assements/comments/GD-Mar10-PFMPR-Public.pdf 		C: Country data			116.46	109.37	116.76										116.76	2008
16	16.6	16.6.1	GF_XPD_GBPC	Primary government expenditures as a proportion of original approved budget (%)	2019.Q3.G.01	312	Guadeloupe	029	Caribbean	Country	GLP	0	-61.64762115	16.14416917																												
16	16.6	16.6.1	GF_XPD_GBPC	Primary government expenditures as a proportion of original approved budget (%)	2019.Q3.G.01	316	Guam	057	Micronesia	Country	GUM	0	144.7029305	13.35485404																												
16	16.6	16.6.1	GF_XPD_GBPC	Primary government expenditures as a proportion of original approved budget (%)	2019.Q3.G.01	320	Guatemala	013	Central America	Country	GTM	1	-91.2312746	15.00273719																												
16	16.6	16.6.1	GF_XPD_GBPC	Primary government expenditures as a proportion of original approved budget (%)	2019.Q3.G.01	324	Guinea	011	Western Africa	Country	GIN	1	-11.28173419	11.00210343																												
16	16.6	16.6.1	GF_XPD_GBPC	Primary government expenditures as a proportion of original approved budget (%)	2019.Q3.G.01	328	Guyana	005	South America	Country	GUY	1	-58.97322037	4.788012784																												
16	16.6	16.6.1	GF_XPD_GBPC	Primary government expenditures as a proportion of original approved budget (%)	2019.Q3.G.01	332	Haiti	029	Caribbean	Country	HTI	1	-72.33640958	18.40426539																												
16	16.6	16.6.1	GF_XPD_GBPC	Primary government expenditures as a proportion of original approved budget (%)	2019.Q3.G.01	334	Heard Island and McDonald Islands	053	Australia and New Zealand	Country	HMD	0	73.52633626	-53.09106147																												
16	16.6	16.6.1	GF_XPD_GBPC	Primary government expenditures as a proportion of original approved budget (%)	2019.Q3.G.01	336	Holy See	039	Southern Europe	Country	VAT	0	12.45315803	41.90343751																												
16	16.6	16.6.1	GF_XPD_GBPC	Primary government expenditures as a proportion of original approved budget (%)	2019.Q3.G.01	340	Honduras	013	Central America	Country	HND	1	-86.59974381	14.82243161		PT	Percentage			G	Global			[2006-2007]: PEFA 2009 Honduras Report / Public- www.pefa.org /  Link to data: https://pefa.org/sites/default/files/assements/comments/HN-Apr09-PFMPR-Public.pdf  // [2008-2010]: PEFA 2011 Honduras Report / Public- www.pefa.org /  Link to data: https://pefa.org/sites/default/files/assements/comments/HN-Oct11-PFMPR-Public.pdf // [2011]: PEFA 2013 Honduras Report / Public- www.pefa.org /  Link to data: https://pefa.org/sites/default/files/assements/comments/HN-Mar13-PFMPR-Public.pdf 		C: Country data			106.23	100.1	104.19	112.21	103.1	109.01							109.01	2011
16	16.6	16.6.1	GF_XPD_GBPC	Primary government expenditures as a proportion of original approved budget (%)	2019.Q3.G.01	344	China, Hong Kong Special Administrative Region	030	Eastern Asia	Country	HKG	0	114.0266445	22.41749934																												
16	16.6	16.6.1	GF_XPD_GBPC	Primary government expenditures as a proportion of original approved budget (%)	2019.Q3.G.01	348	Hungary	151	Eastern Europe	Country	HUN	1	19.41221519	47.1651448																												
16	16.6	16.6.1	GF_XPD_GBPC	Primary government expenditures as a proportion of original approved budget (%)	2019.Q3.G.01	352	Iceland	154	Northern Europe	Country	ISL	1	-19.02116966	64.79134763																												
16	16.6	16.6.1	GF_XPD_GBPC	Primary government expenditures as a proportion of original approved budget (%)	2019.Q3.G.01	356	India	034	Southern Asia	Country	IND	1	79.3608464	22.34642074		PT	Percentage			G	Global			data provided by WB Economists		C: Country data				103.44	104.72	117.72	100.36	107.99	103.71	94.6	93.64	92.69	100.75		100.75	2016
16	16.6	16.6.1	GF_XPD_GBPC	Primary government expenditures as a proportion of original approved budget (%)	2019.Q3.G.01	360	Indonesia	035	South-Eastern Asia	Country	IDN	1	113.9174	-0.994582204		PT	Percentage			G	Global			data provided by WB Economists		C: Country data				93.55	115.34	90.39	99.47	105.32	103.9	98.07	96.46	88.58	88.95		88.95	2016
16	16.6	16.6.1	GF_XPD_GBPC	Primary government expenditures as a proportion of original approved budget (%)	2019.Q3.G.01	364	Iran (Islamic Republic of)	034	Southern Asia	Country	IRN	1	54.19766348	32.74370885																												
16	16.6	16.6.1	GF_XPD_GBPC	Primary government expenditures as a proportion of original approved budget (%)	2019.Q3.G.01	368	Iraq	145	Western Asia	Country	IRQ	1	43.76606267	33.05013795		PT	Percentage			G	Global			PEFA 2017 Iraq Report / Public- www.pefa.org /  Link to data: https://pefa.org/sites/default/files/IQ-Oct17-PFMPR-Public%20with%20PEFA%20Check.pdf 		C: Country data										86.08	68.85				68.85	2014
16	16.6	16.6.1	GF_XPD_GBPC	Primary government expenditures as a proportion of original approved budget (%)	2019.Q3.G.01	372	Ireland	154	Northern Europe	Country	IRL	1	-7.121425272	53.25274054																												
16	16.6	16.6.1	GF_XPD_GBPC	Primary government expenditures as a proportion of original approved budget (%)	2019.Q3.G.01	376	Israel	145	Western Asia	Country	ISR	1	34.62277992	31.06164552																												
16	16.6	16.6.1	GF_XPD_GBPC	Primary government expenditures as a proportion of original approved budget (%)	2019.Q3.G.01	380	Italy	039	Southern Europe	Country	ITA	1	12.57022427	42.79917282																												
16	16.6	16.6.1	GF_XPD_GBPC	Primary government expenditures as a proportion of original approved budget (%)	2019.Q3.G.01	384	Côte d'Ivoire	011	Western Africa	Country	CIV	1	-5.552690016	7.62211586		PT	Percentage			G	Global			data provided by WB Economists		C: Country data				97.76	92.16	107.55	119.35	101.25	107.28	102.41	103.84	94.14	97.35		97.35	2016
16	16.6	16.6.1	GF_XPD_GBPC	Primary government expenditures as a proportion of original approved budget (%)	2019.Q3.G.01	388	Jamaica	029	Caribbean	Country	JAM	1	-77.31068409	18.15616857																												
16	16.6	16.6.1	GF_XPD_GBPC	Primary government expenditures as a proportion of original approved budget (%)	2019.Q3.G.01	392	Japan	030	Eastern Asia	Country	JPN	1	139.2716103	36.6554539																												
16	16.6	16.6.1	GF_XPD_GBPC	Primary government expenditures as a proportion of original approved budget (%)	2019.Q3.G.01	398	Kazakhstan	143	Central Asia	Country	KAZ	1	66.65359159	48.01963494		PT	Percentage			G	Global			data provided by WB Economists		C: Country data				113.2	125.73	96.27	110.14	110.68	105.29	96.34	105.25	91.06	111.01		111.01	2016
16	16.6	16.6.1	GF_XPD_GBPC	Primary government expenditures as a proportion of original approved budget (%)	2019.Q3.G.01	400	Jordan	145	Western Asia	Country	JOR	1	37.13024774	30.65365973		PT	Percentage			G	Global			[2005-2006]: PEFA 2007 Jordan Report / Public- www.pefa.org /  Link to data: https://pefa.org/sites/default/files/assements/comments/JO-Apr07-PFM-PR-Public.pdf // [2008-2010]: PEFA 2011 Jordan Report / Public- www.pefa.org /  Link to data: https://pefa.org/sites/default/files/assements/comments/JO-Sep11-PFMPR-Public.pdf // [2013-2015]: PEFA 2017 Jordan Report / Public- www.pefa.org /  Link to data: https://pefa.org/sites/default/files/Jo-Feb17-PFMPR-Public.pdf		C: Country data		106.28	113.42		104.72	97.81	106.34			94.92	96.97	98.04			98.04	2015
16	16.6	16.6.1	GF_XPD_GBPC	Primary government expenditures as a proportion of original approved budget (%)	2019.Q3.G.01	404	Kenya	014	Eastern Africa	Country	KEN	1	37.86096816	0.534797278		PT	Percentage			G	Global			[2006-2007]: PEFA 2009 Kenya Report / Public- www.pefa.org /  Link to data: https://pefa.org/sites/default/files/assements/comments/KE-Mar09-PFMPR-Public.pdf  // [2009-2010]: PEFA 2012 Kenya Report / Public- www.pefa.org /  Link to data: https://pefa.org/sites/default/files/assements/comments/KE-Aug12-PFMPR-Public_0.pdf // [2011]: PEFA 2012 Kenya Report / Public- www.pefa.org /  Link to data: https://pefa.org/sites/default/files/assements/comments/KE-Aug12-PFMPR-Public_0.pdf 		C: Country data			94.42	95.85		95.12	92.53	87.9							87.9	2011
16	16.6	16.6.1	GF_XPD_GBPC	Primary government expenditures as a proportion of original approved budget (%)	2019.Q3.G.01	408	Democratic People's Republic of Korea	030	Eastern Asia	Country	PRK	1	127.1803633	40.1462645																												
16	16.6	16.6.1	GF_XPD_GBPC	Primary government expenditures as a proportion of original approved budget (%)	2019.Q3.G.01	410	Republic of Korea	030	Eastern Asia	Country	KOR	1	127.8610254	36.45201023																												
16	16.6	16.6.1	GF_XPD_GBPC	Primary government expenditures as a proportion of original approved budget (%)	2019.Q3.G.01	414	Kuwait	145	Western Asia	Country	KWT	1	47.49305029	29.53949468		PT	Percentage			G	Global			PEFA 2010 Kuwait Report /Public-www.pefa.org /  Link to data: https://pefa.org/sites/default/files/assements/comments/KW-Aug10-PFMPR-Public.pdf 		C: Country data				94.85	85.82										85.82	2008
16	16.6	16.6.1	GF_XPD_GBPC	Primary government expenditures as a proportion of original approved budget (%)	2019.Q3.G.01	417	Kyrgyzstan	143	Central Asia	Country	KGZ	1	74.52324839	41.46204516		PT	Percentage			G	Global			data provided by WB Economists		C: Country data				108.97	97.58	105.45	92.89	92.22	100.87	86.7	104.37	101.68	93.09		93.09	2016
16	16.6	16.6.1	GF_XPD_GBPC	Primary government expenditures as a proportion of original approved budget (%)	2019.Q3.G.01	418	Lao People's Democratic Republic	035	South-Eastern Asia	Country	LAO	1	101.9901968	20.27482773																												
16	16.6	16.6.1	GF_XPD_GBPC	Primary government expenditures as a proportion of original approved budget (%)	2019.Q3.G.01	422	Lebanon	145	Western Asia	Country	LBN	1	35.89391711	33.92152458																												
16	16.6	16.6.1	GF_XPD_GBPC	Primary government expenditures as a proportion of original approved budget (%)	2019.Q3.G.01	426	Lesotho	018	Southern Africa	Country	LSO	1	28.25362195	-29.58041814		PT	Percentage			G	Global			[2010-2012]: PEFA 2012 Lesotho Report / Public- www.pefa.org /  Link to data: https://pefa.org/sites/default/files/assements/comments/LS-Nov12-PFMPR-Public.pdf  // [2014-2016]: PEFA 2017 Lesotho Report / Public- www.pefa.org /  Link to data: https://pefa.org/sites/default/files/LS-Apr17-PFMPR-Public%20with%20PEFA%20Check.pdf 		C: Country data							91.67	94.13	100.46		98.9	125.92	131.33		131.33	2016
16	16.6	16.6.1	GF_XPD_GBPC	Primary government expenditures as a proportion of original approved budget (%)	2019.Q3.G.01	428	Latvia	154	Northern Europe	Country	LVA	1	26.42461876	56.64196636																												
16	16.6	16.6.1	GF_XPD_GBPC	Primary government expenditures as a proportion of original approved budget (%)	2019.Q3.G.01	430	Liberia	011	Western Africa	Country	LBR	1	-9.311879038	6.448381009		PT	Percentage			G	Global			[2009-2011]: PEFA 2012 Liberia Report / Public- www.pefa.org /  Link to data: https://pefa.org/sites/default/files/assements/comments/LR-Jul12-PFMPR-Public.pdf  // [2013-2015]: PEFA 2016 Liberia Report / Public- www.pefa.org /  Link to data: https://pefa.org/sites/default/files/LR-Jul16-PFMPR-Public%20with%20PEFA%20Check.pdf 		C: Country data						80.99	80.24	108.39		82.8	88.79	98.04			98.04	2015
16	16.6	16.6.1	GF_XPD_GBPC	Primary government expenditures as a proportion of original approved budget (%)	2019.Q3.G.01	434	Libya	015	Northern Africa	Country	LBY	1	18.0295985	27.04042819																												
16	16.6	16.6.1	GF_XPD_GBPC	Primary government expenditures as a proportion of original approved budget (%)	2019.Q3.G.01	438	Liechtenstein	155	Western Europe	Country	LIE	1	9.552985019	47.14167005																												
16	16.6	16.6.1	GF_XPD_GBPC	Primary government expenditures as a proportion of original approved budget (%)	2019.Q3.G.01	440	Lithuania	154	Northern Europe	Country	LTU	1	23.90517807	55.33680309																												
16	16.6	16.6.1	GF_XPD_GBPC	Primary government expenditures as a proportion of original approved budget (%)	2019.Q3.G.01	442	Luxembourg	155	Western Europe	Country	LUX	1	6.092656563	49.77679538																												
16	16.6	16.6.1	GF_XPD_GBPC	Primary government expenditures as a proportion of original approved budget (%)	2019.Q3.G.01	446	China, Macao Special Administrative Region	030	Eastern Asia	Country	MAC	0	113.5665388	22.1237259																												
16	16.6	16.6.1	GF_XPD_GBPC	Primary government expenditures as a proportion of original approved budget (%)	2019.Q3.G.01	450	Madagascar	014	Eastern Africa	Country	MDG	1	46.6982339	-19.38514785		PT	Percentage			G	Global			[2010-2012]: PEFA 2014 Madagascar Report / Public- www.pefa.org /  Link to data: https://pefa.org/sites/default/files/assements/comments/MG-Aug14-PFMPR-Public.pdf  // [2014-2016]: PEFA 2018 Madagascar Report / Public- www.pefa.org /  Link to data: https://pefa.org/sites/default/files/MG-Mar18-PFMPR-Public%20with%20PEFA%20Check.pdf		C: Country data							79.22	81.35	96.77		93.85	83.97	118.49		118.49	2016
16	16.6	16.6.1	GF_XPD_GBPC	Primary government expenditures as a proportion of original approved budget (%)	2019.Q3.G.01	454	Malawi	014	Eastern Africa	Country	MWI	1	33.4884625	-13.40819859		PT	Percentage			G	Global			data provided by WB Economists		C: Country data					88.6	109.51	104.54	104.35	111.32	122.72	94.94	103.17	96.14		96.14	2016
16	16.6	16.6.1	GF_XPD_GBPC	Primary government expenditures as a proportion of original approved budget (%)	2019.Q3.G.01	458	Malaysia	035	South-Eastern Asia	Country	MYS	1	116.8346314	5.452415309																												
16	16.6	16.6.1	GF_XPD_GBPC	Primary government expenditures as a proportion of original approved budget (%)	2019.Q3.G.01	462	Maldives	034	Southern Asia	Country	MDV	1	73.09672546	-0.614385021																												
16	16.6	16.6.1	GF_XPD_GBPC	Primary government expenditures as a proportion of original approved budget (%)	2019.Q3.G.01	466	Mali	011	Western Africa	Country	MLI	1	-3.522016039	17.35311254		PT	Percentage			G	Global			data provided by WB Economists		C: Country data				90.73	84.65	89.33	84.48	89.86	94.16	95.59	82.3	86.48	84.52		84.52	2016
16	16.6	16.6.1	GF_XPD_GBPC	Primary government expenditures as a proportion of original approved budget (%)	2019.Q3.G.01	470	Malta	039	Southern Europe	Country	MLT	1	14.44617519	35.89194275																												
16	16.6	16.6.1	GF_XPD_GBPC	Primary government expenditures as a proportion of original approved budget (%)	2019.Q3.G.01	474	Martinique	029	Caribbean	Country	MTQ	0	-60.91544135	14.56086108																												
16	16.6	16.6.1	GF_XPD_GBPC	Primary government expenditures as a proportion of original approved budget (%)	2019.Q3.G.01	478	Mauritania	011	Western Africa	Country	MRT	1	-10.33187259	20.26089546		PT	Percentage			G	Global			data provided by WB Economists		C: Country data					107.39	97.52	107.45		124.18	110.61	92.69	108.25	97.96		97.96	2016
16	16.6	16.6.1	GF_XPD_GBPC	Primary government expenditures as a proportion of original approved budget (%)	2019.Q3.G.01	480	Mauritius	014	Eastern Africa	Country	MUS	1	57.568022	-20.28581998		PT	Percentage			G	Global			[2008-2010]: PEFA 2011 Mauritius Report / Public- www.pefa.org /  Link to data: https://pefa.org/sites/default/files/assements/comments/MU-Aug11-PFMPR-Public.pdf  // [2012-2014]: PEFA 2011 Mauritius Report / Public- www.pefa.org /  Link to data: https://pefa.org/sites/default/files/MU-Dec15-PFMPR-Public.pdf 		C: Country data					75.46	76.76	103.91		86.77	99.88	92.67				92.67	2014
16	16.6	16.6.1	GF_XPD_GBPC	Primary government expenditures as a proportion of original approved budget (%)	2019.Q3.G.01	484	Mexico	013	Central America	Country	MEX	1	-102.5148166	23.93378032																												
16	16.6	16.6.1	GF_XPD_GBPC	Primary government expenditures as a proportion of original approved budget (%)	2019.Q3.G.01	492	Monaco	155	Western Europe	Country	MCO	1	7.424214814	43.73532918																												
16	16.6	16.6.1	GF_XPD_GBPC	Primary government expenditures as a proportion of original approved budget (%)	2019.Q3.G.01	496	Mongolia	030	Eastern Asia	Country	MNG	1	103.0728057	46.83892054		PT	Percentage			G	Global			PEFA 2015 Mongolia Report / Public- www.pefa.org /  Link to data: https://pefa.org/sites/default/files/assements/comments/MN-Apr15-PFMPR-Public.pdf 		C: Country data								128.8	81.88	80.76					80.76	2013
16	16.6	16.6.1	GF_XPD_GBPC	Primary government expenditures as a proportion of original approved budget (%)	2019.Q3.G.01	498	Republic of Moldova	151	Eastern Europe	Country	MDA	1	28.4650624	47.20236795		PT	Percentage			G	Global			data provided by WB Economists		C: Country data						96.12	94.29	96.49	96.55	96.38	99.98	92.67	91.76		91.76	2016
16	16.6	16.6.1	GF_XPD_GBPC	Primary government expenditures as a proportion of original approved budget (%)	2019.Q3.G.01	499	Montenegro	039	Southern Europe	Country	MNE	1	19.25214024	42.78717043		PT	Percentage			G	Global			data provided by WB Economists		C: Country data						89.16	99.17	104.8	104.47	112.06	108.9	103.4	100.52		100.52	2016
16	16.6	16.6.1	GF_XPD_GBPC	Primary government expenditures as a proportion of original approved budget (%)	2019.Q3.G.01	500	Montserrat	029	Caribbean	Country	MSR	0	-62.19261223	16.73558313																												
16	16.6	16.6.1	GF_XPD_GBPC	Primary government expenditures as a proportion of original approved budget (%)	2019.Q3.G.01	504	Morocco	015	Northern Africa	Country	MAR	1	-6.281942841	31.8440131		PT	Percentage			G	Global			[2005-2006,2009]: PEFA 2009 Morocco Report / Public- www.pefa.org /  Link to data: https://pefa.org/sites/default/files/assements/comments/MA-May09-PFMPR-Public.pdf  // [2012-2014]: PEFA 2016 Morocco Report / Public- www.pefa.org /  Link to data: https://pefa.org/sites/default/files/MA-Sep16-PFMPR-Public%20with%20PEFA%20Check.pdf 		C: Country data		108.36	102.41			103.16			98.42	93.06	99.09				99.09	2014
16	16.6	16.6.1	GF_XPD_GBPC	Primary government expenditures as a proportion of original approved budget (%)	2019.Q3.G.01	508	Mozambique	014	Eastern Africa	Country	MOZ	1	38.18479941	-14.27963886		PT	Percentage			G	Global			[2004]: PEFA 2008 Mozambique Report / Public- www.pefa.org /  Link to data: https://pefa.org/sites/default/files/assements/comments/MZ-Feb08-PFMPR-Public.pdf  // [2007-2009]: PEFA 2011 Mozambique Report / Public- www.pefa.org /  Link to data: https://pefa.org/sites/default/files/assements/comments/MZ-Mar11-PFMPR-Public.pdf  // [2012-2014]: PEFA 2015 Mozambique Report / Public- www.pefa.org /  Link to data: https://pefa.org/sites/default/files/MZ-Dec15-PFMPR-Public-Meth11-ENG%20with%20PEFA%20Check.pdf 		C: Country data	97.63			99.61	98.5	99.65			96.01	107.42	103.3				103.3	2014
16	16.6	16.6.1	GF_XPD_GBPC	Primary government expenditures as a proportion of original approved budget (%)	2019.Q3.G.01	512	Oman	145	Western Asia	Country	OMN	1	57.87743482	21.98805614																												
16	16.6	16.6.1	GF_XPD_GBPC	Primary government expenditures as a proportion of original approved budget (%)	2019.Q3.G.01	516	Namibia	018	Southern Africa	Country	NAM	1	17.21907885	-22.13817068																												
16	16.6	16.6.1	GF_XPD_GBPC	Primary government expenditures as a proportion of original approved budget (%)	2019.Q3.G.01	520	Nauru	057	Micronesia	Country	NRU	1	166.92313	-0.528742623																												
16	16.6	16.6.1	GF_XPD_GBPC	Primary government expenditures as a proportion of original approved budget (%)	2019.Q3.G.01	524	Nepal	034	Southern Asia	Country	NPL	1	83.94678863	28.25866332		PT	Percentage			G	Global			PEFA 2015 Nepal Report / Public- www.pefa.org /  Link to data: https://pefa.org/sites/default/files/assements/comments/NP-May15-PFMPR-Public.pdf 		C: Country data								95.95	101.92	94.05					94.05	2013
16	16.6	16.6.1	GF_XPD_GBPC	Primary government expenditures as a proportion of original approved budget (%)	2019.Q3.G.01	528	Netherlands	155	Western Europe	Country	NLD	1	5.331480568	51.86728884																												
16	16.6	16.6.1	GF_XPD_GBPC	Primary government expenditures as a proportion of original approved budget (%)	2019.Q3.G.01	530	Netherlands Antilles	029	Caribbean	Country	ANT	0	-68.30676179	12.22720635																												
16	16.6	16.6.1	GF_XPD_GBPC	Primary government expenditures as a proportion of original approved budget (%)	2019.Q3.G.01	531	Curaçao	029	Caribbean	Country	CUW	0	-68.95033464	12.15058042																												
16	16.6	16.6.1	GF_XPD_GBPC	Primary government expenditures as a proportion of original approved budget (%)	2019.Q3.G.01	533	Aruba	029	Caribbean	Country	ABW	0	-69.97050586	12.50878756																												
16	16.6	16.6.1	GF_XPD_GBPC	Primary government expenditures as a proportion of original approved budget (%)	2019.Q3.G.01	534	Sint Maarten (Dutch part)	029	Caribbean	Country	SXM	0	-63.06198692	18.03926508																												
16	16.6	16.6.1	GF_XPD_GBPC	Primary government expenditures as a proportion of original approved budget (%)	2019.Q3.G.01	540	New Caledonia	054	Melanesia	Country	NCL	0	165.5067368	-21.41742531		PT	Percentage			G	Global			PEFA 2012 New Caledonia Report / Public- www.pefa.org /  Link to data: https://pefa.org/sites/default/files/assements/comments/NC-Aug12-PFMPR-Public.pdf 		C: Country data						109.63	107.31	104.07							104.07	2011
16	16.6	16.6.1	GF_XPD_GBPC	Primary government expenditures as a proportion of original approved budget (%)	2019.Q3.G.01	548	Vanuatu	054	Melanesia	Country	VUT	1	167.0679779	-15.34445547		PT	Percentage			G	Global			PEFA 2013 Vanuatu  Public Report /  Link to data: https://pefa.org/sites/default/files/assements/comments/VU-Aug13-PFMPR-Public.pdf 		C: Country data						102.95	99.16	99.82							99.82	2011
16	16.6	16.6.1	GF_XPD_GBPC	Primary government expenditures as a proportion of original approved budget (%)	2019.Q3.G.01	554	New Zealand	053	Australia and New Zealand	Country	NZL	1	170.4755673	-43.98721568																												
16	16.6	16.6.1	GF_XPD_GBPC	Primary government expenditures as a proportion of original approved budget (%)	2019.Q3.G.01	558	Nicaragua	013	Central America	Country	NIC	1	-85.03060315	12.84210839																												
16	16.6	16.6.1	GF_XPD_GBPC	Primary government expenditures as a proportion of original approved budget (%)	2019.Q3.G.01	562	Niger	011	Western Africa	Country	NER	1	9.400167877	17.42143036		PT	Percentage			G	Global			data provided by WB Economists		C: Country data						59.82	67.36	65.91	73.78	81.64	68.06	88.65	69.91		69.91	2016
16	16.6	16.6.1	GF_XPD_GBPC	Primary government expenditures as a proportion of original approved budget (%)	2019.Q3.G.01	566	Nigeria	011	Western Africa	Country	NGA	1	8.097363256	9.585789025																												
16	16.6	16.6.1	GF_XPD_GBPC	Primary government expenditures as a proportion of original approved budget (%)	2019.Q3.G.01	570	Niue	061	Polynesia	Country	NIU	0	-169.8601693	-19.05000475		PT	Percentage			G	Global			PEFA 2011 Niue Report / Public- www.pefa.org /  Link to data: https://pefa.org/sites/default/files/assements/comments/NU-Aug11-PFMPR-Public.pdf 		C: Country data					103.02	95.61	95.85								95.85	2010
16	16.6	16.6.1	GF_XPD_GBPC	Primary government expenditures as a proportion of original approved budget (%)	2019.Q3.G.01	574	Norfolk Island	053	Australia and New Zealand	Country	NFK	0	167.9515548	-29.03230018																												
16	16.6	16.6.1	GF_XPD_GBPC	Primary government expenditures as a proportion of original approved budget (%)	2019.Q3.G.01	578	Norway	154	Northern Europe	Country	NOR	1	11.47846389	61.34311134																												
16	16.6	16.6.1	GF_XPD_GBPC	Primary government expenditures as a proportion of original approved budget (%)	2019.Q3.G.01	580	Northern Mariana Islands	057	Micronesia	Country	MNP	0	145.7582114	15.19099517																												
16	16.6	16.6.1	GF_XPD_GBPC	Primary government expenditures as a proportion of original approved budget (%)	2019.Q3.G.01	581	United States Minor Outlying Islands	057	Micronesia	Country	UMI	0	-162.4343752	5.874443968																												
16	16.6	16.6.1	GF_XPD_GBPC	Primary government expenditures as a proportion of original approved budget (%)	2019.Q3.G.01	583	Micronesia (Federated States of)	057	Micronesia	Country	FSM	1	158.225216	6.880670092																												
16	16.6	16.6.1	GF_XPD_GBPC	Primary government expenditures as a proportion of original approved budget (%)	2019.Q3.G.01	584	Marshall Islands	057	Micronesia	Country	MHL	1	171.0839119	7.110213497		PT	Percentage			G	Global			PEFA 2012 Marshal Islands Report / Public- www.pefa.org /  Link to data: https://pefa.org/sites/default/files/assements/comments/MH-Oct12-PFMPR-Public.pdf 		C: Country data						106.67	105.37	89.55							89.55	2011
16	16.6	16.6.1	GF_XPD_GBPC	Primary government expenditures as a proportion of original approved budget (%)	2019.Q3.G.01	585	Palau	057	Micronesia	Country	PLW	1	134.5733878	7.502307591																												
16	16.6	16.6.1	GF_XPD_GBPC	Primary government expenditures as a proportion of original approved budget (%)	2019.Q3.G.01	586	Pakistan	034	Southern Asia	Country	PAK	1	68.80479684	29.36491634		PT	Percentage			G	Global			[2006-2008]: PEFA 2009 Pakistan Report / Public- www.pefa.org /  Link to data: https://pefa.org/sites/default/files/assements/comments/PK-Jun09-PFMPR-Public.pdf  // [2009-2011]: PEFA 2012 Pakistan Report / Public- www.pefa.org /  Link to data: https://pefa.org/sites/default/files/assements/comments/PK-Jun12-PFMPR-Public.pdf 		C: Country data			119.69	102.17	122.68	92.41	108.6	114.76							114.76	2011
16	16.6	16.6.1	GF_XPD_GBPC	Primary government expenditures as a proportion of original approved budget (%)	2019.Q3.G.01	591	Panama	013	Central America	Country	PAN	1	-81.26616623	8.450965746		PT	Percentage			G	Global			PEFA 2013 Panama Report / Public- www.pefa.org /  Link to data: https://pefa.org/sites/default/files/assements/comments/PA-Jul13-PFMPR-Public.pdf		C: Country data				102.86	108.19	101.46									101.46	2009
16	16.6	16.6.1	GF_XPD_GBPC	Primary government expenditures as a proportion of original approved budget (%)	2019.Q3.G.01	598	Papua New Guinea	054	Melanesia	Country	PNG	1	145.8587761	-6.756057077		PT	Percentage			G	Global			PEFA 2015 Papua New Guinea Report / Public- www.pefa.org /  Link to data: https://pefa.org/sites/default/files/PNG-Aug15-PFMPR-Testing%20version-Public%20with%20PEFA%20Check.PDF		C: Country data								100.65	95.11	95.97					95.97	2013
16	16.6	16.6.1	GF_XPD_GBPC	Primary government expenditures as a proportion of original approved budget (%)	2019.Q3.G.01	600	Paraguay	005	South America	Country	PRY	1	-60.54854225	-21.70216237		PT	Percentage			G	Global			[2006]: PEFA 2008 Paraguay Report / Public- www.pefa.org /  Link to data: https://pefa.org/sites/default/files/assements/comments/PY-Apr08-IFA-Public.pdf  // [2007-2009]: PEFA 2011 Paraguay Report / Public- www.pefa.org /  Link to data: https://pefa.org/sites/default/files/assements/comments/PY-Dec11-PFMPR-Public.pdf  // [2013-2015]: PEFA 2016 Paraguay Report / Public- www.pefa.org /  Link to data: https://pefa.org/sites/default/files/PY-Aug16-PFMPR-Public%20with%20PEFA%20Check.pdf 		C: Country data			89.55	88.0	85.21	83.52				75.29	88.05	81.46			81.46	2015
16	16.6	16.6.1	GF_XPD_GBPC	Primary government expenditures as a proportion of original approved budget (%)	2019.Q3.G.01	604	Peru	005	South America	Country	PER	1	-71.82093277	-13.58939705		PT	Percentage			G	Global			PEFA 2009 Peru Report / Public- www.pefa.org /  Link to data: https://pefa.org/sites/default/files/assements/comments/PE-Apr09-PFMPR-Public.pdf		C: Country data			106.74	91.77											91.77	2007
16	16.6	16.6.1	GF_XPD_GBPC	Primary government expenditures as a proportion of original approved budget (%)	2019.Q3.G.01	608	Philippines	035	South-Eastern Asia	Country	PHL	1	120.8601418	14.16591706		PT	Percentage			G	Global			data provided by WB Economists		C: Country data				102.04	103.59	100.48	98.79	94.69	97.89	93.73	87.49	85.6	84.93		84.93	2016
16	16.6	16.6.1	GF_XPD_GBPC	Primary government expenditures as a proportion of original approved budget (%)	2019.Q3.G.01	612	Pitcairn	061	Polynesia	Country	PCN	0	-128.3225873	-24.37538456																												
16	16.6	16.6.1	GF_XPD_GBPC	Primary government expenditures as a proportion of original approved budget (%)	2019.Q3.G.01	616	Poland	151	Eastern Europe	Country	POL	1	19.40660158	52.1226733		PT	Percentage			G	Global			data provided by WB Economists		C: Country data				97.44	89.94	99.31	97.9	96.6	96.73	98.18	96.07	98.53	97.91		97.91	2016
16	16.6	16.6.1	GF_XPD_GBPC	Primary government expenditures as a proportion of original approved budget (%)	2019.Q3.G.01	620	Portugal	039	Southern Europe	Country	PRT	1	-7.961599811	39.68509315																												
16	16.6	16.6.1	GF_XPD_GBPC	Primary government expenditures as a proportion of original approved budget (%)	2019.Q3.G.01	624	Guinea-Bissau	011	Western Africa	Country	GNB	1	-14.40182514	12.11760394		PT	Percentage			G	Global			data provided by WB Economists		C: Country data				135.75	87.17	94.36	71.71	82.14	75.03	73.98	120.0	100.28	98.44	69.46	69.46	2017
16	16.6	16.6.1	GF_XPD_GBPC	Primary government expenditures as a proportion of original approved budget (%)	2019.Q3.G.01	626	Timor-Leste	035	South-Eastern Asia	Country	TLS	1	125.9451052	-8.797497247		PT	Percentage			G	Global			data provided by WB Economists		C: Country data					70.65	88.76	90.73	84.01	66.3	65.56	89.28	85.13	83.5		83.5	2016
16	16.6	16.6.1	GF_XPD_GBPC	Primary government expenditures as a proportion of original approved budget (%)	2019.Q3.G.01	630	Puerto Rico	029	Caribbean	Country	PRI	0	-66.47591017	18.22753799																												
16	16.6	16.6.1	GF_XPD_GBPC	Primary government expenditures as a proportion of original approved budget (%)	2019.Q3.G.01	634	Qatar	145	Western Asia	Country	QAT	1	51.19152467	25.28355379																												
16	16.6	16.6.1	GF_XPD_GBPC	Primary government expenditures as a proportion of original approved budget (%)	2019.Q3.G.01	638	Réunion	014	Eastern Africa	Country	REU	0	55.53171398	-21.13183266																												
16	16.6	16.6.1	GF_XPD_GBPC	Primary government expenditures as a proportion of original approved budget (%)	2019.Q3.G.01	642	Romania	151	Eastern Europe	Country	ROU	1	24.98481009	45.83893563		PT	Percentage			G	Global			data provided by WB Economists		C: Country data						94.21	100.57	101.3	100.66	97.07	97.63	101.7	96.1		96.1	2016
16	16.6	16.6.1	GF_XPD_GBPC	Primary government expenditures as a proportion of original approved budget (%)	2019.Q3.G.01	643	Russian Federation	151	Eastern Europe	Country	RUS	1	99.01404926	61.61899849		PT	Percentage			G	Global			data provided by WB Economists		C: Country data				109.57	115.23	107.04	102.33	102.5	101.88	99.67	106.24	100.89	101.97		101.97	2016
16	16.6	16.6.1	GF_XPD_GBPC	Primary government expenditures as a proportion of original approved budget (%)	2019.Q3.G.01	646	Rwanda	014	Eastern Africa	Country	RWA	1	29.92310194	-1.999842114		PT	Percentage			G	Global			data provided by WB Economists		C: Country data				98.57	110.67	89.74	97.28	101.23	99.55	97.07	92.91	97.85	99.74	99.8	99.8	2017
16	16.6	16.6.1	GF_XPD_GBPC	Primary government expenditures as a proportion of original approved budget (%)	2019.Q3.G.01	652	Saint Barthélemy	029	Caribbean	Country	BLM	0	-62.83173536	17.89513362																												
16	16.6	16.6.1	GF_XPD_GBPC	Primary government expenditures as a proportion of original approved budget (%)	2019.Q3.G.01	654	Saint Helena	011	Western Africa	Country	SHN	0	-5.705752501	-15.96503946		PT	Percentage			G	Global			PEFA 2014 St. Helena Report / Public- www.pefa.org /  Link to data: https://pefa.org/sites/default/files/assements/comments/SH-Feb14-PFMPR-Public.pdf 		C: Country data								99.74	99.96	96.56					96.56	2013
16	16.6	16.6.1	GF_XPD_GBPC	Primary government expenditures as a proportion of original approved budget (%)	2019.Q3.G.01	659	Saint Kitts and Nevis	029	Caribbean	Country	KNA	1	-62.76628613	17.33994219																												
16	16.6	16.6.1	GF_XPD_GBPC	Primary government expenditures as a proportion of original approved budget (%)	2019.Q3.G.01	660	Anguilla	029	Caribbean	Country	AIA	0	-63.05651612	18.21525315		PT	Percentage			G	Global			PEFA 2014 Anguilla Report / Public- www.pefa.org /  Link to data: https://pefa.org/sites/default/files/assements/comments/AI-Mar14-PFMPR-Public.pdf 		C: Country data								96.98	94.67	95.15					95.15	2013
16	16.6	16.6.1	GF_XPD_GBPC	Primary government expenditures as a proportion of original approved budget (%)	2019.Q3.G.01	662	Saint Lucia	029	Caribbean	Country	LCA	1	-60.96529553	13.89405601																												
16	16.6	16.6.1	GF_XPD_GBPC	Primary government expenditures as a proportion of original approved budget (%)	2019.Q3.G.01	663	Saint Martin (French Part)	029	Caribbean	Country	MAF	0	-63.04505461	18.0882685																												
16	16.6	16.6.1	GF_XPD_GBPC	Primary government expenditures as a proportion of original approved budget (%)	2019.Q3.G.01	666	Saint Pierre and Miquelon	021	Northern America	Country	SPM	0	-56.33682442	46.85812735																												
16	16.6	16.6.1	GF_XPD_GBPC	Primary government expenditures as a proportion of original approved budget (%)	2019.Q3.G.01	670	Saint Vincent and the Grenadines	029	Caribbean	Country	VCT	1	-61.19024321	13.24627968																												
16	16.6	16.6.1	GF_XPD_GBPC	Primary government expenditures as a proportion of original approved budget (%)	2019.Q3.G.01	674	San Marino	039	Southern Europe	Country	SMR	1	12.46329038	43.93841766																												
16	16.6	16.6.1	GF_XPD_GBPC	Primary government expenditures as a proportion of original approved budget (%)	2019.Q3.G.01	678	Sao Tome and Principe	017	Middle Africa	Country	STP	1	6.609772265	0.241554875		PT	Percentage			G	Global			PEFA 2010  Sao Tome and Principle Report / Public- www.pefa.org /  Link to data: https://pefa.org/sites/default/files/assements/comments/ST-Jan10-PFMPR-Report-Public.pdf 		C: Country data			91.45	84.39	111.62										111.62	2008
16	16.6	16.6.1	GF_XPD_GBPC	Primary government expenditures as a proportion of original approved budget (%)	2019.Q3.G.01	682	Saudi Arabia	145	Western Asia	Country	SAU	1	44.54763347	24.12594211																												
16	16.6	16.6.1	GF_XPD_GBPC	Primary government expenditures as a proportion of original approved budget (%)	2019.Q3.G.01	686	Senegal	011	Western Africa	Country	SEN	1	-14.46636926	14.35920905																												
16	16.6	16.6.1	GF_XPD_GBPC	Primary government expenditures as a proportion of original approved budget (%)	2019.Q3.G.01	688	Serbia	039	Southern Europe	Country	SRB	1	20.805876	44.03145697		PT	Percentage			G	Global			data provided by WB Economists		C: Country data				111.98	107.28	99.69	106.49	103.59	112.12	93.14	101.03	97.01	93.81		93.81	2016
16	16.6	16.6.1	GF_XPD_GBPC	Primary government expenditures as a proportion of original approved budget (%)	2019.Q3.G.01	690	Seychelles	014	Eastern Africa	Country	SYC	1	55.46561591	-4.678053059		PT	Percentage			G	Global			PEFA 2011 Seychelels  Report / Public- www.pefa.org /  Link to data: https://pefa.org/sites/default/files/assements/comments/SC-Jun11-PFMPR-Public.pdf 		C: Country data				124.11	100.46	111.54									111.54	2009
16	16.6	16.6.1	GF_XPD_GBPC	Primary government expenditures as a proportion of original approved budget (%)	2019.Q3.G.01	694	Sierra Leone	011	Western Africa	Country	SLE	1	-11.78306584	8.568604164		PT	Percentage			G	Global			[2007-2009]: PEFA 2010 Sierra Leone Report / Public- www.pefa.org /  Link to data: https://pefa.org/sites/default/files/assements/comments/SL-Dec10-PFMPR-Public.pdf // [2010-2012]: PEFA 2014 Sierra Leone Report / Public- www.pefa.org /  Link to data: https://pefa.org/sites/default/files/SL-May14-PFMPR-Public.pdf 		C: Country data				77.58	96.46	106.6	130.74	116.32	123.66						123.66	2012
16	16.6	16.6.1	GF_XPD_GBPC	Primary government expenditures as a proportion of original approved budget (%)	2019.Q3.G.01	702	Singapore	035	South-Eastern Asia	Country	SGP	1	103.8107883	1.361009155																												
16	16.6	16.6.1	GF_XPD_GBPC	Primary government expenditures as a proportion of original approved budget (%)	2019.Q3.G.01	703	Slovakia	151	Eastern Europe	Country	SVK	1	19.48495604	48.70741446																												
16	16.6	16.6.1	GF_XPD_GBPC	Primary government expenditures as a proportion of original approved budget (%)	2019.Q3.G.01	704	Viet Nam	035	South-Eastern Asia	Country	VNM	1	105.802499	10.09643079		PT	Percentage			G	Global			PEFA 2013 Vietnam  Public Report /  Link to data: https://pefa.org/sites/default/files/assements/comments/VN-Jul13-PFMPR-Public.pdf 		C: Country data				104.81	113.4	112.59	109.4								109.4	2010
16	16.6	16.6.1	GF_XPD_GBPC	Primary government expenditures as a proportion of original approved budget (%)	2019.Q3.G.01	705	Slovenia	039	Southern Europe	Country	SVN	1	14.82209486	46.11958061																												
16	16.6	16.6.1	GF_XPD_GBPC	Primary government expenditures as a proportion of original approved budget (%)	2019.Q3.G.01	706	Somalia	014	Eastern Africa	Country	SOM	1	46.20367477	4.406485729		PT	Percentage			G	Global			data provided by WB Economists only for post conflict era		C: Country data										81.36	69.85	68.04	68.63		68.63	2016
16	16.6	16.6.1	GF_XPD_GBPC	Primary government expenditures as a proportion of original approved budget (%)	2019.Q3.G.01	710	South Africa	018	Southern Africa	Country	ZAF	1	24.67184355	-29.99957544		PT	Percentage			G	Global			[2006-2008]: PEFA 2008 South Africa Report / Public- www.pefa.org /  Link to data: https://pefa.org/sites/default/files/assements/comments/ZA-Sep08-PFMPR-Public.pdf  // [2011-2013]: PEFA 2014 South Africa Report / Public- www.pefa.org /  Link to data: https://pefa.org/sites/default/files/ZA-Oct14-PFMPR-Public.pdf 		C: Country data			100.35	99.36	101.42			98.95	99.97	99.24					99.24	2013
16	16.6	16.6.1	GF_XPD_GBPC	Primary government expenditures as a proportion of original approved budget (%)	2019.Q3.G.01	716	Zimbabwe	014	Eastern Africa	Country	ZWE	1	29.86909584	-19.00075492		PT	Percentage			G	Global			PEFA 2012 Zimbabwe Public Report /  Link to data: https://pefa.org/sites/default/files/assements/comments/ZW-Jul12-CIFA-Attachment%201-PFMPR-Public.pdf		C: Country data						92.38	148.82								148.82	2010
16	16.6	16.6.1	GF_XPD_GBPC	Primary government expenditures as a proportion of original approved budget (%)	2019.Q3.G.01	724	Spain	039	Southern Europe	Country	ESP	1	-3.554078296	40.39211472																												
16	16.6	16.6.1	GF_XPD_GBPC	Primary government expenditures as a proportion of original approved budget (%)	2019.Q3.G.01	728	South Sudan	014	Eastern Africa	Country	SSD	1	30.32618773	7.290839152		PT	Percentage			G	Global			PEFA 2012 South Sudan Report / Public- www.pefa.org /  Link to data: https://pefa.org/sites/default/files/assements/comments/SSD-May12-PFMPR-Public.pdf		C: Country data					170.19	120.26	114.14								114.14	2010
16	16.6	16.6.1	GF_XPD_GBPC	Primary government expenditures as a proportion of original approved budget (%)	2019.Q3.G.01	729	Sudan	015	Northern Africa	Country	SDN	0	29.95650159	16.02643066																												
16	16.6	16.6.1	GF_XPD_GBPC	Primary government expenditures as a proportion of original approved budget (%)	2019.Q3.G.01	732	Western Sahara	015	Northern Africa	Country	ESH	0	-13.13515523	24.66265342																												
16	16.6	16.6.1	GF_XPD_GBPC	Primary government expenditures as a proportion of original approved budget (%)	2019.Q3.G.01	740	Suriname	005	South America	Country	SUR	1	-55.90626394	4.132603197																												
16	16.6	16.6.1	GF_XPD_GBPC	Primary government expenditures as a proportion of original approved budget (%)	2019.Q3.G.01	744	Svalbard and Jan Mayen Islands	154	Northern Europe	Country	SJM	0	13.38071013	78.82894131																												
16	16.6	16.6.1	GF_XPD_GBPC	Primary government expenditures as a proportion of original approved budget (%)	2019.Q3.G.01	748	Eswatini	018	Southern Africa	Country	SWZ	1	31.50149288	-26.56471011																												
16	16.6	16.6.1	GF_XPD_GBPC	Primary government expenditures as a proportion of original approved budget (%)	2019.Q3.G.01	752	Sweden	154	Northern Europe	Country	SWE	1	14.3775338	60.60103109																												
16	16.6	16.6.1	GF_XPD_GBPC	Primary government expenditures as a proportion of original approved budget (%)	2019.Q3.G.01	756	Switzerland	155	Western Europe	Country	CHE	1	8.223158	46.96617097																												
16	16.6	16.6.1	GF_XPD_GBPC	Primary government expenditures as a proportion of original approved budget (%)	2019.Q3.G.01	760	Syrian Arab Republic	145	Western Asia	Country	SYR	1	38.50466565	35.01676176																												
16	16.6	16.6.1	GF_XPD_GBPC	Primary government expenditures as a proportion of original approved budget (%)	2019.Q3.G.01	762	Tajikistan	143	Central Asia	Country	TJK	1	69.294998	38.43069666		PT	Percentage			G	Global			data provided by WB Economists		C: Country data				106.2	106.02	95.94	98.98	99.63	86.02	91.66	97.97	105.61	115.44	102.27	102.27	2017
16	16.6	16.6.1	GF_XPD_GBPC	Primary government expenditures as a proportion of original approved budget (%)	2019.Q3.G.01	764	Thailand	035	South-Eastern Asia	Country	THA	1	101.0202951	15.13089239																												
16	16.6	16.6.1	GF_XPD_GBPC	Primary government expenditures as a proportion of original approved budget (%)	2019.Q3.G.01	768	Togo	011	Western Africa	Country	TGO	1	0.97835765	8.532096072		PT	Percentage			G	Global			[2005-2007]: PEFA 2009 Togo Report / Public- www.pefa.org /  Link to data: https://pefa.org/sites/default/files/assements/comments/TG-Mar09-PFMPR-Public.pdf  // [2010-2015]: data provided by WB Economists		C: Country data		89.27	85.65	86.16			86.64	80.13	75.62	76.7	83.1	102.61			102.61	2015
16	16.6	16.6.1	GF_XPD_GBPC	Primary government expenditures as a proportion of original approved budget (%)	2019.Q3.G.01	772	Tokelau	061	Polynesia	Country	TKL	0	-171.8154473	-9.214545558																												
16	16.6	16.6.1	GF_XPD_GBPC	Primary government expenditures as a proportion of original approved budget (%)	2019.Q3.G.01	776	Tonga	061	Polynesia	Country	TON	1	-175.1959991	-21.19511329																												
16	16.6	16.6.1	GF_XPD_GBPC	Primary government expenditures as a proportion of original approved budget (%)	2019.Q3.G.01	780	Trinidad and Tobago	029	Caribbean	Country	TTO	1	-61.29389504	10.41877263																												
16	16.6	16.6.1	GF_XPD_GBPC	Primary government expenditures as a proportion of original approved budget (%)	2019.Q3.G.01	784	United Arab Emirates	145	Western Asia	Country	ARE	1	53.98279159	23.43322219																												
16	16.6	16.6.1	GF_XPD_GBPC	Primary government expenditures as a proportion of original approved budget (%)	2019.Q3.G.01	788	Tunisia	015	Northern Africa	Country	TUN	1	9.572737411	34.11439971		PT	Percentage			G	Global			[2006-2008]: PEFA 2010 Tunisia Report / Public- www.pefa.org /  Link to data: https://pefa.org/sites/default/files/assements/comments/TN-Jun10-PFMPR-Public.pdf  // [2011-2013]: PEFA 2016 Tunisia Report / Public- www.pefa.org /  Link to data: https://pefa.org/sites/default/files/TN-May16-PFMPR-Public%20with%20PEFA%20Check.pdf 		C: Country data			100.84	105.75	108.81			114.42	107.19	97.55					97.55	2013
16	16.6	16.6.1	GF_XPD_GBPC	Primary government expenditures as a proportion of original approved budget (%)	2019.Q3.G.01	792	Turkey	145	Western Asia	Country	TUR	1	35.42890329	38.9899684		PT	Percentage			G	Global			data provided by WB Economists		C: Country data				99.55	102.01	103.5	102.57	100.65	103.12	101.03	102.82	107.05	102.38		102.38	2016
16	16.6	16.6.1	GF_XPD_GBPC	Primary government expenditures as a proportion of original approved budget (%)	2019.Q3.G.01	795	Turkmenistan	143	Central Asia	Country	TKM	1	58.9787665	40.0912346		PT	Percentage			G	Global			data provided by WB Economists		C: Country data							92.2	93.67	99.81	98.66	95.85	90.01	86.54	99.5	99.5	2017
16	16.6	16.6.1	GF_XPD_GBPC	Primary government expenditures as a proportion of original approved budget (%)	2019.Q3.G.01	796	Turks and Caicos Islands	029	Caribbean	Country	TCA	0	-71.745121	21.80780585		PT	Percentage			G	Global			PEFA 2012 Turks and Caicos Islands Report / Public- www.pefa.org /  Link to data: https://pefa.org/sites/default/files/assements/comments/TC-Feb12-PFMPR-Public.pdf 		C: Country data						84.2	95.01	105.58							105.58	2011
16	16.6	16.6.1	GF_XPD_GBPC	Primary government expenditures as a proportion of original approved budget (%)	2019.Q3.G.01	798	Tuvalu	061	Polynesia	Country	TUV	1	178.6679611	-7.460048071		PT	Percentage			G	Global			PEFA 2011 Tuvalu Report / Public- www.pefa.org /  Link to data: https://pefa.org/sites/default/files/assements/comments/TV-Jun11-PFMPR-Public.pdf 		C: Country data				101.54	110.1	102.56									102.56	2009
16	16.6	16.6.1	GF_XPD_GBPC	Primary government expenditures as a proportion of original approved budget (%)	2019.Q3.G.01	800	Uganda	014	Eastern Africa	Country	UGA	1	32.39100438	1.279557331		PT	Percentage			G	Global			[2005-2007]: PEFA 2009 Uganda Report / Public- www.pefa.org /  Link to data: https://pefa.org/sites/default/files/assements/comments/UG-Jun09-PFMPR-Public%20-%20Copy.pdf // [2009-2011]: PEFA 2012 Uganda Report / Public- www.pefa.org /  Link to data: https://pefa.org/sites/default/files/assements/comments/UG-Sep12-PFMPR-Public_0.pdf // [2014-2016]: PEFA 2017 Uganda Report / Public- www.pefa.org /  Link to data: https://pefa.org/sites/default/files/UG-Dec17-PFMPR-Public%20with%20PEFA%20Check.pdf		C: Country data		96.33	97.54	91.47		101.1	102.48	128.68			88.09	96.08	100.07		100.07	2016
16	16.6	16.6.1	GF_XPD_GBPC	Primary government expenditures as a proportion of original approved budget (%)	2019.Q3.G.01	804	Ukraine	151	Eastern Europe	Country	UKR	1	31.40270802	49.00735945		PT	Percentage			G	Global			[2004-2005]: PEFA 2007 Ukraine Report / Public- www.pefa.org /  Link to data: https://pefa.org/sites/default/files/assements/comments/UA-March07-PFMPR-Public.pdf // [2008-2010]: PEFA 2012 Ukraine Report / Public- www.pefa.org /  Link to data: https://pefa.org/sites/default/files/assements/comments/UA-Jul12-PFMPR-Public.pdf // [2012-2014]: PEFA 2016 Ukraine Report / Public- www.pefa.org /  Link to data: https://pefa.org/sites/default/files/UA-May16-PFMPR-Public-EN.pdf		C: Country data	109.75	94.42			95.37	88.43	98.65		109.48	89.53	90.74				90.74	2014
16	16.6	16.6.1	GF_XPD_GBPC	Primary government expenditures as a proportion of original approved budget (%)	2019.Q3.G.01	807	North Macedonia	039	Southern Europe	Country	MKD	1	21.7007909	41.60048068		PT	Percentage			G	Global			data provided by WB Economists		C: Country data				104.55	105.96	83.87	92.2	92.43	88.08	94.79	92.22	98.73	95.53	92.19	92.19	2017
16	16.6	16.6.1	GF_XPD_GBPC	Primary government expenditures as a proportion of original approved budget (%)	2019.Q3.G.01	818	Egypt	015	Northern Africa	Country	EGY	1	29.77468534	26.57438204																												
16	16.6	16.6.1	GF_XPD_GBPC	Primary government expenditures as a proportion of original approved budget (%)	2019.Q3.G.01	826	United Kingdom of Great Britain and Northern Ireland	154	Northern Europe	Country	GBR	1	-2.23830539	53.27691757																												
16	16.6	16.6.1	GF_XPD_GBPC	Primary government expenditures as a proportion of original approved budget (%)	2019.Q3.G.01	831	Guernsey	830	Channel Islands	Country	GGY	0	-2.200712402	49.71561166																												
16	16.6	16.6.1	GF_XPD_GBPC	Primary government expenditures as a proportion of original approved budget (%)	2019.Q3.G.01	832	Jersey	830	Channel Islands	Country	JEY	0	-2.136773508	49.22353354																												
16	16.6	16.6.1	GF_XPD_GBPC	Primary government expenditures as a proportion of original approved budget (%)	2019.Q3.G.01	833	Isle of Man	154	Northern Europe	Country	IMN	0	-4.538190305	54.22880901																												
16	16.6	16.6.1	GF_XPD_GBPC	Primary government expenditures as a proportion of original approved budget (%)	2019.Q3.G.01	834	United Republic of Tanzania	014	Eastern Africa	Country	TZA	1	34.80521182	-6.265332606		PT	Percentage			G	Global			[2007-2009]: PEFA 2010 Tanzania Report / Public- www.pefa.org /  Link to data: https://pefa.org/sites/default/files/assements/comments/TZ-Nov10-PFMPR-Public.pdf  // [2010-2012]: PEFA 2013 Tanzania Report / Public- www.pefa.org /  Link to data: https://pefa.org/sites/default/files/assements/comments/TZ-Sep13-PFMPR-Public.pdf  // [2014-2016]: PEFA 2017 Tanzania Report / Public- www.pefa.org /  Link to data: https://pefa.org/sites/default/files/assements/comments/TZ-Sep13-PFMPR-Public.pdf 		C: Country data				91.92	99.74	98.19	98.0	91.22	94.13		82.96	95.2	86.87		86.87	2016
16	16.6	16.6.1	GF_XPD_GBPC	Primary government expenditures as a proportion of original approved budget (%)	2019.Q3.G.01	840	United States of America	021	Northern America	Country	USA	1	-99.13830311	39.5277871																												
16	16.6	16.6.1	GF_XPD_GBPC	Primary government expenditures as a proportion of original approved budget (%)	2019.Q3.G.01	850	United States Virgin Islands	029	Caribbean	Country	VIR	0	-64.76960113	17.73297693																												
16	16.6	16.6.1	GF_XPD_GBPC	Primary government expenditures as a proportion of original approved budget (%)	2019.Q3.G.01	854	Burkina Faso	011	Western Africa	Country	BFA	1	-1.742843829	12.27491081		PT	Percentage			G	Global			data provided by WB Economists		C: Country data				96.06	83.63	102.51	94.64	98.08	96.05	91.99	84.97	85.48	95.82		95.82	2016
16	16.6	16.6.1	GF_XPD_GBPC	Primary government expenditures as a proportion of original approved budget (%)	2019.Q3.G.01	858	Uruguay	005	South America	Country	URY	1	-56.01387025	-32.8002838																												
16	16.6	16.6.1	GF_XPD_GBPC	Primary government expenditures as a proportion of original approved budget (%)	2019.Q3.G.01	860	Uzbekistan	143	Central Asia	Country	UZB	1	63.11944558	41.77560518		PT	Percentage			G	Global			data provided by WB Economists		C: Country data				99.71	100.01	100.99	98.8	99.54	98.55	98.15	99.2	95.5	95.76		95.76	2016
16	16.6	16.6.1	GF_XPD_GBPC	Primary government expenditures as a proportion of original approved budget (%)	2019.Q3.G.01	862	Venezuela (Bolivarian Republic of)	005	South America	Country	VEN	1	-66.15642084	7.121324748																												
16	16.6	16.6.1	GF_XPD_GBPC	Primary government expenditures as a proportion of original approved budget (%)	2019.Q3.G.01	876	Wallis and Futuna Islands	061	Polynesia	Country	WLF	0	-176.2034788	-13.28471201																												
16	16.6	16.6.1	GF_XPD_GBPC	Primary government expenditures as a proportion of original approved budget (%)	2019.Q3.G.01	882	Samoa	061	Polynesia	Country	WSM	1	-172.4430749	-13.61541469																												
16	16.6	16.6.1	GF_XPD_GBPC	Primary government expenditures as a proportion of original approved budget (%)	2019.Q3.G.01	887	Yemen	145	Western Asia	Country	YEM	1	45.22389143	15.22242099																												
16	16.6	16.6.1	GF_XPD_GBPC	Primary government expenditures as a proportion of original approved budget (%)	2019.Q3.G.01	894	Zambia	014	Eastern Africa	Country	ZMB	1	27.850329	-14.59701056		PT	Percentage			G	Global			[2009-2011]: PEFA 2013 Zambia Public Report /  Link to data: https://pefa.org/sites/default/files/ZM-Nov13-PFMPR-Public.pdf  // [2013-2015]: PEFA 2017 Zambia Public Report /  Link to data: https://pefa.org/sites/default/files/ZM-Nov17-PFMPR-Public%20with%20PEFA%20Check.pdf 		C: Country data						110.7	118.56	132.53		106.7	93.89	115.33			115.33	2015
