goal	target	indicator	seriesCode	seriesDesc	release	geoAreaCode	geoAreaName	parentCode	parentName	type	ISO3	UN_Member	X	Y	basePeriod	unitsCode	unitsDesc	unitmultiplierCode	unitmultiplierDesc	reportingTypeCode	reportingTypeDesc	valueDetails	footnotes	sources	timeDetails	nature	value_1990	value_1991	value_1992	value_1993	value_1994	value_1995	value_1996	value_1997	value_1998	value_1999	value_2000	value_2001	value_2002	value_2003	value_2004	value_2005	value_2006	value_2007	value_2008	value_2009	value_2010	value_2011	value_2012	value_2013	value_2014	value_2015	value_2016	value_2017	value_latest_year	latest_year
17	17.4	17.4.1	DT_TDS_DECT	Debt service as a proportion of exports of goods and services (%)	2019.Q3.G.01	004	Afghanistan	034	Southern Asia	Country	AFG	1	66.02688198	33.83160199		PT	Percentage			G	Global			World Development Indicators database, World Bank		CA: Country adjusted data																			0.53916	0.48424	0.34543	0.31445	0.55632	1.54909	1.86898	2.80703	3.95232	3.76981	3.76981	2017
17	17.4	17.4.1	DT_TDS_DECT	Debt service as a proportion of exports of goods and services (%)	2019.Q3.G.01	008	Albania	039	Southern Europe	Country	ALB	1	20.06660928	41.13897007		PT	Percentage			G	Global			World Development Indicators database, World Bank		CA: Country adjusted data		4.29887	2.17526	3.1762	6.63578	1.97427	4.36355	13.74925	8.3603	4.32976	4.08926	4.10437	6.4732	5.01339	4.7444	4.44251	4.38055	3.65509	3.14454	4.83146	6.83474	7.56226	7.91591	5.13136	6.37643	17.30954	6.62784	6.11426	6.11426	2017
17	17.4	17.4.1	DT_TDS_DECT	Debt service as a proportion of exports of goods and services (%)	2019.Q3.G.01	010	Antarctica	001	World	Country	ATA	0	21.47585697	-80.40897662																																										
17	17.4	17.4.1	DT_TDS_DECT	Debt service as a proportion of exports of goods and services (%)	2019.Q3.G.01	012	Algeria	015	Northern Africa	Country	DZA	1	2.678164227	28.15940032		PT	Percentage			G	Global			World Development Indicators database, World Bank		CA: Country adjusted data	63.75611	70.91071														11.37543	22.11208	1.1295	1.18792	0.88362	0.60487	0.58706	0.85269	0.4209	0.35787	0.47057	0.47544	0.42351	0.42351	2017
17	17.4	17.4.1	DT_TDS_DECT	Debt service as a proportion of exports of goods and services (%)	2019.Q3.G.01	016	American Samoa	061	Polynesia	Country	ASM	0	-170.7187269	-14.30587306																																										
17	17.4	17.4.1	DT_TDS_DECT	Debt service as a proportion of exports of goods and services (%)	2019.Q3.G.01	020	Andorra	039	Southern Europe	Country	AND	1	1.576257417	42.54548611																																										
17	17.4	17.4.1	DT_TDS_DECT	Debt service as a proportion of exports of goods and services (%)	2019.Q3.G.01	024	Angola	017	Middle Africa	Country	AGO	1	17.57817062	-12.33724746		PT	Percentage			G	Global			World Development Indicators database, World Bank		CA: Country adjusted data	7.06506	9.22875	4.79205	2.93442	6.41967	10.77014	17.52172	18.34612	40.19841	26.20993	20.61688	32.79306	16.73923	15.24616	13.56804	10.5208	12.9735	9.64435	2.43799	8.47578	4.44493	4.17629	5.83401	6.98866	10.44689	15.58056	25.00734	13.35641	13.35641	2017
17	17.4	17.4.1	DT_TDS_DECT	Debt service as a proportion of exports of goods and services (%)	2019.Q3.G.01	028	Antigua and Barbuda	029	Caribbean	Country	ATG	1	-61.7999755	17.07761471																																										
17	17.4	17.4.1	DT_TDS_DECT	Debt service as a proportion of exports of goods and services (%)	2019.Q3.G.01	031	Azerbaijan	145	Western Asia	Country	AZE	1	50.01064725	40.39229544		PT	Percentage			G	Global			World Development Indicators database, World Bank		CA: Country adjusted data						1.23747	1.14595	6.59957	2.03187	4.66936	5.54873	5.00853	4.5559	5.36261	3.26988	1.57776	1.03068	0.80481	0.77754	1.23284	1.08974	0.94071	1.03683	2.25975	2.07013	3.81715	5.49233	7.6451	7.6451	2017
17	17.4	17.4.1	DT_TDS_DECT	Debt service as a proportion of exports of goods and services (%)	2019.Q3.G.01	032	Argentina	005	South America	Country	ARG	1	-65.14563274	-35.19446255																																										
17	17.4	17.4.1	DT_TDS_DECT	Debt service as a proportion of exports of goods and services (%)	2019.Q3.G.01	036	Australia	053	Australia and New Zealand	Country	AUS	1	134.3499412	-25.57717202																																										
17	17.4	17.4.1	DT_TDS_DECT	Debt service as a proportion of exports of goods and services (%)	2019.Q3.G.01	040	Austria	155	Western Europe	Country	AUT	1	14.14172472	47.58704857																																										
17	17.4	17.4.1	DT_TDS_DECT	Debt service as a proportion of exports of goods and services (%)	2019.Q3.G.01	044	Bahamas	029	Caribbean	Country	BHS	1	-78.05111663	24.69546597																																										
17	17.4	17.4.1	DT_TDS_DECT	Debt service as a proportion of exports of goods and services (%)	2019.Q3.G.01	048	Bahrain	145	Western Asia	Country	BHR	1	50.5490754	26.04407747																																										
17	17.4	17.4.1	DT_TDS_DECT	Debt service as a proportion of exports of goods and services (%)	2019.Q3.G.01	050	Bangladesh	034	Southern Asia	Country	BGD	1	89.17660788	22.86961622		PT	Percentage			G	Global			World Development Indicators database, World Bank		CA: Country adjusted data	33.72634	26.66925	19.37269	16.04221	14.34891	15.78379	13.59709	11.86024	10.27674	10.69683	10.29935	9.41041	10.00799	8.09227	6.82865	6.86311	5.01333	6.3777	4.8038	5.4252	4.55611	5.34195	5.17782	5.20902	4.91585	3.55671	3.08828	3.54035	3.54035	2017
17	17.4	17.4.1	DT_TDS_DECT	Debt service as a proportion of exports of goods and services (%)	2019.Q3.G.01	051	Armenia	145	Western Asia	Country	ARM	1	44.93839317	40.29499741		PT	Percentage			G	Global			World Development Indicators database, World Bank		CA: Country adjusted data				1.12467	1.93877	3.15209	9.52167	4.91966	12.89095	12.65987	8.23274	8.18853	7.93635	8.79874	6.55219	3.30808	2.7554	1.90597	1.78614	2.93826	2.74213	2.67109	5.92655	19.52307	5.86373	9.62628	5.37929	5.30036	5.30036	2017
17	17.4	17.4.1	DT_TDS_DECT	Debt service as a proportion of exports of goods and services (%)	2019.Q3.G.01	052	Barbados	029	Caribbean	Country	BRB	1	-59.5346489	13.13648273																																										
17	17.4	17.4.1	DT_TDS_DECT	Debt service as a proportion of exports of goods and services (%)	2019.Q3.G.01	056	Belgium	155	Western Europe	Country	BEL	1	4.660976456	50.64104975																																										
17	17.4	17.4.1	DT_TDS_DECT	Debt service as a proportion of exports of goods and services (%)	2019.Q3.G.01	060	Bermuda	021	Northern America	Country	BMU	0	-64.78155012	32.27881922																																										
17	17.4	17.4.1	DT_TDS_DECT	Debt service as a proportion of exports of goods and services (%)	2019.Q3.G.01	064	Bhutan	034	Southern Asia	Country	BTN	1	90.45098484	27.39598568		PT	Percentage			G	Global			World Development Indicators database, World Bank		CA: Country adjusted data																	2.53037	4.69506	11.85071	12.68449	14.40495	11.19028	16.9426	11.00702	11.83524	17.02788	11.37387	10.11955	10.11955	2017
17	17.4	17.4.1	DT_TDS_DECT	Debt service as a proportion of exports of goods and services (%)	2019.Q3.G.01	068	Bolivia (Plurinational State of)	005	South America	Country	BOL	1	-64.66224284	-16.71273412		PT	Percentage			G	Global			World Development Indicators database, World Bank		CA: Country adjusted data	34.17073	29.73574	34.34318	34.38249	25.74287	25.76313	25.60875	23.77665	25.96246	18.55356	18.20905	16.39784	14.40157	14.197	10.91514	9.77566	6.90096	5.37549	6.44883	4.74883	4.35692	2.49981	3.57037	2.20659	2.62982	5.24605	5.54974	6.27211	6.27211	2017
17	17.4	17.4.1	DT_TDS_DECT	Debt service as a proportion of exports of goods and services (%)	2019.Q3.G.01	070	Bosnia and Herzegovina	039	Southern Europe	Country	BIH	1	17.78584332	44.16845548		PT	Percentage			G	Global			World Development Indicators database, World Bank		CA: Country adjusted data										8.04185	12.67419	11.979	5.93503	5.22393	4.11623	3.58475	3.34136	3.1481	2.70532	3.28689	3.629	3.68589	4.4527	7.053	7.73086	7.40867	6.58704	7.56036	7.56036	2017
17	17.4	17.4.1	DT_TDS_DECT	Debt service as a proportion of exports of goods and services (%)	2019.Q3.G.01	072	Botswana	018	Southern Africa	Country	BWA	1	23.81380223	-22.18810073		PT	Percentage			G	Global			World Development Indicators database, World Bank		CA: Country adjusted data	4.34042	3.4381	3.8975	3.61	4.0029	3.14062	5.23308	2.78744	2.58142	2.14289	2.0018	1.68981	1.92848	1.21175	1.01806	0.91388	0.9441	0.71585	1.15993	1.01011	1.35301	0.96581	0.72398	2.03078	0.5834	2.08562	1.88671	2.40067	2.40067	2017
17	17.4	17.4.1	DT_TDS_DECT	Debt service as a proportion of exports of goods and services (%)	2019.Q3.G.01	074	Bouvet Island	005	South America	Country	BVT	0	3.410732868	-54.43295905																																										
17	17.4	17.4.1	DT_TDS_DECT	Debt service as a proportion of exports of goods and services (%)	2019.Q3.G.01	076	Brazil	005	South America	Country	BRA	1	-53.08432878	-10.77668561		PT	Percentage			G	Global			World Development Indicators database, World Bank		CA: Country adjusted data	18.59787	16.63669	14.72619	13.07443	17.23212	23.64972	22.59869	20.70945	27.32056	41.83372	37.01469	22.91532	37.38602	39.50312	23.48563	30.16576	19.53542	10.8219	9.30402	7.09766	5.93156	6.75355	4.03961	7.13433	5.37919	12.22489	10.69584	11.34375	11.34375	2017
17	17.4	17.4.1	DT_TDS_DECT	Debt service as a proportion of exports of goods and services (%)	2019.Q3.G.01	084	Belize	013	Central America	Country	BLZ	1	-88.70199554	17.19965901		PT	Percentage			G	Global			World Development Indicators database, World Bank		CA: Country adjusted data	7.01403	6.19545	5.42506	5.99159	8.52201	11.74551	12.18186	10.28125	12.02779	10.90731	17.14176	21.81001	38.67916	29.07338	61.51075	36.8448	17.57667	78.93789	11.5892	13.10219	11.55809	9.33644	9.27014	10.78975	6.88288	7.3869	8.68499	8.21251	8.21251	2017
17	17.4	17.4.1	DT_TDS_DECT	Debt service as a proportion of exports of goods and services (%)	2019.Q3.G.01	086	British Indian Ocean Territory	014	Eastern Africa	Country	IOT	0	72.38715553	-7.299281071																																										
17	17.4	17.4.1	DT_TDS_DECT	Debt service as a proportion of exports of goods and services (%)	2019.Q3.G.01	090	Solomon Islands	054	Melanesia	Country	SLB	1	160.1584117	-9.622391719		PT	Percentage			G	Global			World Development Indicators database, World Bank		CA: Country adjusted data	11.33639	10.29403	4.84438	5.66171	4.19664	1.28227	2.13709	0.46155	3.25757	2.54716	2.8012	1.78947	2.83665	5.59623	3.79622	4.81222	2.35017	4.94247	5.39881	3.5194	3.10009	1.46274	1.23568	1.28932	1.53114	1.62201	1.92453	1.54524	1.54524	2017
17	17.4	17.4.1	DT_TDS_DECT	Debt service as a proportion of exports of goods and services (%)	2019.Q3.G.01	092	British Virgin Islands	029	Caribbean	Country	VGB	0	-64.63294223	18.42256578																																										
17	17.4	17.4.1	DT_TDS_DECT	Debt service as a proportion of exports of goods and services (%)	2019.Q3.G.01	096	Brunei Darussalam	035	South-Eastern Asia	Country	BRN	1	114.6288563	4.49736984																																										
17	17.4	17.4.1	DT_TDS_DECT	Debt service as a proportion of exports of goods and services (%)	2019.Q3.G.01	100	Bulgaria	151	Eastern Europe	Country	BGR	1	25.23763153	42.75731323		PT	Percentage			G	Global			World Development Indicators database, World Bank		CA: Country adjusted data	18.62062	5.40317	8.16673	6.19162	12.72714	16.1191	18.45403	18.33864	16.91006	13.94315	13.05337	15.12683	10.41471	7.10015	10.37575	14.69083	5.48879	3.97006	3.23865	2.51799	1.71475	1.28159	1.26508	5.07718	1.10399	1.17961	1.42948	4.01249	4.01249	2017
17	17.4	17.4.1	DT_TDS_DECT	Debt service as a proportion of exports of goods and services (%)	2019.Q3.G.01	104	Myanmar	035	South-Eastern Asia	Country	MMR	1	96.51752295	21.19332882		PT	Percentage			G	Global			World Development Indicators database, World Bank		CA: Country adjusted data	18.9647	27.7516	8.48077	13.47176	15.02613	19.81223	12.37229	8.38803	5.81644	5.53231	0.95262	0.62368	0.74969	0.75058	0.73836	0.63693	1.22783	1.34867	1.36506	1.76667	3.16567	2.67269	12.0867	2.77591	6.90142	7.94908	12.20395	5.09444	5.09444	2017
17	17.4	17.4.1	DT_TDS_DECT	Debt service as a proportion of exports of goods and services (%)	2019.Q3.G.01	108	Burundi	014	Eastern Africa	Country	BDI	1	29.89080992	-3.366387428		PT	Percentage			G	Global			World Development Indicators database, World Bank		CA: Country adjusted data	41.67553	29.57115	35.33607	35.47548	38.97767	27.27207	53.35792	30.1662	41.30755	46.16895	34.83636	46.40687	54.56563	62.1181	134.72196	40.40748	20.36019	18.46695	11.86234	16.48222	2.3281	4.20706	8.86755	13.5592	13.56254	13.91849	16.01914	14.42851	14.42851	2017
17	17.4	17.4.1	DT_TDS_DECT	Debt service as a proportion of exports of goods and services (%)	2019.Q3.G.01	112	Belarus	151	Eastern Europe	Country	BLR	1	28.04940161	53.54193075		PT	Percentage			G	Global			World Development Indicators database, World Bank		CA: Country adjusted data				0.64391	4.15264	3.35924	1.60409	1.70082	1.92196	3.37805	3.61967	2.97733	2.32637	1.91963	1.62128	1.36255	1.09195	1.18372	1.00296	2.36517	2.20988	3.94925	7.42333	7.49228	9.19434	9.9993	9.98279	6.77975	6.77975	2017
17	17.4	17.4.1	DT_TDS_DECT	Debt service as a proportion of exports of goods and services (%)	2019.Q3.G.01	116	Cambodia	035	South-Eastern Asia	Country	KHM	1	104.922836	12.71163737		PT	Percentage			G	Global			World Development Indicators database, World Bank		CA: Country adjusted data			3.82814	9.58802	0.15227	0.67262	0.91041	0.87313	0.94528	1.13509	0.66239	0.85789	0.84248	0.94724	0.79837	0.72556	0.57251	0.57114	0.75456	0.93805	0.98141	0.90129	0.97983	1.11615	1.09261	1.00176	1.26428	1.3009	1.3009	2017
17	17.4	17.4.1	DT_TDS_DECT	Debt service as a proportion of exports of goods and services (%)	2019.Q3.G.01	120	Cameroon	017	Middle Africa	Country	CMR	1	12.7419827	5.692387031		PT	Percentage			G	Global			World Development Indicators database, World Bank		CA: Country adjusted data	13.00223	12.33195	11.22397	18.56818	16.78424	17.23042	18.42489	17.27386	17.96095	16.5757	14.29253	7.17188	8.88384	9.79735	12.87088	14.36022	10.73514	3.95569	2.65741	2.60503	2.62168	2.50209	1.54608	1.85619	5.58227	6.01601	8.35471	6.58191	6.58191	2017
17	17.4	17.4.1	DT_TDS_DECT	Debt service as a proportion of exports of goods and services (%)	2019.Q3.G.01	124	Canada	021	Northern America	Country	CAN	1	-101.6575058	57.72360191																																										
17	17.4	17.4.1	DT_TDS_DECT	Debt service as a proportion of exports of goods and services (%)	2019.Q3.G.01	132	Cabo Verde	011	Western Africa	Country	CPV	1	-23.63544151	15.07791834		PT	Percentage			G	Global			World Development Indicators database, World Bank		CA: Country adjusted data	8.88855	14.51342	18.58583	12.08577	14.02775	10.27745	7.44873	10.45477	16.87717	15.88098	11.07848	8.17406	11.87018	7.26942	7.92735	9.57361	6.42939	4.97784	4.25007	5.74215	5.5585	4.94424	4.59505	4.63328	4.83019	6.29511	5.857	5.89065	5.89065	2017
17	17.4	17.4.1	DT_TDS_DECT	Debt service as a proportion of exports of goods and services (%)	2019.Q3.G.01	136	Cayman Islands	029	Caribbean	Country	CYM	0	-81.16740559	19.32266656																																										
17	17.4	17.4.1	DT_TDS_DECT	Debt service as a proportion of exports of goods and services (%)	2019.Q3.G.01	140	Central African Republic	017	Middle Africa	Country	CAF	1	20.93559492	7.003720791		PT	Percentage			G	Global			World Development Indicators database, World Bank		CA: Country adjusted data	12.49366	7.4199	8.1809	3.78227	11.82601																								11.82601	1994
17	17.4	17.4.1	DT_TDS_DECT	Debt service as a proportion of exports of goods and services (%)	2019.Q3.G.01	144	Sri Lanka	034	Southern Asia	Country	LKA	1	80.70489654	7.614693343		PT	Percentage			G	Global			World Development Indicators database, World Bank		CA: Country adjusted data	14.816	15.13367	14.56326	11.16392	9.6268	8.77611	8.66919	8.29368	8.78048	11.72066	10.85162	9.62718	9.43214	7.78961	8.95593	4.56481	9.74552	7.5921	10.57884	13.29817	10.71754	7.83026	13.32503	11.93142	24.26612	17.37572	14.63541	19.2535	19.2535	2017
17	17.4	17.4.1	DT_TDS_DECT	Debt service as a proportion of exports of goods and services (%)	2019.Q3.G.01	148	Chad	017	Middle Africa	Country	TCD	1	18.66618401	15.36279341		PT	Percentage			G	Global			World Development Indicators database, World Bank		CA: Country adjusted data	3.70955	3.64299	3.61928	6.21032	7.83153																								7.83153	1994
17	17.4	17.4.1	DT_TDS_DECT	Debt service as a proportion of exports of goods and services (%)	2019.Q3.G.01	152	Chile	005	South America	Country	CHL	1	-71.23029019	-35.2652885																																										
17	17.4	17.4.1	DT_TDS_DECT	Debt service as a proportion of exports of goods and services (%)	2019.Q3.G.01	156	China	030	Eastern Asia	Country	CHN	1	104.1403375	32.30955217		PT	Percentage			G	Global			World Development Indicators database, World Bank		CA: Country adjusted data	10.61088	10.84712	9.38401	10.24249	8.13425	8.98305	8.31916	11.49969	8.70615	9.17519	7.10366	6.09499	5.08752	3.02611	1.27346	1.09193	0.8452	0.64093	0.58142	0.6337	0.78574	0.65035	0.43864	0.47076	0.53365	1.33015	0.66972	0.63614	0.63614	2017
17	17.4	17.4.1	DT_TDS_DECT	Debt service as a proportion of exports of goods and services (%)	2019.Q3.G.01	162	Christmas Island	053	Australia and New Zealand	Country	CXR	0	105.6426067	-10.4882473																																										
17	17.4	17.4.1	DT_TDS_DECT	Debt service as a proportion of exports of goods and services (%)	2019.Q3.G.01	166	Cocos (Keeling) Islands	053	Australia and New Zealand	Country	CCK	0	96.82633757	-12.18600682																																										
17	17.4	17.4.1	DT_TDS_DECT	Debt service as a proportion of exports of goods and services (%)	2019.Q3.G.01	170	Colombia	005	South America	Country	COL	1	-73.07446751	3.888209046		PT	Percentage			G	Global			World Development Indicators database, World Bank		CA: Country adjusted data	34.52272	32.80857	35.64598	26.7571	29.27389	24.62172	20.84268	18.16253	20.34202	32.32938	20.93988	27.80576	32.78736	34.21216	18.42172	26.00968	18.15383	13.24537	9.65557	9.45911	9.3703	6.69687	7.01801	6.03636	7.63299	9.5282	12.17848	18.84915	18.84915	2017
17	17.4	17.4.1	DT_TDS_DECT	Debt service as a proportion of exports of goods and services (%)	2019.Q3.G.01	174	Comoros	014	Eastern Africa	Country	COM	1	43.34234565	-11.66121732		PT	Percentage			G	Global			World Development Indicators database, World Bank		CA: Country adjusted data	2.51476	15.67131	11.01223	3.79135	6.50831	1.78516								4.64391	5.41311	6.51632	5.56506	33.83943	15.46178	14.66926	4.74131	3.81019	13.19793	0.54159	0.64756	7.25003	4.44086	1.86647	1.86647	2017
17	17.4	17.4.1	DT_TDS_DECT	Debt service as a proportion of exports of goods and services (%)	2019.Q3.G.01	175	Mayotte	014	Eastern Africa	Country	MYT	0	45.14015057	-12.82217691																																										
17	17.4	17.4.1	DT_TDS_DECT	Debt service as a proportion of exports of goods and services (%)	2019.Q3.G.01	178	Congo	011	Western Africa	Country	COG	1	15.22052612	-0.840544119		PT	Percentage			G	Global			World Development Indicators database, World Bank		CA: Country adjusted data	31.37775	23.00094	11.9326	10.81167	52.1841	10.9343	19.71849	6.78254	1.97385	0.37914	0.55997	3.82209	0.99254	2.28588	5.80004	2.24711	1.34314	1.75603	1.97785	2.8236	1.55004	1.16443	1.61201	3.13204	3.16576	4.30571	3.17756		3.17756	2016
17	17.4	17.4.1	DT_TDS_DECT	Debt service as a proportion of exports of goods and services (%)	2019.Q3.G.01	180	Democratic Republic of the Congo	017	Middle Africa	Country	COD	1	23.65496507	-2.877154732		PT	Percentage			G	Global			World Development Indicators database, World Bank		CA: Country adjusted data																7.79507	9.04137	7.53461	7.6083	12.34597	3.06114	2.44663	3.05352	3.28723	3.21141	3.65594	4.7846	2.95363	2.95363	2017
17	17.4	17.4.1	DT_TDS_DECT	Debt service as a proportion of exports of goods and services (%)	2019.Q3.G.01	184	Cook Islands	061	Polynesia	Country	COK	0	-159.7711391	-21.22696458																																										
17	17.4	17.4.1	DT_TDS_DECT	Debt service as a proportion of exports of goods and services (%)	2019.Q3.G.01	188	Costa Rica	013	Central America	Country	CRI	1	-84.19712782	9.970998683		PT	Percentage			G	Global			World Development Indicators database, World Bank		CA: Country adjusted data	22.62081	15.81521	18.37985	15.22307	12.2815	15.42814	13.0029	11.40509	8.8478	7.63082	8.30308	9.28287	9.03384	10.22992	7.55897	5.18965	3.60053	3.31903	8.71259	7.15739	4.34323	5.851	6.11902	8.58696	6.76148	6.53532	5.49399	5.6375	5.6375	2017
17	17.4	17.4.1	DT_TDS_DECT	Debt service as a proportion of exports of goods and services (%)	2019.Q3.G.01	191	Croatia	039	Southern Europe	Country	HRV	1	17.95874553	45.45172212																																										
17	17.4	17.4.1	DT_TDS_DECT	Debt service as a proportion of exports of goods and services (%)	2019.Q3.G.01	192	Cuba	029	Caribbean	Country	CUB	1	-79.54460144	22.10030366																																										
17	17.4	17.4.1	DT_TDS_DECT	Debt service as a proportion of exports of goods and services (%)	2019.Q3.G.01	196	Cyprus	145	Western Asia	Country	CYP	1	33.22285964	35.05659437																																										
17	17.4	17.4.1	DT_TDS_DECT	Debt service as a proportion of exports of goods and services (%)	2019.Q3.G.01	203	Czechia	151	Eastern Europe	Country	CZE	1	15.33151382	49.73913871																																										
17	17.4	17.4.1	DT_TDS_DECT	Debt service as a proportion of exports of goods and services (%)	2019.Q3.G.01	204	Benin	011	Western Africa	Country	BEN	1	2.339933594	9.65401646		PT	Percentage			G	Global			World Development Indicators database, World Bank		CA: Country adjusted data	8.91023	5.10606	4.80426	5.20303	6.85002	7.22115	6.12788	8.41055	9.16109	10.23138	12.83506	8.15039	8.50396	5.03135	4.8896	5.80556	4.08096	2.10091	3.41698	2.50248	2.24011	2.39654	2.81577	3.05198	2.46324	3.56825	4.15082	4.14319	4.14319	2017
17	17.4	17.4.1	DT_TDS_DECT	Debt service as a proportion of exports of goods and services (%)	2019.Q3.G.01	208	Denmark	154	Northern Europe	Country	DNK	1	9.326571283	56.03829721																																										
17	17.4	17.4.1	DT_TDS_DECT	Debt service as a proportion of exports of goods and services (%)	2019.Q3.G.01	212	Dominica	029	Caribbean	Country	DMA	1	-61.3493756	15.43391378		PT	Percentage			G	Global			World Development Indicators database, World Bank		CA: Country adjusted data	6.47297	6.25361	5.88005	7.38653	7.31846	5.98274	4.89448	7.12868	6.50891	6.25895	6.66725	13.45318	9.70727	12.02962	11.93591	11.81415	12.70811	12.27856	11.22226	13.81179	9.10904	9.04266	12.55954	11.28162	7.31512	8.64351	9.93077	11.68347	11.68347	2017
17	17.4	17.4.1	DT_TDS_DECT	Debt service as a proportion of exports of goods and services (%)	2019.Q3.G.01	214	Dominican Republic	029	Caribbean	Country	DOM	1	-70.49847576	18.89832088		PT	Percentage			G	Global			World Development Indicators database, World Bank		CA: Country adjusted data	11.06146	12.06456	16.0387	5.99394	8.89967	9.82418	9.85652	9.05243	7.04931	6.39144	7.73208	9.94655	10.10012	10.23024	10.53799	8.54003	14.21115	13.21158	13.51326	15.10664	10.1318	9.78029	7.63083	9.93331	12.94738	22.2683	10.19026	7.83802	7.83802	2017
17	17.4	17.4.1	DT_TDS_DECT	Debt service as a proportion of exports of goods and services (%)	2019.Q3.G.01	218	Ecuador	005	South America	Country	ECU	1	-78.37005241	-1.447785891		PT	Percentage			G	Global			World Development Indicators database, World Bank		CA: Country adjusted data	31.22657	30.81422	24.08207	20.93322	19.08305	29.02943	22.56728	31.15122	33.52016	30.84874	22.686	24.93716	28.23077	20.08643	23.85588	16.3954	17.8258	12.08092	8.20094	43.99796	4.90849	5.75399	6.45746	6.63543	6.94325	14.36735	15.12137	20.41744	20.41744	2017
17	17.4	17.4.1	DT_TDS_DECT	Debt service as a proportion of exports of goods and services (%)	2019.Q3.G.01	222	El Salvador	013	Central America	Country	SLV	1	-88.86862995	13.73603564		PT	Percentage			G	Global			World Development Indicators database, World Bank		CA: Country adjusted data	19.09061	25.65973	22.73461	21.10545	20.16116	16.30089	16.72469	10.6999	16.22013	10.92748	10.00238	11.89283	14.21734	17.46316	19.34665	15.04129	20.51911	15.39355	14.43689	21.77215	16.63845	16.93259	13.93954	12.64963	12.99469	12.76629	13.81665	13.27158	13.27158	2017
17	17.4	17.4.1	DT_TDS_DECT	Debt service as a proportion of exports of goods and services (%)	2019.Q3.G.01	226	Equatorial Guinea	017	Middle Africa	Country	GNQ	1	10.46535826	1.565792376																																										
17	17.4	17.4.1	DT_TDS_DECT	Debt service as a proportion of exports of goods and services (%)	2019.Q3.G.01	231	Ethiopia	014	Eastern Africa	Country	ETH	1	39.63505296	8.631223181		PT	Percentage			G	Global			World Development Indicators database, World Bank		CA: Country adjusted data	37.64597	29.02711	22.71638	17.92758	15.21607	18.33413	41.49836	9.86367	12.08516	16.17264	13.6317	18.38973	7.90545	7.16333	5.50917	4.29923	5.80117	4.62067	2.91661	2.78314	3.70892	5.86734	7.05178	10.67245	11.81546	17.11221	20.45824	20.59046	20.59046	2017
17	17.4	17.4.1	DT_TDS_DECT	Debt service as a proportion of exports of goods and services (%)	2019.Q3.G.01	232	Eritrea	014	Eastern Africa	Country	ERI	1	38.11074289	16.12894644		PT	Percentage			G	Global			World Development Indicators database, World Bank		CA: Country adjusted data					0.0	0.10544	0.0	0.22676	2.92491	5.29909	3.59394																		3.59394	2000
17	17.4	17.4.1	DT_TDS_DECT	Debt service as a proportion of exports of goods and services (%)	2019.Q3.G.01	233	Estonia	154	Northern Europe	Country	EST	1	25.84093481	58.68487172																																										
17	17.4	17.4.1	DT_TDS_DECT	Debt service as a proportion of exports of goods and services (%)	2019.Q3.G.01	234	Faroe Islands	154	Northern Europe	Country	FRO	0	-7.122044325	62.21228119																																										
17	17.4	17.4.1	DT_TDS_DECT	Debt service as a proportion of exports of goods and services (%)	2019.Q3.G.01	238	Falkland Islands (Malvinas)	005	South America	Country	FLK	0	-58.75246778	-51.74562601																																										
17	17.4	17.4.1	DT_TDS_DECT	Debt service as a proportion of exports of goods and services (%)	2019.Q3.G.01	239	South Georgia and the South Sandwich Islands	005	South America	Country	SGS	0	-36.90662765	-54.20736749																																										
17	17.4	17.4.1	DT_TDS_DECT	Debt service as a proportion of exports of goods and services (%)	2019.Q3.G.01	242	Fiji	054	Melanesia	Country	FJI	1	177.9660884	-17.83301566		PT	Percentage			G	Global			World Development Indicators database, World Bank		CA: Country adjusted data	9.0106	9.33038	6.9508	5.84757	6.17068	3.73141	2.12833	1.53671	2.20785	2.62161	2.52791	1.80356	1.73491	1.25131	0.76631	0.84679	0.87237	1.61684	1.19229	1.81919	1.30901	8.14674	1.60623	1.84358	1.9877	13.76121	3.13345	2.27629	2.27629	2017
17	17.4	17.4.1	DT_TDS_DECT	Debt service as a proportion of exports of goods and services (%)	2019.Q3.G.01	246	Finland	154	Northern Europe	Country	FIN	1	23.308447	61.91586738																																										
17	17.4	17.4.1	DT_TDS_DECT	Debt service as a proportion of exports of goods and services (%)	2019.Q3.G.01	248	Åland Islands	154	Northern Europe	Country	ALA	0	19.80945969	60.1544901																																										
17	17.4	17.4.1	DT_TDS_DECT	Debt service as a proportion of exports of goods and services (%)	2019.Q3.G.01	250	France	155	Western Europe	Country	FRA	1	2.457288129	46.62660861																																										
17	17.4	17.4.1	DT_TDS_DECT	Debt service as a proportion of exports of goods and services (%)	2019.Q3.G.01	254	French Guiana	005	South America	Country	GUF	0	-53.23619089	3.922673437																																										
17	17.4	17.4.1	DT_TDS_DECT	Debt service as a proportion of exports of goods and services (%)	2019.Q3.G.01	258	French Polynesia	061	Polynesia	Country	PYF	0	-149.4052367	-17.67709294																																										
17	17.4	17.4.1	DT_TDS_DECT	Debt service as a proportion of exports of goods and services (%)	2019.Q3.G.01	260	French Southern Territories	014	Eastern Africa	Country	ATF	0	69.64849091	-49.6068576																																										
17	17.4	17.4.1	DT_TDS_DECT	Debt service as a proportion of exports of goods and services (%)	2019.Q3.G.01	262	Djibouti	014	Eastern Africa	Country	DJI	1	42.18274707	11.56004161		PT	Percentage			G	Global			World Development Indicators database, World Bank		CA: Country adjusted data		4.69049	4.71011	3.61622	4.66657	5.04864	5.41985	3.13167	2.2028	4.35848	6.1022	4.46861	4.93729	5.64238	6.3492	4.9181	6.91607	6.96362	7.24192	8.04059	7.49907	8.42134	8.29052	7.75267	6.93193	7.13834	9.93131	10.9431	10.9431	2017
17	17.4	17.4.1	DT_TDS_DECT	Debt service as a proportion of exports of goods and services (%)	2019.Q3.G.01	266	Gabon	017	Middle Africa	Country	GAB	1	11.78727747	-0.60687619		PT	Percentage			G	Global			World Development Indicators database, World Bank		CA: Country adjusted data	4.75504	10.12301	14.4262	4.18874	8.64207	14.73647	10.32914	12.5678	12.9346	18.02092	9.22726	15.82981	14.98549	10.9302	5.59427	3.40865		11.9747	28.33703	5.85389	4.47694	3.604	3.83013						3.83013	2012
17	17.4	17.4.1	DT_TDS_DECT	Debt service as a proportion of exports of goods and services (%)	2019.Q3.G.01	268	Georgia	145	Western Asia	Country	GEO	1	43.3713615	42.04813028		PT	Percentage			G	Global			World Development Indicators database, World Bank		CA: Country adjusted data								6.00763	23.25553	15.03926	12.2125	7.24012	9.16572	10.32078	11.83827	6.87752	8.83441	4.37598	4.77018	6.84971	6.29377	11.97783	6.3292	8.75395	7.11015	9.15649	5.42743	6.73431	6.73431	2017
17	17.4	17.4.1	DT_TDS_DECT	Debt service as a proportion of exports of goods and services (%)	2019.Q3.G.01	270	Gambia	011	Western Africa	Country	GMB	1	-15.39944785	13.45295927		PT	Percentage			G	Global			World Development Indicators database, World Bank		CA: Country adjusted data	21.78578	13.21691	12.35918	11.13649	13.38649	15.08592	12.06006	11.28968						14.49901	20.53536	14.64351	14.34998	12.98019	5.13644	6.71964	8.41267	10.29711	9.36057	10.85423	17.51436	14.36603	15.25105	16.81048	16.81048	2017
17	17.4	17.4.1	DT_TDS_DECT	Debt service as a proportion of exports of goods and services (%)	2019.Q3.G.01	275	State of Palestine	145	Western Asia	Country	PSE	0	35.25694122	31.94347933																																										
17	17.4	17.4.1	DT_TDS_DECT	Debt service as a proportion of exports of goods and services (%)	2019.Q3.G.01	276	Germany	155	Western Europe	Country	DEU	1	10.3806066	51.08862743																																										
17	17.4	17.4.1	DT_TDS_DECT	Debt service as a proportion of exports of goods and services (%)	2019.Q3.G.01	288	Ghana	011	Western Africa	Country	GHA	1	-1.205623522	7.964825185		PT	Percentage			G	Global			World Development Indicators database, World Bank		CA: Country adjusted data	36.45028	25.58201	25.88173	23.19523	24.33118	23.26764	25.07421	30.37529	20.53881	18.92521	16.95593	11.34336	7.25771	7.12912	7.47069	7.93043	5.01881	3.35811	3.74432	3.29198	3.49063	2.19755	2.8724	5.52878	5.09142	5.88769	10.34048	10.09296	10.09296	2017
17	17.4	17.4.1	DT_TDS_DECT	Debt service as a proportion of exports of goods and services (%)	2019.Q3.G.01	292	Gibraltar	039	Southern Europe	Country	GIB	0	-5.347561686	36.13895036																																										
17	17.4	17.4.1	DT_TDS_DECT	Debt service as a proportion of exports of goods and services (%)	2019.Q3.G.01	296	Kiribati	057	Micronesia	Country	KIR	1	-157.5643005	1.768837732																																										
17	17.4	17.4.1	DT_TDS_DECT	Debt service as a proportion of exports of goods and services (%)	2019.Q3.G.01	300	Greece	039	Southern Europe	Country	GRC	1	22.58307827	39.47301873																																										
17	17.4	17.4.1	DT_TDS_DECT	Debt service as a proportion of exports of goods and services (%)	2019.Q3.G.01	304	Greenland	021	Northern America	Country	GRL	0	-41.39371316	74.75625681																																										
17	17.4	17.4.1	DT_TDS_DECT	Debt service as a proportion of exports of goods and services (%)	2019.Q3.G.01	308	Grenada	029	Caribbean	Country	GRD	1	-61.68248568	12.11238395		PT	Percentage			G	Global			World Development Indicators database, World Bank		CA: Country adjusted data	3.94916	3.60823	5.94147	6.80139	6.24336	5.8053	5.53753	4.81692	5.71238	4.33554	5.63711	7.96855	15.48521	16.53797	13.54271	5.81471	8.1277	8.06123	9.29823	11.46907	13.46103	12.34352	6.83617	10.40768	4.24228	5.15902	8.88592	9.34717	9.34717	2017
17	17.4	17.4.1	DT_TDS_DECT	Debt service as a proportion of exports of goods and services (%)	2019.Q3.G.01	312	Guadeloupe	029	Caribbean	Country	GLP	0	-61.64762115	16.14416917																																										
17	17.4	17.4.1	DT_TDS_DECT	Debt service as a proportion of exports of goods and services (%)	2019.Q3.G.01	316	Guam	057	Micronesia	Country	GUM	0	144.7029305	13.35485404																																										
17	17.4	17.4.1	DT_TDS_DECT	Debt service as a proportion of exports of goods and services (%)	2019.Q3.G.01	320	Guatemala	013	Central America	Country	GTM	1	-91.2312746	15.00273719		PT	Percentage			G	Global			World Development Indicators database, World Bank		CA: Country adjusted data	13.5958	17.02729	25.60175	13.85753	11.95158	10.80256	11.35419	9.28405	8.23102	8.62435	7.54102	8.24952	8.88024	9.56732	7.62283	5.7176	5.89714	6.58876	4.90442	5.39183	4.91464	6.74399	4.22112	6.61225	4.11338	4.50019	5.05016	5.67197	5.67197	2017
17	17.4	17.4.1	DT_TDS_DECT	Debt service as a proportion of exports of goods and services (%)	2019.Q3.G.01	324	Guinea	011	Western Africa	Country	GIN	1	-11.28173419	11.00210343		PT	Percentage			G	Global			World Development Indicators database, World Bank		CA: Country adjusted data	19.68987	15.64286	12.09129	10.65103	13.98795	24.11803	14.50328	19.7381	18.34454	16.0647	18.74892	12.03766	12.53567	14.28537	20.77408	18.79053	15.4991	12.97753	10.58224	12.27473	6.28913	12.79567	7.9942	4.1456	3.53601	5.19144	2.4909	1.31292	1.31292	2017
17	17.4	17.4.1	DT_TDS_DECT	Debt service as a proportion of exports of goods and services (%)	2019.Q3.G.01	328	Guyana	005	South America	Country	GUY	1	-58.97322037	4.788012784		PT	Percentage			G	Global			World Development Indicators database, World Bank		CA: Country adjusted data			18.66094	17.18848	16.3235	16.90088	14.26416	17.18529	18.97542	11.31509	9.71464	6.48471	9.35628	8.51169	6.28099	4.83848	4.15769	3.06362	2.5457	1.95749	2.42142	2.74506	8.16687	2.92972	3.62096	4.00704	3.25563		3.25563	2016
17	17.4	17.4.1	DT_TDS_DECT	Debt service as a proportion of exports of goods and services (%)	2019.Q3.G.01	332	Haiti	029	Caribbean	Country	HTI	1	-72.33640958	18.40426539		PT	Percentage			G	Global			World Development Indicators database, World Bank		CA: Country adjusted data	9.86719	10.50186	3.16637	2.65538	4.65547	53.88005	15.07599	9.33512	8.2644	9.25381	8.29405	5.49433	6.30811	11.19192	19.10869	9.34877	8.06757	10.00946	6.13786	4.22493	12.51257	0.38502	0.38196	0.65838	1.26064	1.89043	5.33013	1.25188	1.25188	2017
17	17.4	17.4.1	DT_TDS_DECT	Debt service as a proportion of exports of goods and services (%)	2019.Q3.G.01	334	Heard Island and McDonald Islands	053	Australia and New Zealand	Country	HMD	0	73.52633626	-53.09106147																																										
17	17.4	17.4.1	DT_TDS_DECT	Debt service as a proportion of exports of goods and services (%)	2019.Q3.G.01	336	Holy See	039	Southern Europe	Country	VAT	0	12.45315803	41.90343751																																										
17	17.4	17.4.1	DT_TDS_DECT	Debt service as a proportion of exports of goods and services (%)	2019.Q3.G.01	340	Honduras	013	Central America	Country	HND	1	-86.59974381	14.82243161		PT	Percentage			G	Global			World Development Indicators database, World Bank		CA: Country adjusted data	34.37072	28.05204	33.61357	29.29975	32.93379	31.52882	27.40083	20.4472	17.53309	13.46788	6.67059	5.21655	7.58822	8.36296	6.56414	5.80337	3.81156	3.4197	2.0661	3.44026	2.20628	2.04697	2.00082	3.16119	4.32502	4.77581	5.73075	5.53836	5.53836	2017
17	17.4	17.4.1	DT_TDS_DECT	Debt service as a proportion of exports of goods and services (%)	2019.Q3.G.01	344	China, Hong Kong Special Administrative Region	030	Eastern Asia	Country	HKG	0	114.0266445	22.41749934																																										
17	17.4	17.4.1	DT_TDS_DECT	Debt service as a proportion of exports of goods and services (%)	2019.Q3.G.01	348	Hungary	151	Eastern Europe	Country	HUN	1	19.41221519	47.1651448																																										
17	17.4	17.4.1	DT_TDS_DECT	Debt service as a proportion of exports of goods and services (%)	2019.Q3.G.01	352	Iceland	154	Northern Europe	Country	ISL	1	-19.02116966	64.79134763																																										
17	17.4	17.4.1	DT_TDS_DECT	Debt service as a proportion of exports of goods and services (%)	2019.Q3.G.01	356	India	034	Southern Asia	Country	IND	1	79.3608464	22.34642074		PT	Percentage			G	Global			World Development Indicators database, World Bank		CA: Country adjusted data	27.16493	26.76187	25.43843	25.1974	29.72221	30.54465	25.4118	24.54037	22.4906	15.58987	15.37853	12.78737	16.09366	20.43706	7.72065	9.68673	3.04097	4.08674	4.67089	2.42993	1.74481	1.76109	1.67074	2.5463	3.2299	3.08594	5.06409	2.91264	2.91264	2017
17	17.4	17.4.1	DT_TDS_DECT	Debt service as a proportion of exports of goods and services (%)	2019.Q3.G.01	360	Indonesia	035	South-Eastern Asia	Country	IDN	1	113.9174	-0.994582204		PT	Percentage			G	Global			World Development Indicators database, World Bank		CA: Country adjusted data	25.62189	23.7619	21.95292	21.44829	19.08458	17.50033	20.25848	13.70109	12.88884	16.67699	11.22621	13.7784	13.7185	12.81832	14.40929	9.94051	15.80843	8.5936	6.34865	7.75816	6.59419	4.4625	4.63609	5.60297	14.12914	8.19661	9.33995	9.18878	9.18878	2017
17	17.4	17.4.1	DT_TDS_DECT	Debt service as a proportion of exports of goods and services (%)	2019.Q3.G.01	364	Iran (Islamic Republic of)	034	Southern Asia	Country	IRN	1	54.19766348	32.74370885		PT	Percentage			G	Global			World Development Indicators database, World Bank		CA: Country adjusted data	1.24552	1.15113	1.3795	2.96932	13.16532	27.1335	26.12385	30.21495	16.72594	16.35598	9.15989	3.58727	4.68088	4.53962	4.48398	4.31611	3.1275	3.02138	2.48599	2.05099	1.70548	1.21881	0.30594	0.39597	0.47995	0.72386	2.65969	0.37073	0.37073	2017
17	17.4	17.4.1	DT_TDS_DECT	Debt service as a proportion of exports of goods and services (%)	2019.Q3.G.01	368	Iraq	145	Western Asia	Country	IRQ	1	43.76606267	33.05013795																																										
17	17.4	17.4.1	DT_TDS_DECT	Debt service as a proportion of exports of goods and services (%)	2019.Q3.G.01	372	Ireland	154	Northern Europe	Country	IRL	1	-7.121425272	53.25274054																																										
17	17.4	17.4.1	DT_TDS_DECT	Debt service as a proportion of exports of goods and services (%)	2019.Q3.G.01	376	Israel	145	Western Asia	Country	ISR	1	34.62277992	31.06164552																																										
17	17.4	17.4.1	DT_TDS_DECT	Debt service as a proportion of exports of goods and services (%)	2019.Q3.G.01	380	Italy	039	Southern Europe	Country	ITA	1	12.57022427	42.79917282																																										
17	17.4	17.4.1	DT_TDS_DECT	Debt service as a proportion of exports of goods and services (%)	2019.Q3.G.01	384	Côte d'Ivoire	011	Western Africa	Country	CIV	1	-5.552690016	7.62211586		PT	Percentage			G	Global			World Development Indicators database, World Bank		CA: Country adjusted data	19.06143	22.35317	18.71307	19.37419	22.05401	19.11346	17.42025	12.06392	16.48523	18.57564	15.84825	8.01111	9.91384	6.17344	2.85498	1.34916	0.80943	2.07307	7.03424	7.32854	3.96911	3.12876	2.43998	4.04365	4.2597	3.55838	9.13976	14.60737	14.60737	2017
17	17.4	17.4.1	DT_TDS_DECT	Debt service as a proportion of exports of goods and services (%)	2019.Q3.G.01	388	Jamaica	029	Caribbean	Country	JAM	1	-77.31068409	18.15616857		PT	Percentage			G	Global			World Development Indicators database, World Bank		CA: Country adjusted data	27.07453	29.76537	28.81179	20.9074	18.03575	17.81193	17.84226	16.3645	12.34865	14.98391	15.42508	19.45403	23.73234	21.82531	19.61564	20.99002	14.27262	18.77702	15.75123	29.26832	19.61564	27.29714	22.83569	22.81882	28.47842	27.54111	37.22781	24.4127	24.4127	2017
17	17.4	17.4.1	DT_TDS_DECT	Debt service as a proportion of exports of goods and services (%)	2019.Q3.G.01	392	Japan	030	Eastern Asia	Country	JPN	1	139.2716103	36.6554539																																										
17	17.4	17.4.1	DT_TDS_DECT	Debt service as a proportion of exports of goods and services (%)	2019.Q3.G.01	398	Kazakhstan	143	Central Asia	Country	KAZ	1	66.65359159	48.01963494		PT	Percentage			G	Global			World Development Indicators database, World Bank		CA: Country adjusted data						3.52613	3.81609	4.42807	7.49796	12.00445	8.82009	4.88477	7.46231	3.11668	3.84874	3.98702	0.82333	1.35541	0.25195	0.37272	0.48977	0.21341	0.35155	0.5982	0.97003	1.54248	2.66186	3.25981	3.25981	2017
17	17.4	17.4.1	DT_TDS_DECT	Debt service as a proportion of exports of goods and services (%)	2019.Q3.G.01	400	Jordan	145	Western Asia	Country	JOR	1	37.13024774	30.65365973		PT	Percentage			G	Global			World Development Indicators database, World Bank		CA: Country adjusted data	22.11613	24.59401	24.45691	19.44003	17.3775	15.49107	24.98254	21.67839	21.29493	13.02793	14.34936	13.6322	11.45337	21.26464	10.33138	7.94112	7.09258	6.75306	19.44869	4.72681	4.68071	5.15757	5.06381	4.8962	7.00837	12.7782	15.09503	9.79995	9.79995	2017
17	17.4	17.4.1	DT_TDS_DECT	Debt service as a proportion of exports of goods and services (%)	2019.Q3.G.01	404	Kenya	014	Eastern Africa	Country	KEN	1	37.86096816	0.534797278		PT	Percentage			G	Global			World Development Indicators database, World Bank		CA: Country adjusted data	28.58134	26.28001	23.50007	12.82716	16.97759	20.72663	18.86715	12.93811	12.39553	13.04278	17.30217	12.43301	13.66297	14.4784	7.38753	9.46035	6.7487	5.91843	4.63229	4.82618	4.12699	3.96618	4.57908	4.62957	10.29098	6.92015	8.27961	12.53404	12.53404	2017
17	17.4	17.4.1	DT_TDS_DECT	Debt service as a proportion of exports of goods and services (%)	2019.Q3.G.01	408	Democratic People's Republic of Korea	030	Eastern Asia	Country	PRK	1	127.1803633	40.1462645																																										
17	17.4	17.4.1	DT_TDS_DECT	Debt service as a proportion of exports of goods and services (%)	2019.Q3.G.01	410	Republic of Korea	030	Eastern Asia	Country	KOR	1	127.8610254	36.45201023																																										
17	17.4	17.4.1	DT_TDS_DECT	Debt service as a proportion of exports of goods and services (%)	2019.Q3.G.01	414	Kuwait	145	Western Asia	Country	KWT	1	47.49305029	29.53949468																																										
17	17.4	17.4.1	DT_TDS_DECT	Debt service as a proportion of exports of goods and services (%)	2019.Q3.G.01	417	Kyrgyzstan	143	Central Asia	Country	KGZ	1	74.52324839	41.46204516		PT	Percentage			G	Global			World Development Indicators database, World Bank		CA: Country adjusted data				0.40535	4.39362	13.22646	8.89321	6.20627	8.90194	5.76889	9.8274	12.36616	11.24524	8.37867	6.5559	6.68325	5.11824	3.42954	2.8644	3.59684	3.66531	3.3653	2.6574	2.47627	3.61422	5.40962	6.46266	6.05155	6.05155	2017
17	17.4	17.4.1	DT_TDS_DECT	Debt service as a proportion of exports of goods and services (%)	2019.Q3.G.01	418	Lao People's Democratic Republic	035	South-Eastern Asia	Country	LAO	1	101.9901968	20.27482773		PT	Percentage			G	Global			World Development Indicators database, World Bank		CA: Country adjusted data	8.59853	6.17755	4.77797	8.31443	4.94735	7.60202	8.05872	6.33784	6.30722	9.4684	7.93558	8.96835	9.38374	10.90469	9.95866	8.0607	4.90926	4.89242	5.15959	6.39453	4.00706	6.69248	5.42857	5.78424	5.34387	5.38564	7.18658	8.94139	8.94139	2017
17	17.4	17.4.1	DT_TDS_DECT	Debt service as a proportion of exports of goods and services (%)	2019.Q3.G.01	422	Lebanon	145	Western Asia	Country	LBN	1	35.89391711	33.92152458		PT	Percentage			G	Global			World Development Indicators database, World Bank		CA: Country adjusted data													28.84616	23.36244	31.54443	20.75255	23.87306	21.49126	17.1322	19.5775	17.54348	20.94095	17.55506	15.51808	18.45275	17.82716	20.26265	22.1473	22.1473	2017
17	17.4	17.4.1	DT_TDS_DECT	Debt service as a proportion of exports of goods and services (%)	2019.Q3.G.01	426	Lesotho	018	Southern Africa	Country	LSO	1	28.25362195	-29.58041814		PT	Percentage			G	Global			World Development Indicators database, World Bank		CA: Country adjusted data	4.15967	4.47328	5.18913	5.27386	5.36712	6.0645	5.55997	6.50339	8.51694	10.1193	7.47327	8.1467	7.72956	5.4556	3.66056	5.70195	3.04488	5.90462	2.23142	2.59596	2.09217	2.09085	2.44043	2.93882	3.08666	3.68732	4.20259	3.62815	3.62815	2017
17	17.4	17.4.1	DT_TDS_DECT	Debt service as a proportion of exports of goods and services (%)	2019.Q3.G.01	428	Latvia	154	Northern Europe	Country	LVA	1	26.42461876	56.64196636																																										
17	17.4	17.4.1	DT_TDS_DECT	Debt service as a proportion of exports of goods and services (%)	2019.Q3.G.01	430	Liberia	011	Western Africa	Country	LBR	1	-9.311879038	6.448381009		PT	Percentage			G	Global			World Development Indicators database, World Bank		CA: Country adjusted data															0.43118	0.51969	0.41132	114.38676	119.68007	5.81178	1.70998	0.74607	1.17284	0.93712	2.39726	7.92395	1.22137	1.95181	1.95181	2017
17	17.4	17.4.1	DT_TDS_DECT	Debt service as a proportion of exports of goods and services (%)	2019.Q3.G.01	434	Libya	015	Northern Africa	Country	LBY	1	18.0295985	27.04042819																																										
17	17.4	17.4.1	DT_TDS_DECT	Debt service as a proportion of exports of goods and services (%)	2019.Q3.G.01	438	Liechtenstein	155	Western Europe	Country	LIE	1	9.552985019	47.14167005																																										
17	17.4	17.4.1	DT_TDS_DECT	Debt service as a proportion of exports of goods and services (%)	2019.Q3.G.01	440	Lithuania	154	Northern Europe	Country	LTU	1	23.90517807	55.33680309																																										
17	17.4	17.4.1	DT_TDS_DECT	Debt service as a proportion of exports of goods and services (%)	2019.Q3.G.01	442	Luxembourg	155	Western Europe	Country	LUX	1	6.092656563	49.77679538																																										
17	17.4	17.4.1	DT_TDS_DECT	Debt service as a proportion of exports of goods and services (%)	2019.Q3.G.01	446	China, Macao Special Administrative Region	030	Eastern Asia	Country	MAC	0	113.5665388	22.1237259																																										
17	17.4	17.4.1	DT_TDS_DECT	Debt service as a proportion of exports of goods and services (%)	2019.Q3.G.01	450	Madagascar	014	Eastern Africa	Country	MDG	1	46.6982339	-19.38514785		PT	Percentage			G	Global			World Development Indicators database, World Bank		CA: Country adjusted data	44.35439	31.88205	18.35856	14.35744	9.55283	7.26342	10.04152	32.0039	17.69808	20.50474	12.86255	6.17161	5.42077	8.4053	8.88386	5.83843	3.52711	0.87826	0.97727	2.20064	2.58583	1.66167	2.31952	2.1481	2.68564	4.35691	3.30233	3.06653	3.06653	2017
17	17.4	17.4.1	DT_TDS_DECT	Debt service as a proportion of exports of goods and services (%)	2019.Q3.G.01	454	Malawi	014	Eastern Africa	Country	MWI	1	33.4884625	-13.40819859		PT	Percentage			G	Global			World Development Indicators database, World Bank		CA: Country adjusted data	28.03134	24.10441	23.48655	22.20415	22.345	24.40671	15.1692	13.89325	14.68072	13.79571	12.89867	9.32232	7.50968	6.62697	10.44605	12.42616	8.63945	3.6311	3.12146	2.82818	1.64051	1.3788	2.03236	3.13004	4.07967	4.43436	6.12129	5.61313	5.61313	2017
17	17.4	17.4.1	DT_TDS_DECT	Debt service as a proportion of exports of goods and services (%)	2019.Q3.G.01	458	Malaysia	035	South-Eastern Asia	Country	MYS	1	116.8346314	5.452415309																																										
17	17.4	17.4.1	DT_TDS_DECT	Debt service as a proportion of exports of goods and services (%)	2019.Q3.G.01	462	Maldives	034	Southern Asia	Country	MDV	1	73.09672546	-0.614385021		PT	Percentage			G	Global			World Development Indicators database, World Bank		CA: Country adjusted data	3.98662	3.63957	3.0452	3.73772	3.37546	3.31128	3.07086	6.90058	3.56076	3.77878	3.99435	4.3141	4.18032	3.52016	4.03882	5.91933	3.73289	2.13225	2.6794	3.47601	3.0343	3.14314	3.10574	2.42962	2.47224	2.49317	2.70377	2.37238	2.37238	2017
17	17.4	17.4.1	DT_TDS_DECT	Debt service as a proportion of exports of goods and services (%)	2019.Q3.G.01	466	Mali	011	Western Africa	Country	MLI	1	-3.522016039	17.35311254		PT	Percentage			G	Global			World Development Indicators database, World Bank		CA: Country adjusted data	14.65542	9.18308	11.93922	16.08199	21.14275	15.79474	20.76003	10.6235	11.069	13.84887	12.91341	8.71608	7.45467	6.39255	7.89775	6.72317	4.32141	3.17098	2.60525	3.08576	2.44693	2.34217	1.75196	2.9882	2.97019	3.25782	3.46022	4.44218	4.44218	2017
17	17.4	17.4.1	DT_TDS_DECT	Debt service as a proportion of exports of goods and services (%)	2019.Q3.G.01	470	Malta	039	Southern Europe	Country	MLT	1	14.44617519	35.89194275																																										
17	17.4	17.4.1	DT_TDS_DECT	Debt service as a proportion of exports of goods and services (%)	2019.Q3.G.01	474	Martinique	029	Caribbean	Country	MTQ	0	-60.91544135	14.56086108																																										
17	17.4	17.4.1	DT_TDS_DECT	Debt service as a proportion of exports of goods and services (%)	2019.Q3.G.01	478	Mauritania	011	Western Africa	Country	MRT	1	-10.33187259	20.26089546		PT	Percentage			G	Global			World Development Indicators database, World Bank		CA: Country adjusted data	28.78256	18.82725	18.99492	29.23293	23.83984	22.05524	21.92629	22.92956	25.70627								5.5336	7.14173	2.88651	4.71178	4.85521	3.94416	5.02782	5.637	9.84736	12.51136	13.33225	13.13866	13.13866	2017
17	17.4	17.4.1	DT_TDS_DECT	Debt service as a proportion of exports of goods and services (%)	2019.Q3.G.01	480	Mauritius	014	Eastern Africa	Country	MUS	1	57.568022	-20.28581998		PT	Percentage			G	Global			World Development Indicators database, World Bank		CA: Country adjusted data	7.25624	7.07733	7.92396	5.44312	5.72944	5.98257	4.95161	6.81423	6.73066	5.61827	16.37841	4.7179	6.53185	5.12069	5.28969	5.28195	5.35707	2.54565	2.37242	2.26833	0.84986	1.342	1.05325	0.69861	0.95843	0.90808	0.9897	1.84388	1.84388	2017
17	17.4	17.4.1	DT_TDS_DECT	Debt service as a proportion of exports of goods and services (%)	2019.Q3.G.01	484	Mexico	013	Central America	Country	MEX	1	-102.5148166	23.93378032		PT	Percentage			G	Global			World Development Indicators database, World Bank		CA: Country adjusted data	18.38761	19.83557	28.70049	19.04207	17.72803	25.69237	37.10087	36.3091	14.24884	14.06058	16.39047	13.83507	10.92967	12.16852	12.10754	9.88269	14.14577	7.19394	6.91475	7.13513	6.11606	5.24043	9.36065	5.49402	4.49003	6.36514	10.00122	8.05584	8.05584	2017
17	17.4	17.4.1	DT_TDS_DECT	Debt service as a proportion of exports of goods and services (%)	2019.Q3.G.01	492	Monaco	155	Western Europe	Country	MCO	1	7.424214814	43.73532918																																										
17	17.4	17.4.1	DT_TDS_DECT	Debt service as a proportion of exports of goods and services (%)	2019.Q3.G.01	496	Mongolia	030	Eastern Asia	Country	MNG	1	103.0728057	46.83892054		PT	Percentage			G	Global			World Development Indicators database, World Bank		CA: Country adjusted data			17.12446	5.94668	10.63137	10.09892	10.681	9.93705	5.3764	4.27698	6.48799	7.11133	7.35236	33.83935	2.92911	2.6981	2.413	2.12437	2.3014	4.07728	4.33204	1.76603	2.81316	5.03006	3.6285	3.05605	3.45735	4.15391	4.15391	2017
17	17.4	17.4.1	DT_TDS_DECT	Debt service as a proportion of exports of goods and services (%)	2019.Q3.G.01	498	Republic of Moldova	151	Eastern Europe	Country	MDA	1	28.4650624	47.20236795		PT	Percentage			G	Global			World Development Indicators database, World Bank		CA: Country adjusted data					2.05155	7.61477	7.73305	10.39576	21.02271	26.54176	15.62113	12.34972	13.73357	7.32935	8.38171	5.01495	5.40418	3.72857	2.89743	4.06002	2.9738	2.58647	2.65858	2.96874	2.70449	2.98006	3.79731	4.02253	4.02253	2017
17	17.4	17.4.1	DT_TDS_DECT	Debt service as a proportion of exports of goods and services (%)	2019.Q3.G.01	499	Montenegro	039	Southern Europe	Country	MNE	1	19.25214024	42.78717043		PT	Percentage			G	Global			World Development Indicators database, World Bank		CA: Country adjusted data																		8.16894	2.54681	3.09137	5.42638	9.26055	12.85685	16.54555	12.61538	23.8994	22.39234	12.60107	12.60107	2017
17	17.4	17.4.1	DT_TDS_DECT	Debt service as a proportion of exports of goods and services (%)	2019.Q3.G.01	500	Montserrat	029	Caribbean	Country	MSR	0	-62.19261223	16.73558313																																										
17	17.4	17.4.1	DT_TDS_DECT	Debt service as a proportion of exports of goods and services (%)	2019.Q3.G.01	504	Morocco	015	Northern Africa	Country	MAR	1	-6.281942841	31.8440131		PT	Percentage			G	Global			World Development Indicators database, World Bank		CA: Country adjusted data	27.89078	34.19737	52.06966	45.39422	46.52461	47.39837	39.47904	36.709	31.85695	32.85368	27.12051	25.24528	27.72919	29.63492	17.37026	13.8173	10.10202	9.72024	7.75568	7.00722	7.49229	6.71798	7.05246	8.25224	7.52763	7.60319	8.37752	8.10654	8.10654	2017
17	17.4	17.4.1	DT_TDS_DECT	Debt service as a proportion of exports of goods and services (%)	2019.Q3.G.01	508	Mozambique	014	Eastern Africa	Country	MOZ	1	38.18479941	-14.27963886		PT	Percentage			G	Global			World Development Indicators database, World Bank		CA: Country adjusted data	17.29694	19.67578	20.58656	31.24558	30.13678	33.21443	24.83444	17.77642	15.45554	14.20078	7.94795	5.02179	3.85012	4.24703	2.64323	2.76351	1.42975	0.96295	1.01438	1.3197	3.20956	1.91044	1.75944	3.51641	5.07341	6.4035	6.46434	4.76824	4.76824	2017
17	17.4	17.4.1	DT_TDS_DECT	Debt service as a proportion of exports of goods and services (%)	2019.Q3.G.01	512	Oman	145	Western Asia	Country	OMN	1	57.87743482	21.98805614																																										
17	17.4	17.4.1	DT_TDS_DECT	Debt service as a proportion of exports of goods and services (%)	2019.Q3.G.01	516	Namibia	018	Southern Africa	Country	NAM	1	17.21907885	-22.13817068																																										
17	17.4	17.4.1	DT_TDS_DECT	Debt service as a proportion of exports of goods and services (%)	2019.Q3.G.01	520	Nauru	057	Micronesia	Country	NRU	1	166.92313	-0.528742623																																										
17	17.4	17.4.1	DT_TDS_DECT	Debt service as a proportion of exports of goods and services (%)	2019.Q3.G.01	524	Nepal	034	Southern Asia	Country	NPL	1	83.94678863	28.25866332		PT	Percentage			G	Global			World Development Indicators database, World Bank		CA: Country adjusted data	14.53116	11.17499	9.18233	8.61512	7.81449	7.68718	6.52582	6.93006	7.93733	7.99309	7.39416	7.70669	10.20136	10.04593	8.97048	8.18599	9.68741	8.61938	8.27386	9.97659	10.41391	8.9984	10.03123	8.58646	7.85126	7.89586	8.67174	7.37847	7.37847	2017
17	17.4	17.4.1	DT_TDS_DECT	Debt service as a proportion of exports of goods and services (%)	2019.Q3.G.01	528	Netherlands	155	Western Europe	Country	NLD	1	5.331480568	51.86728884																																										
17	17.4	17.4.1	DT_TDS_DECT	Debt service as a proportion of exports of goods and services (%)	2019.Q3.G.01	530	Netherlands Antilles	029	Caribbean	Country	ANT	0	-68.30676179	12.22720635																																										
17	17.4	17.4.1	DT_TDS_DECT	Debt service as a proportion of exports of goods and services (%)	2019.Q3.G.01	531	Curaçao	029	Caribbean	Country	CUW	0	-68.95033464	12.15058042																																										
17	17.4	17.4.1	DT_TDS_DECT	Debt service as a proportion of exports of goods and services (%)	2019.Q3.G.01	533	Aruba	029	Caribbean	Country	ABW	0	-69.97050586	12.50878756																																										
17	17.4	17.4.1	DT_TDS_DECT	Debt service as a proportion of exports of goods and services (%)	2019.Q3.G.01	534	Sint Maarten (Dutch part)	029	Caribbean	Country	SXM	0	-63.06198692	18.03926508																																										
17	17.4	17.4.1	DT_TDS_DECT	Debt service as a proportion of exports of goods and services (%)	2019.Q3.G.01	540	New Caledonia	054	Melanesia	Country	NCL	0	165.5067368	-21.41742531																																										
17	17.4	17.4.1	DT_TDS_DECT	Debt service as a proportion of exports of goods and services (%)	2019.Q3.G.01	548	Vanuatu	054	Melanesia	Country	VUT	1	167.0679779	-15.34445547		PT	Percentage			G	Global			World Development Indicators database, World Bank		CA: Country adjusted data	1.60117	1.1232	1.36002	1.37922	1.19474	1.06521	0.96498	0.82822	0.53195	1.36177	1.40147	1.23196	1.45124	1.32833	1.5743	1.24062	1.90356	1.51595	1.23686	1.50103	1.47543	1.289	1.25976	1.53428	1.6119	1.76254	1.95477		1.95477	2016
17	17.4	17.4.1	DT_TDS_DECT	Debt service as a proportion of exports of goods and services (%)	2019.Q3.G.01	554	New Zealand	053	Australia and New Zealand	Country	NZL	1	170.4755673	-43.98721568																																										
17	17.4	17.4.1	DT_TDS_DECT	Debt service as a proportion of exports of goods and services (%)	2019.Q3.G.01	558	Nicaragua	013	Central America	Country	NIC	1	-85.03060315	12.84210839		PT	Percentage			G	Global			World Development Indicators database, World Bank		CA: Country adjusted data	3.4453	155.42942	27.18979	33.38209	40.88164	45.39568	31.61009	38.57723	20.77925	16.3041	15.94814	13.94848	11.92677	12.77715	6.20996	8.20403	4.60435	9.7926	3.0977	3.53366	2.52497	2.37666	2.09203	2.31174	2.63383	3.10831	3.70007	3.93865	3.93865	2017
17	17.4	17.4.1	DT_TDS_DECT	Debt service as a proportion of exports of goods and services (%)	2019.Q3.G.01	562	Niger	011	Western Africa	Country	NER	1	9.400167877	17.42143036		PT	Percentage			G	Global			World Development Indicators database, World Bank		CA: Country adjusted data	6.59421	12.26874	5.40958	15.96583	12.60829	7.79538	7.06513	14.32432	9.42732	8.67169	6.82155	6.11154	5.01894	6.63008	5.69776	5.34758	25.29508	2.24876	1.41314	2.56285	1.19237	2.27	2.58479	6.13458	10.64055	8.70682	13.10526	15.63282	15.63282	2017
17	17.4	17.4.1	DT_TDS_DECT	Debt service as a proportion of exports of goods and services (%)	2019.Q3.G.01	566	Nigeria	011	Western Africa	Country	NGA	1	8.097363256	9.585789025		PT	Percentage			G	Global			World Development Indicators database, World Bank		CA: Country adjusted data	22.255	21.394	18.15489	12.83784	18.31919	14.04572	12.69006	8.37684	12.51608	6.97142	8.20591	12.45976	7.82801	5.92563	4.4702	15.41074	10.98078	1.44237	0.47524	0.72884	0.37647	0.34297	0.2538	0.39541	0.31087	0.5071	0.92747	0.74122	0.74122	2017
17	17.4	17.4.1	DT_TDS_DECT	Debt service as a proportion of exports of goods and services (%)	2019.Q3.G.01	570	Niue	061	Polynesia	Country	NIU	0	-169.8601693	-19.05000475																																										
17	17.4	17.4.1	DT_TDS_DECT	Debt service as a proportion of exports of goods and services (%)	2019.Q3.G.01	574	Norfolk Island	053	Australia and New Zealand	Country	NFK	0	167.9515548	-29.03230018																																										
17	17.4	17.4.1	DT_TDS_DECT	Debt service as a proportion of exports of goods and services (%)	2019.Q3.G.01	578	Norway	154	Northern Europe	Country	NOR	1	11.47846389	61.34311134																																										
17	17.4	17.4.1	DT_TDS_DECT	Debt service as a proportion of exports of goods and services (%)	2019.Q3.G.01	580	Northern Mariana Islands	057	Micronesia	Country	MNP	0	145.7582114	15.19099517																																										
17	17.4	17.4.1	DT_TDS_DECT	Debt service as a proportion of exports of goods and services (%)	2019.Q3.G.01	581	United States Minor Outlying Islands	057	Micronesia	Country	UMI	0	-162.4343752	5.874443968																																										
17	17.4	17.4.1	DT_TDS_DECT	Debt service as a proportion of exports of goods and services (%)	2019.Q3.G.01	583	Micronesia (Federated States of)	057	Micronesia	Country	FSM	1	158.225216	6.880670092																																										
17	17.4	17.4.1	DT_TDS_DECT	Debt service as a proportion of exports of goods and services (%)	2019.Q3.G.01	584	Marshall Islands	057	Micronesia	Country	MHL	1	171.0839119	7.110213497																																										
17	17.4	17.4.1	DT_TDS_DECT	Debt service as a proportion of exports of goods and services (%)	2019.Q3.G.01	585	Palau	057	Micronesia	Country	PLW	1	134.5733878	7.502307591																																										
17	17.4	17.4.1	DT_TDS_DECT	Debt service as a proportion of exports of goods and services (%)	2019.Q3.G.01	586	Pakistan	034	Southern Asia	Country	PAK	1	68.80479684	29.36491634		PT	Percentage			G	Global			World Development Indicators database, World Bank		CA: Country adjusted data	22.70141	20.46691	22.78782	24.52946	32.90593	24.37095	24.81936	32.92115	18.89846	21.99467	21.07347	21.37151	19.6966	17.15104	22.8643	10.15601	9.08785	9.15655	8.91091	11.92469	11.50945	7.87737	14.04185	20.37129	14.40387	12.2644	13.53101	20.07514	20.07514	2017
17	17.4	17.4.1	DT_TDS_DECT	Debt service as a proportion of exports of goods and services (%)	2019.Q3.G.01	591	Panama	013	Central America	Country	PAN	1	-81.26616623	8.450965746																																										
17	17.4	17.4.1	DT_TDS_DECT	Debt service as a proportion of exports of goods and services (%)	2019.Q3.G.01	598	Papua New Guinea	054	Melanesia	Country	PNG	1	145.8587761	-6.756057077		PT	Percentage			G	Global			World Development Indicators database, World Bank		CA: Country adjusted data	18.37538	12.91487	8.69291	9.31294	12.45728	10.06617	8.33313	10.56645	8.34071	8.4688	8.03668	7.08632	7.85702	7.30224	8.37349	5.87958	3.45608	4.05889	3.12001	1.80979	1.38447	1.33756	1.40359	1.45003	1.04595	1.01831	1.21235	1.30814	1.30814	2017
17	17.4	17.4.1	DT_TDS_DECT	Debt service as a proportion of exports of goods and services (%)	2019.Q3.G.01	600	Paraguay	005	South America	Country	PRY	1	-60.54854225	-21.70216237		PT	Percentage			G	Global			World Development Indicators database, World Bank		CA: Country adjusted data	7.61278	9.61229	24.39322	7.9135	5.76235	4.38391	3.6636	3.77275	3.4636	5.09891	5.39557	6.46973	5.85769	5.91719	7.98846	6.12126	5.05869	3.90071	3.25211	4.3007	2.74303	2.33165	2.4336	1.91287	1.96914	2.68597	3.22135	2.9227	2.9227	2017
17	17.4	17.4.1	DT_TDS_DECT	Debt service as a proportion of exports of goods and services (%)	2019.Q3.G.01	604	Peru	005	South America	Country	PER	1	-71.82093277	-13.58939705		PT	Percentage			G	Global			World Development Indicators database, World Bank		CA: Country adjusted data	7.32982	21.99014	17.98959	59.06148	17.00921	13.87709	31.56424	33.42023	21.78633	26.98823	25.40111	21.893	35.4216	21.35306	16.71163	22.42535	9.51406	22.77538	10.52425	9.17861	11.47538	3.70994	4.39359	7.71135	4.07147	4.1601	4.20094	8.81356	8.81356	2017
17	17.4	17.4.1	DT_TDS_DECT	Debt service as a proportion of exports of goods and services (%)	2019.Q3.G.01	608	Philippines	035	South-Eastern Asia	Country	PHL	1	120.8601418	14.16591706		PT	Percentage			G	Global			World Development Indicators database, World Bank		CA: Country adjusted data	25.64317	21.7651	23.25201	23.27197	16.48889	14.33583	11.04336	7.32398	8.56202	16.67249	14.6281	19.92597	19.72734	19.30577	20.2491	15.85001	18.59044	9.4697	11.79924	13.46913	15.99289	11.94386	7.29688	7.12643	6.12383	6.82755	7.705	5.25952	5.25952	2017
17	17.4	17.4.1	DT_TDS_DECT	Debt service as a proportion of exports of goods and services (%)	2019.Q3.G.01	612	Pitcairn	061	Polynesia	Country	PCN	0	-128.3225873	-24.37538456																																										
17	17.4	17.4.1	DT_TDS_DECT	Debt service as a proportion of exports of goods and services (%)	2019.Q3.G.01	616	Poland	151	Eastern Europe	Country	POL	1	19.40660158	52.1226733																																										
17	17.4	17.4.1	DT_TDS_DECT	Debt service as a proportion of exports of goods and services (%)	2019.Q3.G.01	620	Portugal	039	Southern Europe	Country	PRT	1	-7.961599811	39.68509315																																										
17	17.4	17.4.1	DT_TDS_DECT	Debt service as a proportion of exports of goods and services (%)	2019.Q3.G.01	624	Guinea-Bissau	011	Western Africa	Country	GNB	1	-14.40182514	12.11760394		PT	Percentage			G	Global			World Development Indicators database, World Bank		CA: Country adjusted data	22.09854	64.68984	34.69485	13.94987	19.1445	51.08474	37.2899	14.45994				6.42255	5.4339	10.53913	11.58883	6.5848	12.49657	7.35137	5.59887	6.20111	9.4792	1.71303	4.41085	0.76089	1.20469	0.93629	2.18765	2.37143	2.37143	2017
17	17.4	17.4.1	DT_TDS_DECT	Debt service as a proportion of exports of goods and services (%)	2019.Q3.G.01	626	Timor-Leste	035	South-Eastern Asia	Country	TLS	1	125.9451052	-8.797497247		PT	Percentage			G	Global			World Development Indicators database, World Bank		CA: Country adjusted data																	0.0	0.0	0.0	0.0	0.0	0.0	7.67	0.00044	0.00196	0.00655	0.04298	0.05211	0.05211	2017
17	17.4	17.4.1	DT_TDS_DECT	Debt service as a proportion of exports of goods and services (%)	2019.Q3.G.01	630	Puerto Rico	029	Caribbean	Country	PRI	0	-66.47591017	18.22753799																																										
17	17.4	17.4.1	DT_TDS_DECT	Debt service as a proportion of exports of goods and services (%)	2019.Q3.G.01	634	Qatar	145	Western Asia	Country	QAT	1	51.19152467	25.28355379																																										
17	17.4	17.4.1	DT_TDS_DECT	Debt service as a proportion of exports of goods and services (%)	2019.Q3.G.01	638	Réunion	014	Eastern Africa	Country	REU	0	55.53171398	-21.13183266																																										
17	17.4	17.4.1	DT_TDS_DECT	Debt service as a proportion of exports of goods and services (%)	2019.Q3.G.01	642	Romania	151	Eastern Europe	Country	ROU	1	24.98481009	45.83893563		PT	Percentage			G	Global			World Development Indicators database, World Bank		CA: Country adjusted data	0.0	0.91606	7.37321	4.42412	8.01265	8.8326	24.91935	20.51636	21.11088	21.00237	12.65735	13.42983	11.99624	10.42342	8.70689	9.92765	7.17139	5.17092	5.7375	4.69138	5.52382	3.53236	8.37445	11.37546	10.03392	10.29612	5.1462	3.89593	3.89593	2017
17	17.4	17.4.1	DT_TDS_DECT	Debt service as a proportion of exports of goods and services (%)	2019.Q3.G.01	643	Russian Federation	151	Eastern Europe	Country	RUS	1	99.01404926	61.61899849		PT	Percentage			G	Global			World Development Indicators database, World Bank		CA: Country adjusted data					4.37525	6.33165	6.81739	6.73682	9.71118	11.23788	7.47465	11.74383	7.85793	8.05514	5.77127	10.94484	9.97634	3.77016	5.64448	5.76461	6.61368	3.88571	2.58537	3.49172	8.12018	10.14471	8.00966	5.54129	5.54129	2017
17	17.4	17.4.1	DT_TDS_DECT	Debt service as a proportion of exports of goods and services (%)	2019.Q3.G.01	646	Rwanda	014	Eastern Africa	Country	RWA	1	29.92310194	-1.999842114		PT	Percentage			G	Global			World Development Indicators database, World Bank		CA: Country adjusted data	10.7372	12.51647	14.55649	14.76125	6.50943	19.99809	19.24374	13.53587	15.4053	25.68702	24.67352	11.41149	14.17368	15.17967	12.90665	10.77165	6.66104	4.95262	1.99419	1.88716	2.05599	1.90997	1.93995	3.03674	4.1836	3.92111	4.25592	3.62474	3.62474	2017
17	17.4	17.4.1	DT_TDS_DECT	Debt service as a proportion of exports of goods and services (%)	2019.Q3.G.01	652	Saint Barthélemy	029	Caribbean	Country	BLM	0	-62.83173536	17.89513362																																										
17	17.4	17.4.1	DT_TDS_DECT	Debt service as a proportion of exports of goods and services (%)	2019.Q3.G.01	654	Saint Helena	011	Western Africa	Country	SHN	0	-5.705752501	-15.96503946																																										
17	17.4	17.4.1	DT_TDS_DECT	Debt service as a proportion of exports of goods and services (%)	2019.Q3.G.01	659	Saint Kitts and Nevis	029	Caribbean	Country	KNA	1	-62.76628613	17.33994219																																										
17	17.4	17.4.1	DT_TDS_DECT	Debt service as a proportion of exports of goods and services (%)	2019.Q3.G.01	660	Anguilla	029	Caribbean	Country	AIA	0	-63.05651612	18.21525315																																										
17	17.4	17.4.1	DT_TDS_DECT	Debt service as a proportion of exports of goods and services (%)	2019.Q3.G.01	662	Saint Lucia	029	Caribbean	Country	LCA	1	-60.96529553	13.89405601		PT	Percentage			G	Global			World Development Indicators database, World Bank		CA: Country adjusted data	2.09452	3.36064	3.43991	3.30637	3.01993	2.83921	3.33293	3.34863	3.54919	4.23287	7.17704	6.57879	5.28682	6.70496	4.26795	5.06845	6.66623	8.79185	8.74444	7.37635	6.47901	7.23409	6.89064	5.43874	3.52356	6.63605	4.76551	4.38646	4.38646	2017
17	17.4	17.4.1	DT_TDS_DECT	Debt service as a proportion of exports of goods and services (%)	2019.Q3.G.01	663	Saint Martin (French Part)	029	Caribbean	Country	MAF	0	-63.04505461	18.0882685																																										
17	17.4	17.4.1	DT_TDS_DECT	Debt service as a proportion of exports of goods and services (%)	2019.Q3.G.01	666	Saint Pierre and Miquelon	021	Northern America	Country	SPM	0	-56.33682442	46.85812735																																										
17	17.4	17.4.1	DT_TDS_DECT	Debt service as a proportion of exports of goods and services (%)	2019.Q3.G.01	670	Saint Vincent and the Grenadines	029	Caribbean	Country	VCT	1	-61.19024321	13.24627968		PT	Percentage			G	Global			World Development Indicators database, World Bank		CA: Country adjusted data	3.13753	4.0542	4.13514	6.30611	6.23192	5.09591	5.48261	6.55038	6.24039	6.98098	6.15481	6.72395	6.50876	7.8006	10.1995	11.32014	14.77957	12.31953	13.94197	17.55099	18.52009	18.24602	18.06954	15.65883	11.59599	11.63946	10.76228	11.55395	11.55395	2017
17	17.4	17.4.1	DT_TDS_DECT	Debt service as a proportion of exports of goods and services (%)	2019.Q3.G.01	674	San Marino	039	Southern Europe	Country	SMR	1	12.46329038	43.93841766																																										
17	17.4	17.4.1	DT_TDS_DECT	Debt service as a proportion of exports of goods and services (%)	2019.Q3.G.01	678	Sao Tome and Principe	017	Middle Africa	Country	STP	1	6.609772265	0.241554875		PT	Percentage			G	Global			World Development Indicators database, World Bank		CA: Country adjusted data	28.71136							27.44599	31.04428	25.23157	20.46521	24.04065	22.36349	26.22049	40.07537	37.14502	31.53913	30.5651	10.69361	9.88397	5.68622	4.65802	33.10089	10.81673	13.79963	2.82954	2.75019	3.35944	3.35944	2017
17	17.4	17.4.1	DT_TDS_DECT	Debt service as a proportion of exports of goods and services (%)	2019.Q3.G.01	682	Saudi Arabia	145	Western Asia	Country	SAU	1	44.54763347	24.12594211																																										
17	17.4	17.4.1	DT_TDS_DECT	Debt service as a proportion of exports of goods and services (%)	2019.Q3.G.01	686	Senegal	011	Western Africa	Country	SEN	1	-14.46636926	14.35920905		PT	Percentage			G	Global			World Development Indicators database, World Bank		CA: Country adjusted data	18.28095	20.05283	12.54228	8.69491	16.32829	16.46523	19.39469	17.49983	19.81212	14.2487	14.77853	12.60829	12.77477	11.53173	13.48869	6.36512	6.19028	3.5071	3.27199	4.22933	4.37205	6.17594	5.4324	5.77283	5.35429	6.46607	7.21896	9.73387	9.73387	2017
17	17.4	17.4.1	DT_TDS_DECT	Debt service as a proportion of exports of goods and services (%)	2019.Q3.G.01	688	Serbia	039	Southern Europe	Country	SRB	1	20.805876	44.03145697		PT	Percentage			G	Global			World Development Indicators database, World Bank		CA: Country adjusted data																		5.07764	3.58364	4.31639	5.27674	5.11217	8.6158	13.70617	11.51998	8.75573	8.2031	12.24493	12.24493	2017
17	17.4	17.4.1	DT_TDS_DECT	Debt service as a proportion of exports of goods and services (%)	2019.Q3.G.01	690	Seychelles	014	Eastern Africa	Country	SYC	1	55.46561591	-4.678053059																																										
17	17.4	17.4.1	DT_TDS_DECT	Debt service as a proportion of exports of goods and services (%)	2019.Q3.G.01	694	Sierra Leone	011	Western Africa	Country	SLE	1	-11.78306584	8.568604164		PT	Percentage			G	Global			World Development Indicators database, World Bank		CA: Country adjusted data	10.1175	6.83466	16.97546	17.48083	73.03299	63.18709	58.40303	30.70712	43.89753	86.30249	75.65657	112.30264	13.05104	10.2247	10.04237	6.72078	7.8361	2.81676	1.64919	2.04054	2.68167	3.35218	1.65095	1.3644	2.30106	6.57033	3.70669		3.70669	2016
17	17.4	17.4.1	DT_TDS_DECT	Debt service as a proportion of exports of goods and services (%)	2019.Q3.G.01	702	Singapore	035	South-Eastern Asia	Country	SGP	1	103.8107883	1.361009155																																										
17	17.4	17.4.1	DT_TDS_DECT	Debt service as a proportion of exports of goods and services (%)	2019.Q3.G.01	703	Slovakia	151	Eastern Europe	Country	SVK	1	19.48495604	48.70741446																																										
17	17.4	17.4.1	DT_TDS_DECT	Debt service as a proportion of exports of goods and services (%)	2019.Q3.G.01	704	Viet Nam	035	South-Eastern Asia	Country	VNM	1	105.802499	10.09643079		PT	Percentage			G	Global			World Development Indicators database, World Bank		CA: Country adjusted data							3.21919	7.0529	8.75439	9.74608	7.21296	6.56835	6.0095	3.48122	2.50897	2.31281	1.84806	1.91081	1.79647	2.25006	2.05933	1.81137	1.78894	1.86205	2.17062	1.55617	1.79542	1.42827	1.42827	2017
17	17.4	17.4.1	DT_TDS_DECT	Debt service as a proportion of exports of goods and services (%)	2019.Q3.G.01	705	Slovenia	039	Southern Europe	Country	SVN	1	14.82209486	46.11958061																																										
17	17.4	17.4.1	DT_TDS_DECT	Debt service as a proportion of exports of goods and services (%)	2019.Q3.G.01	706	Somalia	014	Eastern Africa	Country	SOM	1	46.20367477	4.406485729																																										
17	17.4	17.4.1	DT_TDS_DECT	Debt service as a proportion of exports of goods and services (%)	2019.Q3.G.01	710	South Africa	018	Southern Africa	Country	ZAF	1	24.67184355	-29.99957544		PT	Percentage			G	Global			World Development Indicators database, World Bank		CA: Country adjusted data					4.91403	5.10878	6.21934	6.86512	8.56313	2.98235	5.59673	6.68005	4.6577	4.39875	3.0881	5.41435	4.93148	2.59054	3.62265	3.54716	2.9002	2.71138	4.27135	6.53728	2.93548	3.05171	4.52504	4.05186	4.05186	2017
17	17.4	17.4.1	DT_TDS_DECT	Debt service as a proportion of exports of goods and services (%)	2019.Q3.G.01	716	Zimbabwe	014	Eastern Africa	Country	ZWE	1	29.86909584	-19.00075492		PT	Percentage			G	Global			World Development Indicators database, World Bank		CA: Country adjusted data	19.43747	18.35429	25.6957	24.33502	18.60172															0.749	0.52149	0.40436	0.56859	0.47894	2.15596	1.6506	2.94798	0.74044	0.74044	2017
17	17.4	17.4.1	DT_TDS_DECT	Debt service as a proportion of exports of goods and services (%)	2019.Q3.G.01	724	Spain	039	Southern Europe	Country	ESP	1	-3.554078296	40.39211472																																										
17	17.4	17.4.1	DT_TDS_DECT	Debt service as a proportion of exports of goods and services (%)	2019.Q3.G.01	728	South Sudan	014	Eastern Africa	Country	SSD	1	30.32618773	7.290839152																																										
17	17.4	17.4.1	DT_TDS_DECT	Debt service as a proportion of exports of goods and services (%)	2019.Q3.G.01	729	Sudan	015	Northern Africa	Country	SDN	0	29.95650159	16.02643066		PT	Percentage			G	Global			World Development Indicators database, World Bank		CA: Country adjusted data	4.82234	5.79746	7.20693	5.38441	0.53624	10.10268	7.06709	8.95298	9.78864	6.76967	13.17889	13.55821	6.75015	10.58375	8.23574	7.75748	4.85481	3.85545	2.91536	5.69637	4.16365	4.80972	7.02837	4.85685	4.28123	10.62484	6.31217	4.15734	4.15734	2017
17	17.4	17.4.1	DT_TDS_DECT	Debt service as a proportion of exports of goods and services (%)	2019.Q3.G.01	732	Western Sahara	015	Northern Africa	Country	ESH	0	-13.13515523	24.66265342																																										
17	17.4	17.4.1	DT_TDS_DECT	Debt service as a proportion of exports of goods and services (%)	2019.Q3.G.01	740	Suriname	005	South America	Country	SUR	1	-55.90626394	4.132603197																																										
17	17.4	17.4.1	DT_TDS_DECT	Debt service as a proportion of exports of goods and services (%)	2019.Q3.G.01	744	Svalbard and Jan Mayen Islands	154	Northern Europe	Country	SJM	0	13.38071013	78.82894131																																										
17	17.4	17.4.1	DT_TDS_DECT	Debt service as a proportion of exports of goods and services (%)	2019.Q3.G.01	748	Eswatini	018	Southern Africa	Country	SWZ	1	31.50149288	-26.56471011		PT	Percentage			G	Global			World Development Indicators database, World Bank		CA: Country adjusted data	5.3395	2.98023	2.28485	2.23519	2.19321	1.50196	2.57718	1.68478	2.1127	2.89338	2.18221	1.98066	1.62574	1.64005	2.19062	1.71269	1.94838	2.14668	2.87059	2.64535	2.26313	2.72165	2.34945	1.84556	1.66421	1.7114	2.195	2.01568	2.01568	2017
17	17.4	17.4.1	DT_TDS_DECT	Debt service as a proportion of exports of goods and services (%)	2019.Q3.G.01	752	Sweden	154	Northern Europe	Country	SWE	1	14.3775338	60.60103109																																										
17	17.4	17.4.1	DT_TDS_DECT	Debt service as a proportion of exports of goods and services (%)	2019.Q3.G.01	756	Switzerland	155	Western Europe	Country	CHE	1	8.223158	46.96617097																																										
17	17.4	17.4.1	DT_TDS_DECT	Debt service as a proportion of exports of goods and services (%)	2019.Q3.G.01	760	Syrian Arab Republic	145	Western Asia	Country	SYR	1	38.50466565	35.01676176		PT	Percentage			G	Global			World Development Indicators database, World Bank		CA: Country adjusted data						2.48091	1.94614	7.14775	3.71327	4.89767	5.11938	4.55985							3.37753	3.86442	3.1194								3.1194	2010
17	17.4	17.4.1	DT_TDS_DECT	Debt service as a proportion of exports of goods and services (%)	2019.Q3.G.01	762	Tajikistan	143	Central Asia	Country	TJK	1	69.294998	38.43069666		PT	Percentage			G	Global			World Development Indicators database, World Bank		CA: Country adjusted data													9.14847	5.61848	5.82503	5.07044	3.63134	2.99844	6.21473	6.07	2.69409	2.12334	2.95556	3.34258	4.2761	5.36932	7.45354	6.50881	6.50881	2017
17	17.4	17.4.1	DT_TDS_DECT	Debt service as a proportion of exports of goods and services (%)	2019.Q3.G.01	764	Thailand	035	South-Eastern Asia	Country	THA	1	101.0202951	15.13089239		PT	Percentage			G	Global			World Development Indicators database, World Bank		CA: Country adjusted data	11.42079	4.84011	4.88441	4.35741	4.53379	3.7421	2.91699	2.66093	3.47791	5.67804	5.78492	8.19395	10.62439	7.96422	4.18549	2.36736	2.03018	1.09639	1.13019	0.55535	0.43234	0.52927	0.36565	0.50128	0.24044	0.49508	0.24921	0.19908	0.19908	2017
17	17.4	17.4.1	DT_TDS_DECT	Debt service as a proportion of exports of goods and services (%)	2019.Q3.G.01	768	Togo	011	Western Africa	Country	TGO	1	0.97835765	8.532096072		PT	Percentage			G	Global			World Development Indicators database, World Bank		CA: Country adjusted data	11.47808	7.51989	5.43266	6.01373	4.71434	5.42375	9.2661	9.82055	6.97756	7.62147	5.46524	6.49065	2.31364	2.39311	2.65172	2.34399	2.76916	1.29029	15.8872	4.20124	2.58201	0.70517	1.11198	2.20441	2.73651	3.16589	4.7336	5.5799	5.5799	2017
17	17.4	17.4.1	DT_TDS_DECT	Debt service as a proportion of exports of goods and services (%)	2019.Q3.G.01	772	Tokelau	061	Polynesia	Country	TKL	0	-171.8154473	-9.214545558																																										
17	17.4	17.4.1	DT_TDS_DECT	Debt service as a proportion of exports of goods and services (%)	2019.Q3.G.01	776	Tonga	061	Polynesia	Country	TON	1	-175.1959991	-21.19511329		PT	Percentage			G	Global			World Development Indicators database, World Bank		CA: Country adjusted data	3.48353	4.34706	4.69421	4.45614								9.78634	8.88656	8.23284	8.63192	9.7611	8.57951	10.63162	8.7487	7.16532	9.31866	6.42941	6.11165	5.57789	9.20572	12.18694	12.15083	9.88298	9.88298	2017
17	17.4	17.4.1	DT_TDS_DECT	Debt service as a proportion of exports of goods and services (%)	2019.Q3.G.01	780	Trinidad and Tobago	029	Caribbean	Country	TTO	1	-61.29389504	10.41877263																																										
17	17.4	17.4.1	DT_TDS_DECT	Debt service as a proportion of exports of goods and services (%)	2019.Q3.G.01	784	United Arab Emirates	145	Western Asia	Country	ARE	1	53.98279159	23.43322219																																										
17	17.4	17.4.1	DT_TDS_DECT	Debt service as a proportion of exports of goods and services (%)	2019.Q3.G.01	788	Tunisia	015	Northern Africa	Country	TUN	1	9.572737411	34.11439971		PT	Percentage			G	Global			World Development Indicators database, World Bank		CA: Country adjusted data	25.55907	24.85903	20.64007	21.21861	19.51961	17.27476	16.83975	15.99447	15.62908	16.15963	20.66844	13.21188	14.2301	13.56392	13.82218	11.51442	13.39657	10.29864	6.59145	9.09938	8.62071	10.10514	9.33485	8.27966	7.57993	8.93245	9.86101	14.29682	14.29682	2017
17	17.4	17.4.1	DT_TDS_DECT	Debt service as a proportion of exports of goods and services (%)	2019.Q3.G.01	792	Turkey	145	Western Asia	Country	TUR	1	35.42890329	38.9899684		PT	Percentage			G	Global			World Development Indicators database, World Bank		CA: Country adjusted data	29.87582	30.51835	29.49326	25.22563	25.45786	24.00146	17.98766	16.39438	19.06972	18.43609	18.57701	24.75883	30.14173	20.30068	18.81419	19.31179	15.2321	11.52906	8.31962	8.14489	8.00867	7.52616	5.90765	4.874	5.20369	5.3705	6.69344	7.52603	7.52603	2017
17	17.4	17.4.1	DT_TDS_DECT	Debt service as a proportion of exports of goods and services (%)	2019.Q3.G.01	795	Turkmenistan	143	Central Asia	Country	TKM	1	58.9787665	40.0912346		PT	Percentage			G	Global			World Development Indicators database, World Bank		CA: Country adjusted data							9.55183	20.30032																					20.30032	1997
17	17.4	17.4.1	DT_TDS_DECT	Debt service as a proportion of exports of goods and services (%)	2019.Q3.G.01	796	Turks and Caicos Islands	029	Caribbean	Country	TCA	0	-71.745121	21.80780585																																										
17	17.4	17.4.1	DT_TDS_DECT	Debt service as a proportion of exports of goods and services (%)	2019.Q3.G.01	798	Tuvalu	061	Polynesia	Country	TUV	1	178.6679611	-7.460048071																																										
17	17.4	17.4.1	DT_TDS_DECT	Debt service as a proportion of exports of goods and services (%)	2019.Q3.G.01	800	Uganda	014	Eastern Africa	Country	UGA	1	32.39100438	1.279557331		PT	Percentage			G	Global			World Development Indicators database, World Bank		CA: Country adjusted data	78.63517	72.26152	56.93561	45.00558	27.00718	19.53817	17.87581	19.70107	20.24803	17.90054	10.00304	6.55499	9.60768	9.69293	8.68129	10.61735	5.34189	2.50764	2.16199	2.00527	1.77015	1.48161	1.36412	1.67314	1.98293	1.8525	2.10885	3.5537	3.5537	2017
17	17.4	17.4.1	DT_TDS_DECT	Debt service as a proportion of exports of goods and services (%)	2019.Q3.G.01	804	Ukraine	151	Eastern Europe	Country	UKR	1	31.40270802	49.00735945		PT	Percentage			G	Global			World Development Indicators database, World Bank		CA: Country adjusted data					1.52996	6.59595	6.10157	5.85232	9.08201	12.46279	15.16034	7.2363	6.36986	5.9028	4.85843	5.07569	4.90508	3.72708	2.65251	5.44222	3.21631	3.14412	7.60343	14.98195	10.54486	30.46663	6.60286	9.75408	9.75408	2017
17	17.4	17.4.1	DT_TDS_DECT	Debt service as a proportion of exports of goods and services (%)	2019.Q3.G.01	807	North Macedonia	039	Southern Europe	Country	MKD	1	21.7007909	41.60048068		PT	Percentage			G	Global			World Development Indicators database, World Bank		CA: Country adjusted data							4.95951	9.77874	10.01514	8.82372	6.62924	14.01837	15.3546	11.21549	8.02559	6.14857	13.86365	10.55048	2.93049	4.25612	4.08365	3.75328	5.22255	10.75657	6.47625	11.37824	7.05221	5.83613	5.83613	2017
17	17.4	17.4.1	DT_TDS_DECT	Debt service as a proportion of exports of goods and services (%)	2019.Q3.G.01	818	Egypt	015	Northern Africa	Country	EGY	1	29.77468534	26.57438204		PT	Percentage			G	Global			World Development Indicators database, World Bank		CA: Country adjusted data	23.72882	18.0735	17.89098	14.95724	13.9508	14.57814	12.51967	10.39391	11.19266	9.9694	8.52051	9.53517	11.00211	11.14606	7.28024	6.84398	6.0439	5.69829	5.47539	6.23551	5.83132	7.42116	5.94412	7.25237	12.26855	9.43582	17.75665	13.94864	13.94864	2017
17	17.4	17.4.1	DT_TDS_DECT	Debt service as a proportion of exports of goods and services (%)	2019.Q3.G.01	826	United Kingdom of Great Britain and Northern Ireland	154	Northern Europe	Country	GBR	1	-2.23830539	53.27691757																																										
17	17.4	17.4.1	DT_TDS_DECT	Debt service as a proportion of exports of goods and services (%)	2019.Q3.G.01	831	Guernsey	830	Channel Islands	Country	GGY	0	-2.200712402	49.71561166																																										
17	17.4	17.4.1	DT_TDS_DECT	Debt service as a proportion of exports of goods and services (%)	2019.Q3.G.01	832	Jersey	830	Channel Islands	Country	JEY	0	-2.136773508	49.22353354																																										
17	17.4	17.4.1	DT_TDS_DECT	Debt service as a proportion of exports of goods and services (%)	2019.Q3.G.01	833	Isle of Man	154	Northern Europe	Country	IMN	0	-4.538190305	54.22880901																																										
17	17.4	17.4.1	DT_TDS_DECT	Debt service as a proportion of exports of goods and services (%)	2019.Q3.G.01	834	United Republic of Tanzania	014	Eastern Africa	Country	TZA	1	34.80521182	-6.265332606		PT	Percentage			G	Global			World Development Indicators database, World Bank		CA: Country adjusted data	31.29535	39.431	39.26959	26.34322	18.43565	17.16144	18.44577	12.17604	18.39294	17.26665	11.2312	7.47089	5.03741	3.69016	4.14151	3.99489	2.13227	1.0701	0.6186	1.04327	1.32664	0.98961	0.92285	2.36136	2.05918	2.82466	5.58051	6.53874	6.53874	2017
17	17.4	17.4.1	DT_TDS_DECT	Debt service as a proportion of exports of goods and services (%)	2019.Q3.G.01	840	United States of America	021	Northern America	Country	USA	1	-99.13830311	39.5277871																																										
17	17.4	17.4.1	DT_TDS_DECT	Debt service as a proportion of exports of goods and services (%)	2019.Q3.G.01	850	United States Virgin Islands	029	Caribbean	Country	VIR	0	-64.76960113	17.73297693																																										
17	17.4	17.4.1	DT_TDS_DECT	Debt service as a proportion of exports of goods and services (%)	2019.Q3.G.01	854	Burkina Faso	011	Western Africa	Country	BFA	1	-1.742843829	12.27491081		PT	Percentage			G	Global			World Development Indicators database, World Bank		CA: Country adjusted data	7.80426	11.37737	8.88573	11.51527	14.88106						18.44808	13.03914	13.65505	12.02999	8.93824	7.76933	5.93742	4.6549	3.8741	3.82379	2.47339	2.31292	2.09389	2.39857	2.74358	3.84879	3.51677	3.70955	3.70955	2017
17	17.4	17.4.1	DT_TDS_DECT	Debt service as a proportion of exports of goods and services (%)	2019.Q3.G.01	858	Uruguay	005	South America	Country	URY	1	-56.01387025	-32.8002838																																										
17	17.4	17.4.1	DT_TDS_DECT	Debt service as a proportion of exports of goods and services (%)	2019.Q3.G.01	860	Uzbekistan	143	Central Asia	Country	UZB	1	63.11944558	41.77560518																																										
17	17.4	17.4.1	DT_TDS_DECT	Debt service as a proportion of exports of goods and services (%)	2019.Q3.G.01	862	Venezuela (Bolivarian Republic of)	005	South America	Country	VEN	1	-66.15642084	7.121324748		PT	Percentage			G	Global			World Development Indicators database, World Bank		CA: Country adjusted data	19.5953	13.67226	13.07913	15.47962	12.77272	19.29637	15.35642	15.1909	23.71416	18.98566	12.40962	20.89046	20.47546	24.88156	9.30578	6.56714	5.41047	5.06945	4.70224	5.18139	5.22917	5.77296	4.60956	6.61651	8.40085	15.30866	22.59261		22.59261	2016
17	17.4	17.4.1	DT_TDS_DECT	Debt service as a proportion of exports of goods and services (%)	2019.Q3.G.01	876	Wallis and Futuna Islands	061	Polynesia	Country	WLF	0	-176.2034788	-13.28471201																																										
17	17.4	17.4.1	DT_TDS_DECT	Debt service as a proportion of exports of goods and services (%)	2019.Q3.G.01	882	Samoa	061	Polynesia	Country	WSM	1	-172.4430749	-13.61541469		PT	Percentage			G	Global			World Development Indicators database, World Bank		CA: Country adjusted data	10.62164	10.74951	9.86318	8.72075	10.07365	6.57197	5.76401	5.43574	4.64077	5.74387					5.50091	3.94978	4.55878	3.70068	4.1669	4.6954	5.26371	5.61729	5.6042	5.98269	7.80905	8.7645	8.9529	8.9367	8.9367	2017
17	17.4	17.4.1	DT_TDS_DECT	Debt service as a proportion of exports of goods and services (%)	2019.Q3.G.01	887	Yemen	145	Western Asia	Country	YEM	1	45.22389143	15.22242099		PT	Percentage			G	Global			World Development Indicators database, World Bank		CA: Country adjusted data	7.14022	11.1658	8.08833	7.22211	4.11415	4.12791	3.26706	3.64203	10.83459	6.13376	5.03818	6.47303	4.1294	3.99159	4.29777	3.0016	2.84032	3.28969	2.63733	3.55445	2.75557	2.63495	2.70164	2.81264	3.81962	18.84267	14.55876		14.55876	2016
17	17.4	17.4.1	DT_TDS_DECT	Debt service as a proportion of exports of goods and services (%)	2019.Q3.G.01	894	Zambia	014	Eastern Africa	Country	ZMB	1	27.850329	-14.59701056		PT	Percentage			G	Global			World Development Indicators database, World Bank		CA: Country adjusted data	14.5124	46.65353						18.301	19.63104	14.61647	18.50727	16.25741	18.59835	40.20457	17.88688	6.53547	1.66474	0.86286	1.3531	1.51584	0.75797	0.79169	1.44434	2.12232	1.87828	4.21835	7.23473	6.20812	6.20812	2017
