goal	target	indicator	seriesCode	seriesDesc	release	geoAreaCode	geoAreaName	parentCode	parentName	type	ISO3	UN_Member	X	Y	basePeriod	unitsCode	unitsDesc	unitmultiplierCode	unitmultiplierDesc	reportingTypeCode	reportingTypeDesc	valueDetails	footnotes	sources	timeDetails	nature	value_2000	value_2001	value_2002	value_2003	value_2004	value_2005	value_2006	value_2007	value_2008	value_2009	value_2010	value_2011	value_2012	value_2013	value_2014	value_2015	value_2016	value_2017	value_latest_year	latest_year
9	9.5	9.5.1	GB_XPD_RSDV	Research and development expenditure as a proportion of GDP (%)	2019.Q3.G.01	004	Afghanistan	034	Southern Asia	Country	AFG	1	66.02688198	33.83160199																																
9	9.5	9.5.1	GB_XPD_RSDV	Research and development expenditure as a proportion of GDP (%)	2019.Q3.G.01	008	Albania	039	Southern Europe	Country	ALB	1	20.06660928	41.13897007		PT	Percentage			G	Global		 Partial data	UNESCO Institute for Statistics (UIS) Survey on Research and Experimental Development Statistics		C: Country data								0.09	0.15										0.15	2008
9	9.5	9.5.1	GB_XPD_RSDV	Research and development expenditure as a proportion of GDP (%)	2019.Q3.G.01	010	Antarctica	001	World	Country	ATA	0	21.47585697	-80.40897662																																
9	9.5	9.5.1	GB_XPD_RSDV	Research and development expenditure as a proportion of GDP (%)	2019.Q3.G.01	012	Algeria	015	Northern Africa	Country	DZA	1	2.678164227	28.15940032		PT	Percentage			G	Global		[2001-2005]:  Partial data // [2017]:  Break in series with previous year for which data are available	UNESCO Institute for Statistics (UIS) Survey on Research and Experimental Development Statistics		C: Country data		0.23	0.37	0.2	0.16	0.07												0.53	0.53	2017
9	9.5	9.5.1	GB_XPD_RSDV	Research and development expenditure as a proportion of GDP (%)	2019.Q3.G.01	016	American Samoa	061	Polynesia	Country	ASM	0	-170.7187269	-14.30587306		PT	Percentage			G	Global		[2003]:  Partial data;Break in series with previous year for which data are available // [2004-2006]:  Partial data	UNESCO Institute for Statistics (UIS) Survey on Research and Experimental Development Statistics		C: Country data				0.19	0.32	0.36	0.39												0.39	2006
9	9.5	9.5.1	GB_XPD_RSDV	Research and development expenditure as a proportion of GDP (%)	2019.Q3.G.01	020	Andorra	039	Southern Europe	Country	AND	1	1.576257417	42.54548611																																
9	9.5	9.5.1	GB_XPD_RSDV	Research and development expenditure as a proportion of GDP (%)	2019.Q3.G.01	024	Angola	017	Middle Africa	Country	AGO	1	17.57817062	-12.33724746																																
9	9.5	9.5.1	GB_XPD_RSDV	Research and development expenditure as a proportion of GDP (%)	2019.Q3.G.01	028	Antigua and Barbuda	029	Caribbean	Country	ATG	1	-61.7999755	17.07761471																																
9	9.5	9.5.1	GB_XPD_RSDV	Research and development expenditure as a proportion of GDP (%)	2019.Q3.G.01	031	Azerbaijan	145	Western Asia	Country	AZE	1	50.01064725	40.39229544		PT	Percentage			G	Global		[2000-2005]:  Converted from the former national currency using the appropriate conversion rate // [2006-2017]:  	UNESCO Institute for Statistics (UIS) Survey on Research and Experimental Development Statistics		C: Country data	0.34	0.34	0.3	0.32	0.3	0.22	0.17	0.17	0.17	0.25	0.22	0.21	0.21	0.21	0.21	0.22	0.21	0.19	0.19	2017
9	9.5	9.5.1	GB_XPD_RSDV	Research and development expenditure as a proportion of GDP (%)	2019.Q3.G.01	032	Argentina	005	South America	Country	ARG	1	-65.14563274	-35.19446255		PT	Percentage			G	Global		[2000-2003,2005-2016]:   // [2004]:  Break in series with previous year for which data are available	Latin American Network on Science and Technology Indicators (RICYT)		C: Country data	0.44	0.42	0.39	0.41	0.4	0.42	0.45	0.46	0.47	0.58	0.56	0.57	0.63	0.62	0.59	0.61	0.53		0.53	2016
9	9.5	9.5.1	GB_XPD_RSDV	Research and development expenditure as a proportion of GDP (%)	2019.Q3.G.01	036	Australia	053	Australia and New Zealand	Country	AUS	1	134.3499412	-25.57717202		PT	Percentage			G	Global		[2000,2002,2004,2006,2008]:   // [2010-2011,2013,2015]:  National estimation or based on National estimation	Organisation for Economic Co-operation and Development (OECD): Research and Development Statistics (RDS) database		C: Country data	1.58		1.75		1.86		2.19		2.41		2.38	2.24		2.18		1.92			1.92	2015
9	9.5	9.5.1	GB_XPD_RSDV	Research and development expenditure as a proportion of GDP (%)	2019.Q3.G.01	040	Austria	155	Western Europe	Country	AUT	1	14.14172472	47.58704857		PT	Percentage			G	Global		[2000-2001,2003,2005,2008,2010,2012,2014]:  National estimation or based on National estimation // [2002,2004,2006-2007,2009,2011,2013,2015]:   // [2016]:  Provisional data	Organisation for Economic Co-operation and Development (OECD): Research and Development Statistics (RDS) database		C: Country data	1.89	1.99	2.07	2.17	2.17	2.37	2.36	2.42	2.57	2.6	2.73	2.67	2.91	2.95	3.07	3.05	3.09		3.09	2016
9	9.5	9.5.1	GB_XPD_RSDV	Research and development expenditure as a proportion of GDP (%)	2019.Q3.G.01	044	Bahamas	029	Caribbean	Country	BHS	1	-78.05111663	24.69546597																																
9	9.5	9.5.1	GB_XPD_RSDV	Research and development expenditure as a proportion of GDP (%)	2019.Q3.G.01	048	Bahrain	145	Western Asia	Country	BHR	1	50.5490754	26.04407747		PT	Percentage			G	Global		 	UNESCO Institute for Statistics (UIS) Survey on Research and Experimental Development Statistics		C: Country data															0.1				0.1	2014
9	9.5	9.5.1	GB_XPD_RSDV	Research and development expenditure as a proportion of GDP (%)	2019.Q3.G.01	050	Bangladesh	034	Southern Asia	Country	BGD	1	89.17660788	22.86961622																																
9	9.5	9.5.1	GB_XPD_RSDV	Research and development expenditure as a proportion of GDP (%)	2019.Q3.G.01	051	Armenia	145	Western Asia	Country	ARM	1	44.93839317	40.29499741		PT	Percentage			G	Global		[2000-2013]:  Partial data // [2014]:  Excluding Business enterprise // [2015-2017]:  Excluding Business enterprise;Excluding Private non-profit	UNESCO Institute for Statistics (UIS) Survey on Research and Experimental Development Statistics		C: Country data	0.19	0.28	0.25	0.32	0.26	0.26	0.24	0.21	0.22	0.29	0.24	0.27	0.24	0.22	0.24	0.25	0.23	0.23	0.23	2017
9	9.5	9.5.1	GB_XPD_RSDV	Research and development expenditure as a proportion of GDP (%)	2019.Q3.G.01	052	Barbados	029	Caribbean	Country	BRB	1	-59.5346489	13.13648273																																
9	9.5	9.5.1	GB_XPD_RSDV	Research and development expenditure as a proportion of GDP (%)	2019.Q3.G.01	056	Belgium	155	Western Europe	Country	BEL	1	4.660976456	50.64104975		PT	Percentage			G	Global		[2000-2015]:   // [2016]:  Provisional data	Organisation for Economic Co-operation and Development (OECD): Research and Development Statistics (RDS) database		C: Country data	1.92	2.02	1.89	1.83	1.81	1.78	1.81	1.84	1.92	1.99	2.05	2.16	2.27	2.33	2.39	2.47	2.49		2.49	2016
9	9.5	9.5.1	GB_XPD_RSDV	Research and development expenditure as a proportion of GDP (%)	2019.Q3.G.01	060	Bermuda	021	Northern America	Country	BMU	0	-64.78155012	32.27881922		PT	Percentage			G	Global		[2007]:  Overestimated or based on overestimated data;Excluding most or all capital expenditures;Break in series with previous year for which data are available // [2008-2010]:  Overestimated or based on overestimated data;Excluding most or all capital expenditures // [2011-2015]:  Overestimated or based on overestimated data	UNESCO Institute for Statistics (UIS) Survey on Research and Experimental Development Statistics		C: Country data								0.18	0.19	0.21	0.21	0.3	0.27	0.23	0.21	0.22			0.22	2015
9	9.5	9.5.1	GB_XPD_RSDV	Research and development expenditure as a proportion of GDP (%)	2019.Q3.G.01	064	Bhutan	034	Southern Asia	Country	BTN	1	90.45098484	27.39598568																																
9	9.5	9.5.1	GB_XPD_RSDV	Research and development expenditure as a proportion of GDP (%)	2019.Q3.G.01	068	Bolivia (Plurinational State of)	005	South America	Country	BOL	1	-64.66224284	-16.71273412		PT	Percentage			G	Global		[2000-2002]:   // [2009]:  Break in series with previous year for which data are available	Latin American Network on Science and Technology Indicators (RICYT)		C: Country data	0.29	0.29	0.28							0.16									0.16	2009
9	9.5	9.5.1	GB_XPD_RSDV	Research and development expenditure as a proportion of GDP (%)	2019.Q3.G.01	070	Bosnia and Herzegovina	039	Southern Europe	Country	BIH	1	17.78584332	44.16845548		PT	Percentage			G	Global		[2003-2009]:  Partial data // [2012]:  Break in series with previous year for which data are available // [2013-2017]:  	UNESCO Institute for Statistics (UIS) Survey on Research and Experimental Development Statistics		C: Country data				0.02	0.02	0.03	0.02	0.03	0.02	0.02			0.27	0.32	0.26	0.22	0.22	0.2	0.2	2017
9	9.5	9.5.1	GB_XPD_RSDV	Research and development expenditure as a proportion of GDP (%)	2019.Q3.G.01	072	Botswana	018	Southern Africa	Country	BWA	1	23.81380223	-22.18810073		PT	Percentage			G	Global		[2005]:  Source: National Publication // [2012]:  Break in series with previous year for which data are available // [2013]:  	UNESCO Institute for Statistics (UIS) Survey on Research and Experimental Development Statistics		C: Country data						0.53							0.25	0.54					0.54	2013
9	9.5	9.5.1	GB_XPD_RSDV	Research and development expenditure as a proportion of GDP (%)	2019.Q3.G.01	074	Bouvet Island	005	South America	Country	BVT	0	3.410732868	-54.43295905																																
9	9.5	9.5.1	GB_XPD_RSDV	Research and development expenditure as a proportion of GDP (%)	2019.Q3.G.01	076	Brazil	005	South America	Country	BRA	1	-53.08432878	-10.77668561		PT	Percentage			G	Global		[2000-2006,2008-2016]:   // [2007]:  Break in series with previous year for which data are available	Latin American Network on Science and Technology Indicators (RICYT)		C: Country data	1.0	1.03	0.98	1.0	0.96	1.0	0.99	1.08	1.13	1.12	1.16	1.14	1.13	1.2	1.27	1.34	1.27		1.27	2016
9	9.5	9.5.1	GB_XPD_RSDV	Research and development expenditure as a proportion of GDP (%)	2019.Q3.G.01	084	Belize	013	Central America	Country	BLZ	1	-88.70199554	17.19965901																																
9	9.5	9.5.1	GB_XPD_RSDV	Research and development expenditure as a proportion of GDP (%)	2019.Q3.G.01	086	British Indian Ocean Territory	014	Eastern Africa	Country	IOT	0	72.38715553	-7.299281071																																
9	9.5	9.5.1	GB_XPD_RSDV	Research and development expenditure as a proportion of GDP (%)	2019.Q3.G.01	090	Solomon Islands	054	Melanesia	Country	SLB	1	160.1584117	-9.622391719																																
9	9.5	9.5.1	GB_XPD_RSDV	Research and development expenditure as a proportion of GDP (%)	2019.Q3.G.01	092	British Virgin Islands	029	Caribbean	Country	VGB	0	-64.63294223	18.42256578																																
9	9.5	9.5.1	GB_XPD_RSDV	Research and development expenditure as a proportion of GDP (%)	2019.Q3.G.01	096	Brunei Darussalam	035	South-Eastern Asia	Country	BRN	1	114.6288563	4.49736984		PT	Percentage			G	Global		[2002-2003]:  Partial data;Source: Regional Publication // [2004]:  Partial data;Break in series with previous year for which data are available	UNESCO Institute for Statistics (UIS) Survey on Research and Experimental Development Statistics		C: Country data			0.02	0.02	0.04														0.04	2004
9	9.5	9.5.1	GB_XPD_RSDV	Research and development expenditure as a proportion of GDP (%)	2019.Q3.G.01	100	Bulgaria	151	Eastern Europe	Country	BGR	1	25.23763153	42.75731323		PT	Percentage			G	Global		 	Statistical Office of the European Union (Eurostat): Eurostat Science and Technology database		C: Country data	0.5	0.45	0.47	0.48	0.47	0.45	0.45	0.43	0.45	0.49	0.56	0.53	0.6	0.63	0.79	0.96	0.78		0.78	2016
9	9.5	9.5.1	GB_XPD_RSDV	Research and development expenditure as a proportion of GDP (%)	2019.Q3.G.01	104	Myanmar	035	South-Eastern Asia	Country	MMR	1	96.51752295	21.19332882		PT	Percentage			G	Global		 Partial data	UNESCO Institute for Statistics (UIS) Survey on Research and Experimental Development Statistics		C: Country data	0.11	0.07	0.16																0.16	2002
9	9.5	9.5.1	GB_XPD_RSDV	Research and development expenditure as a proportion of GDP (%)	2019.Q3.G.01	108	Burundi	014	Eastern Africa	Country	BDI	1	29.89080992	-3.366387428		PT	Percentage			G	Global		 Partial data	UNESCO Institute for Statistics (UIS) Survey on Research and Experimental Development Statistics		C: Country data								0.2	0.15	0.14	0.14	0.12							0.12	2011
9	9.5	9.5.1	GB_XPD_RSDV	Research and development expenditure as a proportion of GDP (%)	2019.Q3.G.01	112	Belarus	151	Eastern Europe	Country	BLR	1	28.04940161	53.54193075		PT	Percentage			G	Global		[2000-2015]:  Converted from the former national currency using the appropriate conversion rate // [2016-2017]:  	UNESCO Institute for Statistics (UIS) Survey on Research and Experimental Development Statistics		C: Country data	0.72	0.71	0.62	0.61	0.63	0.68	0.66	0.96	0.74	0.64	0.67	0.68	0.65	0.65	0.51	0.5	0.5	0.59	0.59	2017
9	9.5	9.5.1	GB_XPD_RSDV	Research and development expenditure as a proportion of GDP (%)	2019.Q3.G.01	116	Cambodia	035	South-Eastern Asia	Country	KHM	1	104.922836	12.71163737		PT	Percentage			G	Global		[2002]:  Partial data // [2015]:  Break in series with previous year for which data are available	UNESCO Institute for Statistics (UIS) Survey on Research and Experimental Development Statistics		C: Country data			0.05													0.12			0.12	2015
9	9.5	9.5.1	GB_XPD_RSDV	Research and development expenditure as a proportion of GDP (%)	2019.Q3.G.01	120	Cameroon	017	Middle Africa	Country	CMR	1	12.7419827	5.692387031																																
9	9.5	9.5.1	GB_XPD_RSDV	Research and development expenditure as a proportion of GDP (%)	2019.Q3.G.01	124	Canada	021	Northern America	Country	CAN	1	-101.6575058	57.72360191		PT	Percentage			G	Global		[2000-2011,2013,2015]:   // [2012,2014]:  Break in series with previous year for which data are available // [2016-2017]:  Provisional data	Organisation for Economic Co-operation and Development (OECD): Research and Development Statistics (RDS) database		C: Country data	1.86	2.03	1.98	1.97	2.0	1.98	1.95	1.91	1.86	1.92	1.83	1.79	1.78	1.71	1.72	1.65	1.6	1.53	1.53	2017
9	9.5	9.5.1	GB_XPD_RSDV	Research and development expenditure as a proportion of GDP (%)	2019.Q3.G.01	132	Cabo Verde	011	Western Africa	Country	CPV	1	-23.63544151	15.07791834		PT	Percentage			G	Global		 Higher Education only;Partial data;Source: Regional Publication	African Science, Technology and Innovation Indicators (ASTII) Initiative of the African Union/NEPAD Planning and Coordinating Agency (AU/NPCA): African Innovation Outlook series		C: Country data												0.07							0.07	2011
9	9.5	9.5.1	GB_XPD_RSDV	Research and development expenditure as a proportion of GDP (%)	2019.Q3.G.01	136	Cayman Islands	029	Caribbean	Country	CYM	0	-81.16740559	19.32266656																																
9	9.5	9.5.1	GB_XPD_RSDV	Research and development expenditure as a proportion of GDP (%)	2019.Q3.G.01	140	Central African Republic	017	Middle Africa	Country	CAF	1	20.93559492	7.003720791																																
9	9.5	9.5.1	GB_XPD_RSDV	Research and development expenditure as a proportion of GDP (%)	2019.Q3.G.01	144	Sri Lanka	034	Southern Asia	Country	LKA	1	80.70489654	7.614693343		PT	Percentage			G	Global		[2000]:  Partial data;Break in series with previous year for which data are available // [2004]:  Break in series with previous year for which data are available // [2006,2008,2010,2013-2015]:  	UNESCO Institute for Statistics (UIS) Survey on Research and Experimental Development Statistics		C: Country data	0.14				0.18		0.17		0.11		0.14			0.1	0.1	0.11			0.11	2015
9	9.5	9.5.1	GB_XPD_RSDV	Research and development expenditure as a proportion of GDP (%)	2019.Q3.G.01	148	Chad	017	Middle Africa	Country	TCD	1	18.66618401	15.36279341		PT	Percentage			G	Global		 Excluding Business enterprise;Excluding Private non-profit	UNESCO Institute for Statistics (UIS) Survey on Research and Experimental Development Statistics		C: Country data																	0.32		0.32	2016
9	9.5	9.5.1	GB_XPD_RSDV	Research and development expenditure as a proportion of GDP (%)	2019.Q3.G.01	152	Chile	005	South America	Country	CHL	1	-71.23029019	-35.2652885		PT	Percentage			G	Global		[2007-2008,2010-2013,2015]:   // [2009,2014]:  Break in series with previous year for which data are available // [2016]:  Break in series with previous year for which data are available;Provisional data	Organisation for Economic Co-operation and Development (OECD): Research and Development Statistics (RDS) database		C: Country data								0.31	0.37	0.35	0.33	0.35	0.36	0.39	0.37	0.38	0.36		0.36	2016
9	9.5	9.5.1	GB_XPD_RSDV	Research and development expenditure as a proportion of GDP (%)	2019.Q3.G.01	156	China	030	Eastern Asia	Country	CHN	1	104.1403375	32.30955217		PT	Percentage			G	Global		[2000,2009]:  Break in series with previous year for which data are available // [2001-2008,2010-2016]:  	Organisation for Economic Co-operation and Development (OECD): Research and Development Statistics (RDS) database		C: Country data	0.89	0.94	1.06	1.12	1.21	1.31	1.37	1.37	1.44	1.66	1.71	1.78	1.91	1.99	2.02	2.06	2.11		2.11	2016
9	9.5	9.5.1	GB_XPD_RSDV	Research and development expenditure as a proportion of GDP (%)	2019.Q3.G.01	162	Christmas Island	053	Australia and New Zealand	Country	CXR	0	105.6426067	-10.4882473																																
9	9.5	9.5.1	GB_XPD_RSDV	Research and development expenditure as a proportion of GDP (%)	2019.Q3.G.01	166	Cocos (Keeling) Islands	053	Australia and New Zealand	Country	CCK	0	96.82633757	-12.18600682																																
9	9.5	9.5.1	GB_XPD_RSDV	Research and development expenditure as a proportion of GDP (%)	2019.Q3.G.01	170	Colombia	005	South America	Country	COL	1	-73.07446751	3.888209046		PT	Percentage			G	Global		[2000,2007]:  Break in series with previous year for which data are available // [2001-2006,2008-2017]:  	Latin American Network on Science and Technology Indicators (RICYT)		C: Country data	0.13	0.13	0.14	0.16	0.15	0.15	0.15	0.18	0.2	0.19	0.19	0.21	0.23	0.27	0.31	0.29	0.27	0.24	0.24	2017
9	9.5	9.5.1	GB_XPD_RSDV	Research and development expenditure as a proportion of GDP (%)	2019.Q3.G.01	174	Comoros	014	Eastern Africa	Country	COM	1	43.34234565	-11.66121732																																
9	9.5	9.5.1	GB_XPD_RSDV	Research and development expenditure as a proportion of GDP (%)	2019.Q3.G.01	175	Mayotte	014	Eastern Africa	Country	MYT	0	45.14015057	-12.82217691																																
9	9.5	9.5.1	GB_XPD_RSDV	Research and development expenditure as a proportion of GDP (%)	2019.Q3.G.01	178	Congo	011	Western Africa	Country	COG	1	15.22052612	-0.840544119																																
9	9.5	9.5.1	GB_XPD_RSDV	Research and development expenditure as a proportion of GDP (%)	2019.Q3.G.01	180	Democratic Republic of the Congo	017	Middle Africa	Country	COD	1	23.65496507	-2.877154732		PT	Percentage			G	Global		[2004]:  Overestimated or based on overestimated data;Government only;S&T budget instead of R&D expenditure // [2005]:  Government only;Break in series with previous year for which data are available;S&T budget instead of R&D expenditure // [2006-2009]:  Government only;S&T budget instead of R&D expenditure	UNESCO Institute for Statistics (UIS) Survey on Research and Experimental Development Statistics		C: Country data					0.27	0.06	0.06	0.14	0.08	0.08									0.08	2009
9	9.5	9.5.1	GB_XPD_RSDV	Research and development expenditure as a proportion of GDP (%)	2019.Q3.G.01	184	Cook Islands	061	Polynesia	Country	COK	0	-159.7711391	-21.22696458																																
9	9.5	9.5.1	GB_XPD_RSDV	Research and development expenditure as a proportion of GDP (%)	2019.Q3.G.01	188	Costa Rica	013	Central America	Country	CRI	1	-84.19712782	9.970998683		PT	Percentage			G	Global		 	Latin American Network on Science and Technology Indicators (RICYT)		C: Country data	0.41			0.36	0.37		0.43	0.36	0.39	0.52	0.48	0.47	0.56	0.56	0.57	0.49	0.46		0.46	2016
9	9.5	9.5.1	GB_XPD_RSDV	Research and development expenditure as a proportion of GDP (%)	2019.Q3.G.01	191	Croatia	039	Southern Europe	Country	HRV	1	17.95874553	45.45172212		PT	Percentage			G	Global		[2000-2015]:   // [2016]:  Break in series with previous year for which data are available	Statistical Office of the European Union (Eurostat): Eurostat Science and Technology database		C: Country data	1.04	0.92	0.95	0.95	1.03	0.86	0.74	0.79	0.88	0.84	0.74	0.75	0.75	0.81	0.78	0.84	0.85		0.85	2016
9	9.5	9.5.1	GB_XPD_RSDV	Research and development expenditure as a proportion of GDP (%)	2019.Q3.G.01	192	Cuba	029	Caribbean	Country	CUB	1	-79.54460144	22.10030366		PT	Percentage			G	Global		[2000-2010,2013-2016]:   // [2011-2012]:  Break in series with previous year for which data are available	Latin American Network on Science and Technology Indicators (RICYT)		C: Country data	0.48	0.57	0.56	0.58	0.6	0.55	0.44	0.44	0.5	0.61	0.61	0.27	0.41	0.47	0.42	0.43	0.35		0.35	2016
9	9.5	9.5.1	GB_XPD_RSDV	Research and development expenditure as a proportion of GDP (%)	2019.Q3.G.01	196	Cyprus	145	Western Asia	Country	CYP	1	33.22285964	35.05659437		PT	Percentage			G	Global		[2000-2015]:   // [2016]:  Provisional data	Statistical Office of the European Union (Eurostat): Eurostat Science and Technology database		C: Country data	0.22	0.23	0.27	0.32	0.33	0.36	0.38	0.4	0.39	0.44	0.45	0.46	0.44	0.48	0.51	0.48	0.5		0.5	2016
9	9.5	9.5.1	GB_XPD_RSDV	Research and development expenditure as a proportion of GDP (%)	2019.Q3.G.01	203	Czechia	151	Eastern Europe	Country	CZE	1	15.33151382	49.73913871		PT	Percentage			G	Global		[2000-2015]:   // [2016]:  Provisional data	Organisation for Economic Co-operation and Development (OECD): Research and Development Statistics (RDS) database		C: Country data	1.11	1.1	1.1	1.15	1.15	1.17	1.23	1.3	1.24	1.29	1.34	1.56	1.78	1.9	1.97	1.93	1.68		1.68	2016
9	9.5	9.5.1	GB_XPD_RSDV	Research and development expenditure as a proportion of GDP (%)	2019.Q3.G.01	204	Benin	011	Western Africa	Country	BEN	1	2.339933594	9.65401646																																
9	9.5	9.5.1	GB_XPD_RSDV	Research and development expenditure as a proportion of GDP (%)	2019.Q3.G.01	208	Denmark	154	Northern Europe	Country	DNK	1	9.326571283	56.03829721		PT	Percentage			G	Global		[2001-2006,2008-2014]:   // [2007]:  Break in series with previous year for which data are available // [2015]:  Provisional data // [2016]:  National estimation or based on National estimation	Organisation for Economic Co-operation and Development (OECD): Research and Development Statistics (RDS) database		C: Country data		2.32	2.44	2.51	2.42	2.39	2.4	2.52	2.77	3.06	2.92	2.94	2.98	2.97	2.91	2.96	2.87		2.87	2016
9	9.5	9.5.1	GB_XPD_RSDV	Research and development expenditure as a proportion of GDP (%)	2019.Q3.G.01	212	Dominica	029	Caribbean	Country	DMA	1	-61.3493756	15.43391378																																
9	9.5	9.5.1	GB_XPD_RSDV	Research and development expenditure as a proportion of GDP (%)	2019.Q3.G.01	214	Dominican Republic	029	Caribbean	Country	DOM	1	-70.49847576	18.89832088																																
9	9.5	9.5.1	GB_XPD_RSDV	Research and development expenditure as a proportion of GDP (%)	2019.Q3.G.01	218	Ecuador	005	South America	Country	ECU	1	-78.37005241	-1.447785891		PT	Percentage			G	Global		[2001-2003,2007-2008,2010-2014]:   // [2006,2009]:  Break in series with previous year for which data are available	Latin American Network on Science and Technology Indicators (RICYT)		C: Country data		0.05	0.06	0.06			0.13	0.13	0.23	0.39	0.4	0.34	0.33	0.38	0.44				0.44	2014
9	9.5	9.5.1	GB_XPD_RSDV	Research and development expenditure as a proportion of GDP (%)	2019.Q3.G.01	222	El Salvador	013	Central America	Country	SLV	1	-88.86862995	13.73603564		PT	Percentage			G	Global		[2007-2014,2016]:   // [2015]:  Break in series with previous year for which data are available	Latin American Network on Science and Technology Indicators (RICYT)		C: Country data								0.11	0.13	0.09	0.08	0.04	0.03	0.06	0.09	0.15	0.15		0.15	2016
9	9.5	9.5.1	GB_XPD_RSDV	Research and development expenditure as a proportion of GDP (%)	2019.Q3.G.01	226	Equatorial Guinea	017	Middle Africa	Country	GNQ	1	10.46535826	1.565792376																																
9	9.5	9.5.1	GB_XPD_RSDV	Research and development expenditure as a proportion of GDP (%)	2019.Q3.G.01	231	Ethiopia	014	Eastern Africa	Country	ETH	1	39.63505296	8.631223181		PT	Percentage			G	Global		[2005,2007]:  Partial data // [2010]:  Break in series with previous year for which data are available // [2013]:  	UNESCO Institute for Statistics (UIS) Survey on Research and Experimental Development Statistics		C: Country data						0.18		0.17			0.24			0.6					0.6	2013
9	9.5	9.5.1	GB_XPD_RSDV	Research and development expenditure as a proportion of GDP (%)	2019.Q3.G.01	232	Eritrea	014	Eastern Africa	Country	ERI	1	38.11074289	16.12894644																																
9	9.5	9.5.1	GB_XPD_RSDV	Research and development expenditure as a proportion of GDP (%)	2019.Q3.G.01	233	Estonia	154	Northern Europe	Country	EST	1	25.84093481	58.68487172		PT	Percentage			G	Global		 	Statistical Office of the European Union (Eurostat): Eurostat Science and Technology database		C: Country data	0.6	0.7	0.72	0.77	0.85	0.92	1.12	1.07	1.26	1.4	1.58	2.31	2.12	1.72	1.45	1.49	1.28		1.28	2016
9	9.5	9.5.1	GB_XPD_RSDV	Research and development expenditure as a proportion of GDP (%)	2019.Q3.G.01	234	Faroe Islands	154	Northern Europe	Country	FRO	0	-7.122044325	62.21228119		PT	Percentage			G	Global		 	UNESCO Institute for Statistics (UIS) Survey on Research and Experimental Development Statistics		C: Country data				0.86															0.86	2003
9	9.5	9.5.1	GB_XPD_RSDV	Research and development expenditure as a proportion of GDP (%)	2019.Q3.G.01	238	Falkland Islands (Malvinas)	005	South America	Country	FLK	0	-58.75246778	-51.74562601																																
9	9.5	9.5.1	GB_XPD_RSDV	Research and development expenditure as a proportion of GDP (%)	2019.Q3.G.01	239	South Georgia and the South Sandwich Islands	005	South America	Country	SGS	0	-36.90662765	-54.20736749																																
9	9.5	9.5.1	GB_XPD_RSDV	Research and development expenditure as a proportion of GDP (%)	2019.Q3.G.01	242	Fiji	054	Melanesia	Country	FJI	1	177.9660884	-17.83301566																																
9	9.5	9.5.1	GB_XPD_RSDV	Research and development expenditure as a proportion of GDP (%)	2019.Q3.G.01	246	Finland	154	Northern Europe	Country	FIN	1	23.308447	61.91586738		PT	Percentage			G	Global		 	Organisation for Economic Co-operation and Development (OECD): Research and Development Statistics (RDS) database		C: Country data	3.25	3.2	3.26	3.3	3.31	3.33	3.34	3.35	3.55	3.75	3.73	3.64	3.42	3.29	3.17	2.9	2.75		2.75	2016
9	9.5	9.5.1	GB_XPD_RSDV	Research and development expenditure as a proportion of GDP (%)	2019.Q3.G.01	248	Åland Islands	154	Northern Europe	Country	ALA	0	19.80945969	60.1544901																																
9	9.5	9.5.1	GB_XPD_RSDV	Research and development expenditure as a proportion of GDP (%)	2019.Q3.G.01	250	France	155	Western Europe	Country	FRA	1	2.457288129	46.62660861		PT	Percentage			G	Global		[2000,2004,2010,2014]:  Break in series with previous year for which data are available // [2001-2003,2005-2009,2011-2013,2015]:   // [2016]:  Provisional data	Organisation for Economic Co-operation and Development (OECD): Research and Development Statistics (RDS) database		C: Country data	2.09	2.14	2.17	2.12	2.09	2.05	2.05	2.02	2.06	2.21	2.18	2.19	2.23	2.24	2.28	2.27	2.25		2.25	2016
9	9.5	9.5.1	GB_XPD_RSDV	Research and development expenditure as a proportion of GDP (%)	2019.Q3.G.01	254	French Guiana	005	South America	Country	GUF	0	-53.23619089	3.922673437																																
9	9.5	9.5.1	GB_XPD_RSDV	Research and development expenditure as a proportion of GDP (%)	2019.Q3.G.01	258	French Polynesia	061	Polynesia	Country	PYF	0	-149.4052367	-17.67709294																																
9	9.5	9.5.1	GB_XPD_RSDV	Research and development expenditure as a proportion of GDP (%)	2019.Q3.G.01	260	French Southern Territories	014	Eastern Africa	Country	ATF	0	69.64849091	-49.6068576																																
9	9.5	9.5.1	GB_XPD_RSDV	Research and development expenditure as a proportion of GDP (%)	2019.Q3.G.01	262	Djibouti	014	Eastern Africa	Country	DJI	1	42.18274707	11.56004161																																
9	9.5	9.5.1	GB_XPD_RSDV	Research and development expenditure as a proportion of GDP (%)	2019.Q3.G.01	266	Gabon	017	Middle Africa	Country	GAB	1	11.78727747	-0.60687619		PT	Percentage			G	Global		 	UNESCO Institute for Statistics (UIS) Survey on Research and Experimental Development Statistics		C: Country data								0.42	0.51	0.58									0.58	2009
9	9.5	9.5.1	GB_XPD_RSDV	Research and development expenditure as a proportion of GDP (%)	2019.Q3.G.01	268	Georgia	145	Western Asia	Country	GEO	1	43.3713615	42.04813028		PT	Percentage			G	Global		[2000-2001,2004-2005]:   // [2002-2003]:  Break in series with previous year for which data are available // [2013]:  Higher Education only;Partial data;Break in series with previous year for which data are available;R&D budget instead of R&D expenditure or based on R&D budget // [2014]:  Excluding Business enterprise;Excluding Private non-profit;Partial data;Break in series with previous year for which data are available // [2015-2016]:  Excluding Business enterprise;Excluding Private non-profit;Partial data	UNESCO Institute for Statistics (UIS) Survey on Research and Experimental Development Statistics		C: Country data	0.22	0.24	0.19	0.22	0.24	0.18								0.08	0.18	0.32	0.3		0.3	2016
9	9.5	9.5.1	GB_XPD_RSDV	Research and development expenditure as a proportion of GDP (%)	2019.Q3.G.01	270	Gambia	011	Western Africa	Country	GMB	1	-15.39944785	13.45295927		PT	Percentage			G	Global		[2008-2009]:  Partial data // [2011]:  Overestimated or based on overestimated data	UNESCO Institute for Statistics (UIS) Survey on Research and Experimental Development Statistics		C: Country data									0.02	0.02		0.13							0.13	2011
9	9.5	9.5.1	GB_XPD_RSDV	Research and development expenditure as a proportion of GDP (%)	2019.Q3.G.01	275	State of Palestine	145	Western Asia	Country	PSE	0	35.25694122	31.94347933		PT	Percentage			G	Global		[2007-2009]:  Excluding Business enterprise;Excluding data from some regions/provinces/states // [2010,2013]:  Excluding Business enterprise	UNESCO Institute for Statistics (UIS) Survey on Research and Experimental Development Statistics		C: Country data								0.21	0.16	0.4	0.39			0.49					0.49	2013
9	9.5	9.5.1	GB_XPD_RSDV	Research and development expenditure as a proportion of GDP (%)	2019.Q3.G.01	276	Germany	155	Western Europe	Country	DEU	1	10.3806066	51.08862743		PT	Percentage			G	Global		[2000-2015]:   // [2016]:  National estimation or based on National estimation	Organisation for Economic Co-operation and Development (OECD): Research and Development Statistics (RDS) database		C: Country data	2.39	2.39	2.42	2.46	2.42	2.42	2.46	2.45	2.6	2.73	2.71	2.8	2.87	2.82	2.87	2.92	2.94		2.94	2016
9	9.5	9.5.1	GB_XPD_RSDV	Research and development expenditure as a proportion of GDP (%)	2019.Q3.G.01	288	Ghana	011	Western Africa	Country	GHA	1	-1.205623522	7.964825185		PT	Percentage			G	Global		[2007]:  Source: Regional Publication // [2010]:  Source: Regional Publication;Break in series with previous year for which data are available	African Science, Technology and Innovation Indicators (ASTII) Initiative of the African Union/NEPAD Planning and Coordinating Agency (AU/NPCA): African Innovation Outlook series		C: Country data								0.23			0.38								0.38	2010
9	9.5	9.5.1	GB_XPD_RSDV	Research and development expenditure as a proportion of GDP (%)	2019.Q3.G.01	292	Gibraltar	039	Southern Europe	Country	GIB	0	-5.347561686	36.13895036																																
9	9.5	9.5.1	GB_XPD_RSDV	Research and development expenditure as a proportion of GDP (%)	2019.Q3.G.01	296	Kiribati	057	Micronesia	Country	KIR	1	-157.5643005	1.768837732																																
9	9.5	9.5.1	GB_XPD_RSDV	Research and development expenditure as a proportion of GDP (%)	2019.Q3.G.01	300	Greece	039	Southern Europe	Country	GRC	1	22.58307827	39.47301873		PT	Percentage			G	Global		[2001,2003,2005,2011-2016]:   // [2004,2006-2007,2009-2010]:  National estimation or based on National estimation // [2008]:  National estimation or based on National estimation;Break in series with previous year for which data are available	Organisation for Economic Co-operation and Development (OECD): Research and Development Statistics (RDS) database		C: Country data		0.56		0.55	0.53	0.58	0.56	0.58	0.66	0.63	0.6	0.67	0.7	0.81	0.83	0.97	1.01		1.01	2016
9	9.5	9.5.1	GB_XPD_RSDV	Research and development expenditure as a proportion of GDP (%)	2019.Q3.G.01	304	Greenland	021	Northern America	Country	GRL	0	-41.39371316	74.75625681		PT	Percentage			G	Global		 	UNESCO Institute for Statistics (UIS) Survey on Research and Experimental Development Statistics		C: Country data		0.53	0.56	0.51	0.65														0.65	2004
9	9.5	9.5.1	GB_XPD_RSDV	Research and development expenditure as a proportion of GDP (%)	2019.Q3.G.01	308	Grenada	029	Caribbean	Country	GRD	1	-61.68248568	12.11238395																																
9	9.5	9.5.1	GB_XPD_RSDV	Research and development expenditure as a proportion of GDP (%)	2019.Q3.G.01	312	Guadeloupe	029	Caribbean	Country	GLP	0	-61.64762115	16.14416917																																
9	9.5	9.5.1	GB_XPD_RSDV	Research and development expenditure as a proportion of GDP (%)	2019.Q3.G.01	316	Guam	057	Micronesia	Country	GUM	0	144.7029305	13.35485404		PT	Percentage			G	Global		[2003]:  Break in series with previous year for which data are available // [2004-2005]:  	UNESCO Institute for Statistics (UIS) Survey on Research and Experimental Development Statistics		C: Country data				0.27	0.26	0.26													0.26	2005
9	9.5	9.5.1	GB_XPD_RSDV	Research and development expenditure as a proportion of GDP (%)	2019.Q3.G.01	320	Guatemala	013	Central America	Country	GTM	1	-91.2312746	15.00273719		PT	Percentage			G	Global		 Partial data	Latin American Network on Science and Technology Indicators (RICYT)		C: Country data						0.04	0.05	0.07	0.06	0.06	0.04	0.05	0.04	0.04	0.03	0.03			0.03	2015
9	9.5	9.5.1	GB_XPD_RSDV	Research and development expenditure as a proportion of GDP (%)	2019.Q3.G.01	324	Guinea	011	Western Africa	Country	GIN	1	-11.28173419	11.00210343																																
9	9.5	9.5.1	GB_XPD_RSDV	Research and development expenditure as a proportion of GDP (%)	2019.Q3.G.01	328	Guyana	005	South America	Country	GUY	1	-58.97322037	4.788012784																																
9	9.5	9.5.1	GB_XPD_RSDV	Research and development expenditure as a proportion of GDP (%)	2019.Q3.G.01	332	Haiti	029	Caribbean	Country	HTI	1	-72.33640958	18.40426539																																
9	9.5	9.5.1	GB_XPD_RSDV	Research and development expenditure as a proportion of GDP (%)	2019.Q3.G.01	334	Heard Island and McDonald Islands	053	Australia and New Zealand	Country	HMD	0	73.52633626	-53.09106147																																
9	9.5	9.5.1	GB_XPD_RSDV	Research and development expenditure as a proportion of GDP (%)	2019.Q3.G.01	336	Holy See	039	Southern Europe	Country	VAT	0	12.45315803	41.90343751																																
9	9.5	9.5.1	GB_XPD_RSDV	Research and development expenditure as a proportion of GDP (%)	2019.Q3.G.01	340	Honduras	013	Central America	Country	HND	1	-86.59974381	14.82243161		PT	Percentage			G	Global		[2000-2004]:   // [2015]:  Partial data;Break in series with previous year for which data are available	Latin American Network on Science and Technology Indicators (RICYT)		C: Country data	0.04	0.04	0.04	0.04	0.04											0.01			0.01	2015
9	9.5	9.5.1	GB_XPD_RSDV	Research and development expenditure as a proportion of GDP (%)	2019.Q3.G.01	344	China, Hong Kong Special Administrative Region	030	Eastern Asia	Country	HKG	0	114.0266445	22.41749934		PT	Percentage			G	Global		 	UNESCO Institute for Statistics (UIS) Survey on Research and Experimental Development Statistics		C: Country data	0.46	0.54	0.58	0.68	0.72	0.77	0.79	0.75	0.72	0.77	0.75	0.72	0.73	0.73	0.74	0.76	0.79	0.8	0.8	2017
9	9.5	9.5.1	GB_XPD_RSDV	Research and development expenditure as a proportion of GDP (%)	2019.Q3.G.01	348	Hungary	151	Eastern Europe	Country	HUN	1	19.41221519	47.1651448		PT	Percentage			G	Global		[2000-2003]:  Do not correspond exactly to Frascati Manual recommendation // [2004]:  Break in series with previous year for which data are available // [2005-2016]:  	Organisation for Economic Co-operation and Development (OECD): Research and Development Statistics (RDS) database		C: Country data	0.79	0.91	0.98	0.92	0.86	0.92	0.98	0.96	0.98	1.13	1.14	1.19	1.26	1.39	1.35	1.36	1.21		1.21	2016
9	9.5	9.5.1	GB_XPD_RSDV	Research and development expenditure as a proportion of GDP (%)	2019.Q3.G.01	352	Iceland	154	Northern Europe	Country	ISL	1	-19.02116966	64.79134763		PT	Percentage			G	Global		[2000,2002]:  National estimation or based on National estimation // [2001,2003,2005-2009,2014-2016]:   // [2011]:  National estimation or based on National estimation;Break in series with previous year for which data are available // [2013]:  Break in series with previous year for which data are available	Organisation for Economic Co-operation and Development (OECD): Research and Development Statistics (RDS) database		C: Country data	2.6	2.87	2.86	2.73		2.71	2.92	2.57	2.52	2.64		2.48		1.76	2.0	2.17	2.08		2.08	2016
9	9.5	9.5.1	GB_XPD_RSDV	Research and development expenditure as a proportion of GDP (%)	2019.Q3.G.01	356	India	034	Southern Asia	Country	IND	1	79.3608464	22.34642074		PT	Percentage			G	Global		[2000-2001,2007-2011,2015]:   // [2002-2006]:  Source: National Publication	UNESCO Institute for Statistics (UIS) Survey on Research and Experimental Development Statistics		C: Country data	0.77	0.75	0.74	0.73	0.77	0.84	0.82	0.82	0.87	0.84	0.82	0.83				0.62			0.62	2015
9	9.5	9.5.1	GB_XPD_RSDV	Research and development expenditure as a proportion of GDP (%)	2019.Q3.G.01	360	Indonesia	035	South-Eastern Asia	Country	IDN	1	113.9174	-0.994582204		PT	Percentage			G	Global		[2000-2001]:  Partial data;Source: Regional Publication // [2009]:  Partial data;Break in series with previous year for which data are available // [2013]:  	UNESCO Institute for Statistics (UIS) Survey on Research and Experimental Development Statistics		C: Country data	0.07	0.05								0.08				0.08					0.08	2013
9	9.5	9.5.1	GB_XPD_RSDV	Research and development expenditure as a proportion of GDP (%)	2019.Q3.G.01	364	Iran (Islamic Republic of)	034	Southern Asia	Country	IRN	1	54.19766348	32.74370885		PT	Percentage			G	Global		[2001-2006,2008,2012-2013]:   // [2009]:  Excluding Government;Excluding Private non-profit;Break in series with previous year for which data are available // [2010]:  Excluding Government;Excluding Private non-profit	UNESCO Institute for Statistics (UIS) Survey on Research and Experimental Development Statistics		C: Country data		0.5	0.5	0.59	0.5	0.62	0.56		0.65	0.27	0.26		0.32	0.25					0.25	2013
9	9.5	9.5.1	GB_XPD_RSDV	Research and development expenditure as a proportion of GDP (%)	2019.Q3.G.01	368	Iraq	145	Western Asia	Country	IRQ	1	43.76606267	33.05013795		PT	Percentage			G	Global		[2007-2011]:  Excluding Business enterprise;Excluding Private non-profit;R&D budget instead of R&D expenditure or based on R&D budget // [2014]:  Excluding Private non-profit;Break in series with previous year for which data are available // [2015-2017]:  	UNESCO Institute for Statistics (UIS) Survey on Research and Experimental Development Statistics		C: Country data								0.05	0.03	0.05	0.04	0.03			0.04	0.04	0.04	0.04	0.04	2017
9	9.5	9.5.1	GB_XPD_RSDV	Research and development expenditure as a proportion of GDP (%)	2019.Q3.G.01	372	Ireland	154	Northern Europe	Country	IRL	1	-7.121425272	53.25274054		PT	Percentage			G	Global		[2000,2009-2014,2016]:  National estimation or based on National estimation // [2001-2008,2015]:  	Organisation for Economic Co-operation and Development (OECD): Research and Development Statistics (RDS) database		C: Country data	1.08	1.05	1.06	1.12	1.18	1.19	1.2	1.23	1.39	1.61	1.59	1.55	1.57	1.58	1.53	1.2	1.18		1.18	2016
9	9.5	9.5.1	GB_XPD_RSDV	Research and development expenditure as a proportion of GDP (%)	2019.Q3.G.01	376	Israel	145	Western Asia	Country	ISR	1	34.62277992	31.06164552		PT	Percentage			G	Global		[2000]:  Break in series with previous year for which data are available;Do not correspond exactly to Frascati Manual recommendation // [2001-2015]:  Do not correspond exactly to Frascati Manual recommendation // [2016]:  National estimation or based on National estimation;Do not correspond exactly to Frascati Manual recommendation	Organisation for Economic Co-operation and Development (OECD): Research and Development Statistics (RDS) database		C: Country data	3.93	4.19	4.13	3.9	3.87	4.05	4.14	4.43	4.35	4.13	3.94	4.01	4.16	4.15	4.2	4.27	4.25		4.25	2016
9	9.5	9.5.1	GB_XPD_RSDV	Research and development expenditure as a proportion of GDP (%)	2019.Q3.G.01	380	Italy	039	Southern Europe	Country	ITA	1	12.57022427	42.79917282		PT	Percentage			G	Global		[2000-2013,2015]:   // [2014]:  National estimation or based on National estimation // [2016]:  Provisional data	Organisation for Economic Co-operation and Development (OECD): Research and Development Statistics (RDS) database		C: Country data	1.01	1.04	1.08	1.06	1.05	1.05	1.09	1.13	1.16	1.22	1.22	1.21	1.27	1.31	1.34	1.34	1.29		1.29	2016
9	9.5	9.5.1	GB_XPD_RSDV	Research and development expenditure as a proportion of GDP (%)	2019.Q3.G.01	384	Côte d'Ivoire	011	Western Africa	Country	CIV	1	-5.552690016	7.62211586																																
9	9.5	9.5.1	GB_XPD_RSDV	Research and development expenditure as a proportion of GDP (%)	2019.Q3.G.01	388	Jamaica	029	Caribbean	Country	JAM	1	-77.31068409	18.15616857		PT	Percentage			G	Global		 	Latin American Network on Science and Technology Indicators (RICYT)		C: Country data		0.05	0.06																0.06	2002
9	9.5	9.5.1	GB_XPD_RSDV	Research and development expenditure as a proportion of GDP (%)	2019.Q3.G.01	392	Japan	030	Eastern Asia	Country	JPN	1	139.2716103	36.6554539		PT	Percentage			G	Global		[2000-2007,2009-2012,2014-2016]:   // [2008,2013]:  Break in series with previous year for which data are available	Organisation for Economic Co-operation and Development (OECD): Research and Development Statistics (RDS) database		C: Country data	2.91	2.97	3.01	3.04	3.03	3.18	3.28	3.34	3.34	3.23	3.14	3.24	3.21	3.31	3.4	3.28	3.14		3.14	2016
9	9.5	9.5.1	GB_XPD_RSDV	Research and development expenditure as a proportion of GDP (%)	2019.Q3.G.01	398	Kazakhstan	143	Central Asia	Country	KAZ	1	66.65359159	48.01963494		PT	Percentage			G	Global		[2000-2012,2014-2016]:   // [2013]:  Break in series with previous year for which data are available	UNESCO Institute for Statistics (UIS) Survey on Research and Experimental Development Statistics		C: Country data	0.18	0.22	0.26	0.25	0.25	0.28	0.24	0.21	0.22	0.23	0.15	0.15	0.17	0.17	0.17	0.17	0.14		0.14	2016
9	9.5	9.5.1	GB_XPD_RSDV	Research and development expenditure as a proportion of GDP (%)	2019.Q3.G.01	400	Jordan	145	Western Asia	Country	JOR	1	37.13024774	30.65365973		PT	Percentage			G	Global		[2002,2008]:   // [2016]:  Break in series with previous year for which data are available	UNESCO Institute for Statistics (UIS) Survey on Research and Experimental Development Statistics		C: Country data			0.34						0.43								0.33		0.33	2016
9	9.5	9.5.1	GB_XPD_RSDV	Research and development expenditure as a proportion of GDP (%)	2019.Q3.G.01	404	Kenya	014	Eastern Africa	Country	KEN	1	37.86096816	0.534797278		PT	Percentage			G	Global		[2007]:  Partial data // [2010]:  Break in series with previous year for which data are available	UNESCO Institute for Statistics (UIS) Survey on Research and Experimental Development Statistics		C: Country data								0.36			0.79								0.79	2010
9	9.5	9.5.1	GB_XPD_RSDV	Research and development expenditure as a proportion of GDP (%)	2019.Q3.G.01	408	Democratic People's Republic of Korea	030	Eastern Asia	Country	PRK	1	127.1803633	40.1462645																																
9	9.5	9.5.1	GB_XPD_RSDV	Research and development expenditure as a proportion of GDP (%)	2019.Q3.G.01	410	Republic of Korea	030	Eastern Asia	Country	KOR	1	127.8610254	36.45201023		PT	Percentage			G	Global		[2000-2006]:  Do not correspond exactly to Frascati Manual recommendation // [2007]:  Break in series with previous year for which data are available // [2008-2016]:  	Organisation for Economic Co-operation and Development (OECD): Research and Development Statistics (RDS) database		C: Country data	2.18	2.34	2.27	2.35	2.53	2.63	2.83	3.0	3.12	3.29	3.47	3.74	4.03	4.15	4.29	4.22	4.23		4.23	2016
9	9.5	9.5.1	GB_XPD_RSDV	Research and development expenditure as a proportion of GDP (%)	2019.Q3.G.01	414	Kuwait	145	Western Asia	Country	KWT	1	47.49305029	29.53949468		PT	Percentage			G	Global		[2000-2012]:  Government only;Partial data // [2013]:  Overestimated or based on overestimated data;Excluding Business enterprise;Excluding Private non-profit;Break in series with previous year for which data are available // [2014]:  Overestimated or based on overestimated data;Excluding Business enterprise;Excluding Private non-profit // [2015]:  Excluding Business enterprise;Excluding Private non-profit;Partial data;Break in series with previous year for which data are available // [2016-2017]:  Excluding Business enterprise;Excluding Private non-profit;Partial data	UNESCO Institute for Statistics (UIS) Survey on Research and Experimental Development Statistics		C: Country data	0.13	0.18	0.18	0.14	0.13	0.1	0.08	0.09	0.09	0.11	0.1	0.1	0.1	0.3	0.43	0.1	0.08	0.08	0.08	2017
9	9.5	9.5.1	GB_XPD_RSDV	Research and development expenditure as a proportion of GDP (%)	2019.Q3.G.01	417	Kyrgyzstan	143	Central Asia	Country	KGZ	1	74.52324839	41.46204516		PT	Percentage			G	Global		[2000-2006,2008-2014]:   // [2007]:  Break in series with previous year for which data are available // [2015-2017]:  Excluding Private non-profit	UNESCO Institute for Statistics (UIS) Survey on Research and Experimental Development Statistics		C: Country data	0.16	0.17	0.2	0.22	0.2	0.2	0.23	0.23	0.19	0.16	0.16	0.16	0.17	0.15	0.13	0.12	0.11	0.11	0.11	2017
9	9.5	9.5.1	GB_XPD_RSDV	Research and development expenditure as a proportion of GDP (%)	2019.Q3.G.01	418	Lao People's Democratic Republic	035	South-Eastern Asia	Country	LAO	1	101.9901968	20.27482773		PT	Percentage			G	Global		 Partial data;Source: Regional Publication	UNESCO Institute for Statistics (UIS) Survey on Research and Experimental Development Statistics		C: Country data			0.04																0.04	2002
9	9.5	9.5.1	GB_XPD_RSDV	Research and development expenditure as a proportion of GDP (%)	2019.Q3.G.01	422	Lebanon	145	Western Asia	Country	LBN	1	35.89391711	33.92152458																																
9	9.5	9.5.1	GB_XPD_RSDV	Research and development expenditure as a proportion of GDP (%)	2019.Q3.G.01	426	Lesotho	018	Southern Africa	Country	LSO	1	28.25362195	-29.58041814		PT	Percentage			G	Global		[2002-2004,2009]:  Partial data // [2011]:  Higher Education only;Partial data // [2015]:  Excluding Business enterprise;Excluding Private non-profit	UNESCO Institute for Statistics (UIS) Survey on Research and Experimental Development Statistics		C: Country data			0.04	0.04	0.06					0.03		0.01				0.05			0.05	2015
9	9.5	9.5.1	GB_XPD_RSDV	Research and development expenditure as a proportion of GDP (%)	2019.Q3.G.01	428	Latvia	154	Northern Europe	Country	LVA	1	26.42461876	56.64196636		PT	Percentage			G	Global		[2000]:  Break in series with previous year for which data are available // [2001-2016]:  	Statistical Office of the European Union (Eurostat): Eurostat Science and Technology database		C: Country data	0.44	0.4	0.41	0.36	0.4	0.53	0.65	0.55	0.58	0.45	0.61	0.7	0.66	0.61	0.69	0.63	0.44		0.44	2016
9	9.5	9.5.1	GB_XPD_RSDV	Research and development expenditure as a proportion of GDP (%)	2019.Q3.G.01	430	Liberia	011	Western Africa	Country	LBR	1	-9.311879038	6.448381009																																
9	9.5	9.5.1	GB_XPD_RSDV	Research and development expenditure as a proportion of GDP (%)	2019.Q3.G.01	434	Libya	015	Northern Africa	Country	LBY	1	18.0295985	27.04042819																																
9	9.5	9.5.1	GB_XPD_RSDV	Research and development expenditure as a proportion of GDP (%)	2019.Q3.G.01	438	Liechtenstein	155	Western Europe	Country	LIE	1	9.552985019	47.14167005																																
9	9.5	9.5.1	GB_XPD_RSDV	Research and development expenditure as a proportion of GDP (%)	2019.Q3.G.01	440	Lithuania	154	Northern Europe	Country	LTU	1	23.90517807	55.33680309		PT	Percentage			G	Global		 	Statistical Office of the European Union (Eurostat): Eurostat Science and Technology database		C: Country data	0.58	0.67	0.66	0.66	0.75	0.75	0.79	0.8	0.79	0.83	0.78	0.9	0.89	0.95	1.03	1.04	0.85		0.85	2016
9	9.5	9.5.1	GB_XPD_RSDV	Research and development expenditure as a proportion of GDP (%)	2019.Q3.G.01	442	Luxembourg	155	Western Europe	Country	LUX	1	6.092656563	49.77679538		PT	Percentage			G	Global		[2000,2003-2006,2008-2011,2013-2015]:   // [2007]:  National estimation or based on National estimation // [2012]:  Break in series with previous year for which data are available // [2016]:  Provisional data	Organisation for Economic Co-operation and Development (OECD): Research and Development Statistics (RDS) database		C: Country data	1.58			1.63	1.6	1.57	1.67	1.59	1.62	1.68	1.5	1.46	1.27	1.3	1.26	1.27	1.24		1.24	2016
9	9.5	9.5.1	GB_XPD_RSDV	Research and development expenditure as a proportion of GDP (%)	2019.Q3.G.01	446	China, Macao Special Administrative Region	030	Eastern Asia	Country	MAC	0	113.5665388	22.1237259		PT	Percentage			G	Global		[2001-2006,2008,2010-2015,2017]:  Partial data // [2007,2009,2016]:  Partial data;Break in series with previous year for which data are available	UNESCO Institute for Statistics (UIS) Survey on Research and Experimental Development Statistics		C: Country data		0.06	0.07	0.06	0.05	0.09	0.08	0.06	0.1	0.05	0.05	0.04	0.05	0.05	0.09	0.14	0.23	0.17	0.17	2017
9	9.5	9.5.1	GB_XPD_RSDV	Research and development expenditure as a proportion of GDP (%)	2019.Q3.G.01	450	Madagascar	014	Eastern Africa	Country	MDG	1	46.6982339	-19.38514785		PT	Percentage			G	Global		[2000,2002,2004]:  Partial data;Converted from the former national currency using the appropriate conversion rate // [2001,2003]:  Partial data;Break in series with previous year for which data are available;Converted from the former national currency using the appropriate conversion rate // [2005-2007,2009-2011]:  Partial data // [2008]:  Partial data;Break in series with previous year for which data are available // [2014]:  Government only;Partial data;Break in series with previous year for which data are available // [2016-2017]:  Government only;Partial data	UNESCO Institute for Statistics (UIS) Survey on Research and Experimental Development Statistics		C: Country data	0.12	0.22	0.25	0.34	0.22	0.18	0.16	0.14	0.13	0.15	0.11	0.11			0.02		0.01	0.01	0.01	2017
9	9.5	9.5.1	GB_XPD_RSDV	Research and development expenditure as a proportion of GDP (%)	2019.Q3.G.01	454	Malawi	014	Eastern Africa	Country	MWI	1	33.4884625	-13.40819859																																
9	9.5	9.5.1	GB_XPD_RSDV	Research and development expenditure as a proportion of GDP (%)	2019.Q3.G.01	458	Malaysia	035	South-Eastern Asia	Country	MYS	1	116.8346314	5.452415309		PT	Percentage			G	Global		[2000,2002,2004,2006,2009-2012,2014-2015]:   // [2008]:  Break in series with previous year for which data are available	UNESCO Institute for Statistics (UIS) Survey on Research and Experimental Development Statistics		C: Country data	0.47		0.65		0.6		0.61		0.79	1.01	1.04	1.03	1.09		1.26	1.3			1.3	2015
9	9.5	9.5.1	GB_XPD_RSDV	Research and development expenditure as a proportion of GDP (%)	2019.Q3.G.01	462	Maldives	034	Southern Asia	Country	MDV	1	73.09672546	-0.614385021																																
9	9.5	9.5.1	GB_XPD_RSDV	Research and development expenditure as a proportion of GDP (%)	2019.Q3.G.01	466	Mali	011	Western Africa	Country	MLI	1	-3.522016039	17.35311254		PT	Percentage			G	Global		[2007]:  Excluding Government;Partial data;Source: Regional Publication // [2010]:  Excluding Business enterprise;Source: Regional Publication // [2015]:  Excluding Business enterprise // [2017]:  Excluding Business enterprise;Partial data	[2007,2010]: African Science, Technology and Innovation Indicators (ASTII) Initiative of the African Union/NEPAD Planning and Coordinating Agency (AU/NPCA): African Innovation Outlook series // [2015,2017]: UNESCO Institute for Statistics (UIS) Survey on Research and Experimental Development Statistics		C: Country data								0.22			0.58					0.31		0.29	0.29	2017
9	9.5	9.5.1	GB_XPD_RSDV	Research and development expenditure as a proportion of GDP (%)	2019.Q3.G.01	470	Malta	039	Southern Europe	Country	MLT	1	14.44617519	35.89194275		PT	Percentage			G	Global		[2002-2003,2005-2015]:   // [2004]:  Break in series with previous year for which data are available // [2016]:  Provisional data	Statistical Office of the European Union (Eurostat): Eurostat Science and Technology database		C: Country data			0.24	0.24	0.49	0.53	0.58	0.55	0.53	0.52	0.61	0.67	0.83	0.77	0.71	0.75	0.6		0.6	2016
9	9.5	9.5.1	GB_XPD_RSDV	Research and development expenditure as a proportion of GDP (%)	2019.Q3.G.01	474	Martinique	029	Caribbean	Country	MTQ	0	-60.91544135	14.56086108																																
9	9.5	9.5.1	GB_XPD_RSDV	Research and development expenditure as a proportion of GDP (%)	2019.Q3.G.01	478	Mauritania	011	Western Africa	Country	MRT	1	-10.33187259	20.26089546																																
9	9.5	9.5.1	GB_XPD_RSDV	Research and development expenditure as a proportion of GDP (%)	2019.Q3.G.01	480	Mauritius	014	Eastern Africa	Country	MUS	1	57.568022	-20.28581998		PT	Percentage			G	Global		[2000-2005]:  Overestimated or based on overestimated data;R&D budget instead of R&D expenditure or based on R&D budget // [2012]:  Excluding Business enterprise;Break in series with previous year for which data are available	UNESCO Institute for Statistics (UIS) Survey on Research and Experimental Development Statistics		C: Country data	0.29	0.37	0.37	0.34	0.38	0.37							0.18						0.18	2012
9	9.5	9.5.1	GB_XPD_RSDV	Research and development expenditure as a proportion of GDP (%)	2019.Q3.G.01	484	Mexico	013	Central America	Country	MEX	1	-102.5148166	23.93378032		PT	Percentage			G	Global		[2000-2003,2005-2006,2008-2013]:   // [2004,2007]:  Break in series with previous year for which data are available // [2014-2016]:  National estimation or based on National estimation;Provisional data	Organisation for Economic Co-operation and Development (OECD): Research and Development Statistics (RDS) database		C: Country data	0.31	0.32	0.37	0.38	0.39	0.4	0.37	0.43	0.47	0.52	0.53	0.51	0.49	0.5	0.53	0.52	0.49		0.49	2016
9	9.5	9.5.1	GB_XPD_RSDV	Research and development expenditure as a proportion of GDP (%)	2019.Q3.G.01	492	Monaco	155	Western Europe	Country	MCO	1	7.424214814	43.73532918		PT	Percentage			G	Global		 Partial data	UNESCO Institute for Statistics (UIS) Survey on Research and Experimental Development Statistics		C: Country data					0.04	0.04													0.04	2005
9	9.5	9.5.1	GB_XPD_RSDV	Research and development expenditure as a proportion of GDP (%)	2019.Q3.G.01	496	Mongolia	030	Eastern Asia	Country	MNG	1	103.0728057	46.83892054		PT	Percentage			G	Global		[2000,2002-2006,2008-2017]:  Partial data // [2001,2007]:  Partial data;Break in series with previous year for which data are available	UNESCO Institute for Statistics (UIS) Survey on Research and Experimental Development Statistics		C: Country data	0.19	0.27	0.25	0.25	0.27	0.24	0.19	0.24	0.34	0.3	0.24	0.23	0.24	0.23	0.22	0.15	0.18	0.13	0.13	2017
9	9.5	9.5.1	GB_XPD_RSDV	Research and development expenditure as a proportion of GDP (%)	2019.Q3.G.01	498	Republic of Moldova	151	Eastern Europe	Country	MDA	1	28.4650624	47.20236795		PT	Percentage			G	Global		[2003]:  Break in series with previous year for which data are available // [2004-2017]:  	UNESCO Institute for Statistics (UIS) Survey on Research and Experimental Development Statistics		C: Country data				0.32	0.35	0.4	0.41	0.55	0.53	0.53	0.44	0.4	0.42	0.35	0.37	0.37	0.33	0.3	0.3	2017
9	9.5	9.5.1	GB_XPD_RSDV	Research and development expenditure as a proportion of GDP (%)	2019.Q3.G.01	499	Montenegro	039	Southern Europe	Country	MNE	1	19.25214024	42.78717043		PT	Percentage			G	Global		[2003-2007,2015]:   // [2011]:  Break in series with previous year for which data are available // [2013-2014]:  Source: Eurostat	[2003-2007,2011,2015]: UNESCO Institute for Statistics (UIS) Survey on Research and Experimental Development Statistics // [2013-2014]: Statistical Office of the European Union (Eurostat): Eurostat Science and Technology database		C: Country data				0.8	1.02	0.92	1.23	1.15				0.31		0.37	0.36	0.37			0.37	2015
9	9.5	9.5.1	GB_XPD_RSDV	Research and development expenditure as a proportion of GDP (%)	2019.Q3.G.01	500	Montserrat	029	Caribbean	Country	MSR	0	-62.19261223	16.73558313																																
9	9.5	9.5.1	GB_XPD_RSDV	Research and development expenditure as a proportion of GDP (%)	2019.Q3.G.01	504	Morocco	015	Northern Africa	Country	MAR	1	-6.281942841	31.8440131		PT	Percentage			G	Global		 	UNESCO Institute for Statistics (UIS) Survey on Research and Experimental Development Statistics		C: Country data		0.61	0.53	0.63			0.61				0.71								0.71	2010
9	9.5	9.5.1	GB_XPD_RSDV	Research and development expenditure as a proportion of GDP (%)	2019.Q3.G.01	508	Mozambique	014	Eastern Africa	Country	MOZ	1	38.18479941	-14.27963886		PT	Percentage			G	Global		[2002]:  Overestimated or based on overestimated data;Source: National Publication;S&T budget instead of R&D expenditure // [2006]:  Government only // [2008]:  Excluding Business enterprise;Excluding Higher Education;Partial data;Source: Regional Publication // [2010]:  Excluding Business enterprise;Break in series with previous year for which data are available // [2015]:  	UNESCO Institute for Statistics (UIS) Survey on Research and Experimental Development Statistics		C: Country data			0.42				0.46		0.15		0.42					0.34			0.34	2015
9	9.5	9.5.1	GB_XPD_RSDV	Research and development expenditure as a proportion of GDP (%)	2019.Q3.G.01	512	Oman	145	Western Asia	Country	OMN	1	57.87743482	21.98805614		PT	Percentage			G	Global		 	UNESCO Institute for Statistics (UIS) Survey on Research and Experimental Development Statistics		C: Country data												0.14	0.21	0.17	0.21	0.25	0.26	0.22	0.22	2017
9	9.5	9.5.1	GB_XPD_RSDV	Research and development expenditure as a proportion of GDP (%)	2019.Q3.G.01	516	Namibia	018	Southern Africa	Country	NAM	1	17.21907885	-22.13817068		PT	Percentage			G	Global		[2010]:  Excluding Government;Partial data;Source: Regional Publication // [2014]:  Partial data	[2010]: African Science, Technology and Innovation Indicators (ASTII) Initiative of the African Union/NEPAD Planning and Coordinating Agency (AU/NPCA): African Innovation Outlook series // [2014]: UNESCO Institute for Statistics (UIS) Survey on Research and Experimental Development Statistics		C: Country data											0.14				0.34				0.34	2014
9	9.5	9.5.1	GB_XPD_RSDV	Research and development expenditure as a proportion of GDP (%)	2019.Q3.G.01	520	Nauru	057	Micronesia	Country	NRU	1	166.92313	-0.528742623																																
9	9.5	9.5.1	GB_XPD_RSDV	Research and development expenditure as a proportion of GDP (%)	2019.Q3.G.01	524	Nepal	034	Southern Asia	Country	NPL	1	83.94678863	28.25866332		PT	Percentage			G	Global		[2008,2010]:  Partial data;R&D budget instead of R&D expenditure or based on R&D budget // [2009]:  Partial data;Break in series with previous year for which data are available;R&D budget instead of R&D expenditure or based on R&D budget	UNESCO Institute for Statistics (UIS) Survey on Research and Experimental Development Statistics		C: Country data									0.05	0.26	0.3								0.3	2010
9	9.5	9.5.1	GB_XPD_RSDV	Research and development expenditure as a proportion of GDP (%)	2019.Q3.G.01	528	Netherlands	155	Western Europe	Country	NLD	1	5.331480568	51.86728884		PT	Percentage			G	Global		[2000-2010,2013-2015]:   // [2011-2012]:  Break in series with previous year for which data are available // [2016]:  Provisional data	Organisation for Economic Co-operation and Development (OECD): Research and Development Statistics (RDS) database		C: Country data	1.81	1.82	1.77	1.81	1.81	1.79	1.76	1.69	1.64	1.69	1.72	1.9	1.94	1.95	2.0	2.0	2.03		2.03	2016
9	9.5	9.5.1	GB_XPD_RSDV	Research and development expenditure as a proportion of GDP (%)	2019.Q3.G.01	530	Netherlands Antilles	029	Caribbean	Country	ANT	0	-68.30676179	12.22720635																																
9	9.5	9.5.1	GB_XPD_RSDV	Research and development expenditure as a proportion of GDP (%)	2019.Q3.G.01	531	Curaçao	029	Caribbean	Country	CUW	0	-68.95033464	12.15058042																																
9	9.5	9.5.1	GB_XPD_RSDV	Research and development expenditure as a proportion of GDP (%)	2019.Q3.G.01	533	Aruba	029	Caribbean	Country	ABW	0	-69.97050586	12.50878756																																
9	9.5	9.5.1	GB_XPD_RSDV	Research and development expenditure as a proportion of GDP (%)	2019.Q3.G.01	534	Sint Maarten (Dutch part)	029	Caribbean	Country	SXM	0	-63.06198692	18.03926508																																
9	9.5	9.5.1	GB_XPD_RSDV	Research and development expenditure as a proportion of GDP (%)	2019.Q3.G.01	540	New Caledonia	054	Melanesia	Country	NCL	0	165.5067368	-21.41742531																																
9	9.5	9.5.1	GB_XPD_RSDV	Research and development expenditure as a proportion of GDP (%)	2019.Q3.G.01	548	Vanuatu	054	Melanesia	Country	VUT	1	167.0679779	-15.34445547																																
9	9.5	9.5.1	GB_XPD_RSDV	Research and development expenditure as a proportion of GDP (%)	2019.Q3.G.01	554	New Zealand	053	Australia and New Zealand	Country	NZL	1	170.4755673	-43.98721568		PT	Percentage			G	Global		[2001]:  Break in series with previous year for which data are available // [2003,2005,2007,2009,2011,2013,2015]:  	Organisation for Economic Co-operation and Development (OECD): Research and Development Statistics (RDS) database		C: Country data		1.1		1.15		1.12		1.16		1.25		1.23		1.15		1.26			1.26	2015
9	9.5	9.5.1	GB_XPD_RSDV	Research and development expenditure as a proportion of GDP (%)	2019.Q3.G.01	558	Nicaragua	013	Central America	Country	NIC	1	-85.03060315	12.84210839		PT	Percentage			G	Global		[2002]:   // [2011-2015]:  Higher Education only	Latin American Network on Science and Technology Indicators (RICYT)		C: Country data			0.03									0.08	0.1	0.1	0.09	0.11			0.11	2015
9	9.5	9.5.1	GB_XPD_RSDV	Research and development expenditure as a proportion of GDP (%)	2019.Q3.G.01	562	Niger	011	Western Africa	Country	NER	1	9.400167877	17.42143036																																
9	9.5	9.5.1	GB_XPD_RSDV	Research and development expenditure as a proportion of GDP (%)	2019.Q3.G.01	566	Nigeria	011	Western Africa	Country	NGA	1	8.097363256	9.585789025		PT	Percentage			G	Global		 Excluding Business enterprise;Source: Regional Publication	African Science, Technology and Innovation Indicators (ASTII) Initiative of the African Union/NEPAD Planning and Coordinating Agency (AU/NPCA): African Innovation Outlook series		C: Country data								0.22											0.22	2007
9	9.5	9.5.1	GB_XPD_RSDV	Research and development expenditure as a proportion of GDP (%)	2019.Q3.G.01	570	Niue	061	Polynesia	Country	NIU	0	-169.8601693	-19.05000475																																
9	9.5	9.5.1	GB_XPD_RSDV	Research and development expenditure as a proportion of GDP (%)	2019.Q3.G.01	574	Norfolk Island	053	Australia and New Zealand	Country	NFK	0	167.9515548	-29.03230018																																
9	9.5	9.5.1	GB_XPD_RSDV	Research and development expenditure as a proportion of GDP (%)	2019.Q3.G.01	578	Norway	154	Northern Europe	Country	NOR	1	11.47846389	61.34311134		PT	Percentage			G	Global		 	Organisation for Economic Co-operation and Development (OECD): Research and Development Statistics (RDS) database		C: Country data		1.56	1.63	1.68	1.55	1.48	1.46	1.56	1.55	1.72	1.65	1.63	1.62	1.65	1.71	1.93	2.03		2.03	2016
9	9.5	9.5.1	GB_XPD_RSDV	Research and development expenditure as a proportion of GDP (%)	2019.Q3.G.01	580	Northern Mariana Islands	057	Micronesia	Country	MNP	0	145.7582114	15.19099517																																
9	9.5	9.5.1	GB_XPD_RSDV	Research and development expenditure as a proportion of GDP (%)	2019.Q3.G.01	581	United States Minor Outlying Islands	057	Micronesia	Country	UMI	0	-162.4343752	5.874443968																																
9	9.5	9.5.1	GB_XPD_RSDV	Research and development expenditure as a proportion of GDP (%)	2019.Q3.G.01	583	Micronesia (Federated States of)	057	Micronesia	Country	FSM	1	158.225216	6.880670092																																
9	9.5	9.5.1	GB_XPD_RSDV	Research and development expenditure as a proportion of GDP (%)	2019.Q3.G.01	584	Marshall Islands	057	Micronesia	Country	MHL	1	171.0839119	7.110213497																																
9	9.5	9.5.1	GB_XPD_RSDV	Research and development expenditure as a proportion of GDP (%)	2019.Q3.G.01	585	Palau	057	Micronesia	Country	PLW	1	134.5733878	7.502307591																																
9	9.5	9.5.1	GB_XPD_RSDV	Research and development expenditure as a proportion of GDP (%)	2019.Q3.G.01	586	Pakistan	034	Southern Asia	Country	PAK	1	68.80479684	29.36491634		PT	Percentage			G	Global		[2000-2002]:  Partial data // [2005,2007,2009,2011,2013,2015]:  Excluding Business enterprise;Excluding Private non-profit	UNESCO Institute for Statistics (UIS) Survey on Research and Experimental Development Statistics		C: Country data	0.13	0.17	0.22			0.44		0.63		0.45		0.33		0.29		0.25			0.25	2015
9	9.5	9.5.1	GB_XPD_RSDV	Research and development expenditure as a proportion of GDP (%)	2019.Q3.G.01	591	Panama	013	Central America	Country	PAN	1	-81.26616623	8.450965746		PT	Percentage			G	Global		[2000,2012]:  Break in series with previous year for which data are available // [2001-2011,2013]:  	Latin American Network on Science and Technology Indicators (RICYT)		C: Country data	0.36	0.36	0.34	0.32	0.23	0.23	0.24	0.18	0.19	0.13	0.14	0.17	0.08	0.06					0.06	2013
9	9.5	9.5.1	GB_XPD_RSDV	Research and development expenditure as a proportion of GDP (%)	2019.Q3.G.01	598	Papua New Guinea	054	Melanesia	Country	PNG	1	145.8587761	-6.756057077		PT	Percentage			G	Global		 Excluding Business enterprise;Partial data	UNESCO Institute for Statistics (UIS) Survey on Research and Experimental Development Statistics		C: Country data																	0.03		0.03	2016
9	9.5	9.5.1	GB_XPD_RSDV	Research and development expenditure as a proportion of GDP (%)	2019.Q3.G.01	600	Paraguay	005	South America	Country	PRY	1	-60.54854225	-21.70216237		PT	Percentage			G	Global		[2001-2005,2008,2011-2012]:   // [2014-2016]:  Excluding Business enterprise	Latin American Network on Science and Technology Indicators (RICYT)		C: Country data		0.07	0.09	0.07	0.07	0.07			0.05			0.06	0.09		0.1	0.13	0.15		0.15	2016
9	9.5	9.5.1	GB_XPD_RSDV	Research and development expenditure as a proportion of GDP (%)	2019.Q3.G.01	604	Peru	005	South America	Country	PER	1	-71.82093277	-13.58939705		PT	Percentage			G	Global		[2000-2004,2012-2017]:   // [2011]:  Break in series with previous year for which data are available	Latin American Network on Science and Technology Indicators (RICYT)		C: Country data	0.11	0.11	0.11	0.11	0.16							0.08	0.06	0.08	0.11	0.12	0.12	0.12	0.12	2017
9	9.5	9.5.1	GB_XPD_RSDV	Research and development expenditure as a proportion of GDP (%)	2019.Q3.G.01	608	Philippines	035	South-Eastern Asia	Country	PHL	1	120.8601418	14.16591706		PT	Percentage			G	Global		 	UNESCO Institute for Statistics (UIS) Survey on Research and Experimental Development Statistics		C: Country data			0.14	0.13		0.11		0.11		0.11		0.12		0.14					0.14	2013
9	9.5	9.5.1	GB_XPD_RSDV	Research and development expenditure as a proportion of GDP (%)	2019.Q3.G.01	612	Pitcairn	061	Polynesia	Country	PCN	0	-128.3225873	-24.37538456																																
9	9.5	9.5.1	GB_XPD_RSDV	Research and development expenditure as a proportion of GDP (%)	2019.Q3.G.01	616	Poland	151	Eastern Europe	Country	POL	1	19.40660158	52.1226733		PT	Percentage			G	Global		[2000-2015]:   // [2016]:  Provisional data	Organisation for Economic Co-operation and Development (OECD): Research and Development Statistics (RDS) database		C: Country data	0.64	0.62	0.56	0.54	0.55	0.56	0.55	0.56	0.6	0.66	0.72	0.75	0.88	0.87	0.94	1.0	0.97		0.97	2016
9	9.5	9.5.1	GB_XPD_RSDV	Research and development expenditure as a proportion of GDP (%)	2019.Q3.G.01	620	Portugal	039	Southern Europe	Country	PRT	1	-7.961599811	39.68509315		PT	Percentage			G	Global		[2000,2002,2004,2006]:  National estimation or based on National estimation // [2001,2003,2005,2007,2009-2015]:   // [2008]:  Break in series with previous year for which data are available // [2016]:  Provisional data	Organisation for Economic Co-operation and Development (OECD): Research and Development Statistics (RDS) database		C: Country data	0.72	0.76	0.72	0.7	0.73	0.76	0.95	1.12	1.45	1.58	1.53	1.46	1.38	1.33	1.29	1.24	1.27		1.27	2016
9	9.5	9.5.1	GB_XPD_RSDV	Research and development expenditure as a proportion of GDP (%)	2019.Q3.G.01	624	Guinea-Bissau	011	Western Africa	Country	GNB	1	-14.40182514	12.11760394																																
9	9.5	9.5.1	GB_XPD_RSDV	Research and development expenditure as a proportion of GDP (%)	2019.Q3.G.01	626	Timor-Leste	035	South-Eastern Asia	Country	TLS	1	125.9451052	-8.797497247																																
9	9.5	9.5.1	GB_XPD_RSDV	Research and development expenditure as a proportion of GDP (%)	2019.Q3.G.01	630	Puerto Rico	029	Caribbean	Country	PRI	0	-66.47591017	18.22753799		PT	Percentage			G	Global		 	Latin American Network on Science and Technology Indicators (RICYT)		C: Country data										0.45				0.44		0.43			0.43	2015
9	9.5	9.5.1	GB_XPD_RSDV	Research and development expenditure as a proportion of GDP (%)	2019.Q3.G.01	634	Qatar	145	Western Asia	Country	QAT	1	51.19152467	25.28355379		PT	Percentage			G	Global		 	UNESCO Institute for Statistics (UIS) Survey on Research and Experimental Development Statistics		C: Country data													0.48			0.51			0.51	2015
9	9.5	9.5.1	GB_XPD_RSDV	Research and development expenditure as a proportion of GDP (%)	2019.Q3.G.01	638	Réunion	014	Eastern Africa	Country	REU	0	55.53171398	-21.13183266																																
9	9.5	9.5.1	GB_XPD_RSDV	Research and development expenditure as a proportion of GDP (%)	2019.Q3.G.01	642	Romania	151	Eastern Europe	Country	ROU	1	24.98481009	45.83893563		PT	Percentage			G	Global		[2000-2010,2012-2016]:   // [2011]:  Break in series with previous year for which data are available	Organisation for Economic Co-operation and Development (OECD): Research and Development Statistics (RDS) database		C: Country data	0.36	0.39	0.38	0.38	0.38	0.41	0.45	0.51	0.55	0.45	0.46	0.5	0.48	0.39	0.38	0.49	0.48		0.48	2016
9	9.5	9.5.1	GB_XPD_RSDV	Research and development expenditure as a proportion of GDP (%)	2019.Q3.G.01	643	Russian Federation	151	Eastern Europe	Country	RUS	1	99.01404926	61.61899849		PT	Percentage			G	Global		 	Organisation for Economic Co-operation and Development (OECD): Research and Development Statistics (RDS) database		C: Country data	1.05	1.18	1.25	1.29	1.15	1.07	1.07	1.12	1.04	1.25	1.13	1.01	1.03	1.03	1.07	1.1	1.1		1.1	2016
9	9.5	9.5.1	GB_XPD_RSDV	Research and development expenditure as a proportion of GDP (%)	2019.Q3.G.01	646	Rwanda	014	Eastern Africa	Country	RWA	1	29.92310194	-1.999842114																																
9	9.5	9.5.1	GB_XPD_RSDV	Research and development expenditure as a proportion of GDP (%)	2019.Q3.G.01	652	Saint Barthélemy	029	Caribbean	Country	BLM	0	-62.83173536	17.89513362																																
9	9.5	9.5.1	GB_XPD_RSDV	Research and development expenditure as a proportion of GDP (%)	2019.Q3.G.01	654	Saint Helena	011	Western Africa	Country	SHN	0	-5.705752501	-15.96503946																																
9	9.5	9.5.1	GB_XPD_RSDV	Research and development expenditure as a proportion of GDP (%)	2019.Q3.G.01	659	Saint Kitts and Nevis	029	Caribbean	Country	KNA	1	-62.76628613	17.33994219																																
9	9.5	9.5.1	GB_XPD_RSDV	Research and development expenditure as a proportion of GDP (%)	2019.Q3.G.01	660	Anguilla	029	Caribbean	Country	AIA	0	-63.05651612	18.21525315																																
9	9.5	9.5.1	GB_XPD_RSDV	Research and development expenditure as a proportion of GDP (%)	2019.Q3.G.01	662	Saint Lucia	029	Caribbean	Country	LCA	1	-60.96529553	13.89405601																																
9	9.5	9.5.1	GB_XPD_RSDV	Research and development expenditure as a proportion of GDP (%)	2019.Q3.G.01	663	Saint Martin (French Part)	029	Caribbean	Country	MAF	0	-63.04505461	18.0882685																																
9	9.5	9.5.1	GB_XPD_RSDV	Research and development expenditure as a proportion of GDP (%)	2019.Q3.G.01	666	Saint Pierre and Miquelon	021	Northern America	Country	SPM	0	-56.33682442	46.85812735																																
9	9.5	9.5.1	GB_XPD_RSDV	Research and development expenditure as a proportion of GDP (%)	2019.Q3.G.01	670	Saint Vincent and the Grenadines	029	Caribbean	Country	VCT	1	-61.19024321	13.24627968		PT	Percentage			G	Global		 	UNESCO Institute for Statistics (UIS) Survey on Research and Experimental Development Statistics		C: Country data		0.04	0.12																0.12	2002
9	9.5	9.5.1	GB_XPD_RSDV	Research and development expenditure as a proportion of GDP (%)	2019.Q3.G.01	674	San Marino	039	Southern Europe	Country	SMR	1	12.46329038	43.93841766																																
9	9.5	9.5.1	GB_XPD_RSDV	Research and development expenditure as a proportion of GDP (%)	2019.Q3.G.01	678	Sao Tome and Principe	017	Middle Africa	Country	STP	1	6.609772265	0.241554875																																
9	9.5	9.5.1	GB_XPD_RSDV	Research and development expenditure as a proportion of GDP (%)	2019.Q3.G.01	682	Saudi Arabia	145	Western Asia	Country	SAU	1	44.54763347	24.12594211		PT	Percentage			G	Global		[2003-2009]:  Partial data;R&D budget instead of R&D expenditure or based on R&D budget // [2010]:  Overestimated or based on overestimated data;Break in series with previous year for which data are available;R&D budget instead of R&D expenditure or based on R&D budget // [2011-2013]:  Overestimated or based on overestimated data;R&D budget instead of R&D expenditure or based on R&D budget	UNESCO Institute for Statistics (UIS) Survey on Research and Experimental Development Statistics		C: Country data				0.06	0.05	0.04	0.04	0.05	0.05	0.07	0.88	0.9	0.88	0.82					0.82	2013
9	9.5	9.5.1	GB_XPD_RSDV	Research and development expenditure as a proportion of GDP (%)	2019.Q3.G.01	686	Senegal	011	Western Africa	Country	SEN	1	-14.46636926	14.35920905		PT	Percentage			G	Global		[2008]:   // [2010]:  Source: Regional Publication // [2015]:  Excluding Business enterprise	[2008,2015]: UNESCO Institute for Statistics (UIS) Survey on Research and Experimental Development Statistics // [2010]: African Science, Technology and Innovation Indicators (ASTII) Initiative of the African Union/NEPAD Planning and Coordinating Agency (AU/NPCA): African Innovation Outlook series		C: Country data									0.37		0.54					0.75			0.75	2015
9	9.5	9.5.1	GB_XPD_RSDV	Research and development expenditure as a proportion of GDP (%)	2019.Q3.G.01	688	Serbia	039	Southern Europe	Country	SRB	1	20.805876	44.03145697		PT	Percentage			G	Global		[2000-2006]:  Excluding data from some regions/provinces/states;Do not correspond exactly to Frascati Manual recommendation // [2007,2009]:  Excluding data from some regions/provinces/states;Break in series with previous year for which data are available // [2008,2010-2017]:  Excluding data from some regions/provinces/states	UNESCO Institute for Statistics (UIS) Survey on Research and Experimental Development Statistics		C: Country data	0.9	0.32	0.68	0.52	0.3	0.42	0.47	0.62	0.71	0.87	0.74	0.72	0.91	0.73	0.77	0.87	0.89	0.93	0.93	2017
9	9.5	9.5.1	GB_XPD_RSDV	Research and development expenditure as a proportion of GDP (%)	2019.Q3.G.01	690	Seychelles	014	Eastern Africa	Country	SYC	1	55.46561591	-4.678053059		PT	Percentage			G	Global		[2001-2005]:   // [2016]:  Break in series with previous year for which data are available	UNESCO Institute for Statistics (UIS) Survey on Research and Experimental Development Statistics		C: Country data		0.43	0.41	0.41	0.35	0.3											0.22		0.22	2016
9	9.5	9.5.1	GB_XPD_RSDV	Research and development expenditure as a proportion of GDP (%)	2019.Q3.G.01	694	Sierra Leone	011	Western Africa	Country	SLE	1	-11.78306584	8.568604164																																
9	9.5	9.5.1	GB_XPD_RSDV	Research and development expenditure as a proportion of GDP (%)	2019.Q3.G.01	702	Singapore	035	South-Eastern Asia	Country	SGP	1	103.8107883	1.361009155		PT	Percentage			G	Global		 	Organisation for Economic Co-operation and Development (OECD): Research and Development Statistics (RDS) database		C: Country data	1.82	2.02	2.07	2.03	2.1	2.16	2.13	2.34	2.62	2.16	2.01	2.15	1.99	1.99	2.16				2.16	2014
9	9.5	9.5.1	GB_XPD_RSDV	Research and development expenditure as a proportion of GDP (%)	2019.Q3.G.01	703	Slovakia	151	Eastern Europe	Country	SVK	1	19.48495604	48.70741446		PT	Percentage			G	Global		 	Organisation for Economic Co-operation and Development (OECD): Research and Development Statistics (RDS) database		C: Country data	0.64	0.63	0.56	0.56	0.5	0.49	0.48	0.45	0.46	0.47	0.62	0.66	0.8	0.82	0.88	1.18	0.79		0.79	2016
9	9.5	9.5.1	GB_XPD_RSDV	Research and development expenditure as a proportion of GDP (%)	2019.Q3.G.01	704	Viet Nam	035	South-Eastern Asia	Country	VNM	1	105.802499	10.09643079		PT	Percentage			G	Global		 	UNESCO Institute for Statistics (UIS) Survey on Research and Experimental Development Statistics		C: Country data			0.19									0.19		0.37		0.44			0.44	2015
9	9.5	9.5.1	GB_XPD_RSDV	Research and development expenditure as a proportion of GDP (%)	2019.Q3.G.01	705	Slovenia	039	Southern Europe	Country	SVN	1	14.82209486	46.11958061		PT	Percentage			G	Global		[2000-2007,2009-2010,2012-2015]:   // [2008,2011]:  Break in series with previous year for which data are available // [2016]:  Provisional data	Organisation for Economic Co-operation and Development (OECD): Research and Development Statistics (RDS) database		C: Country data	1.36	1.47	1.44	1.25	1.37	1.41	1.53	1.42	1.63	1.82	2.06	2.42	2.57	2.58	2.37	2.2	2.0		2.0	2016
9	9.5	9.5.1	GB_XPD_RSDV	Research and development expenditure as a proportion of GDP (%)	2019.Q3.G.01	706	Somalia	014	Eastern Africa	Country	SOM	1	46.20367477	4.406485729																																
9	9.5	9.5.1	GB_XPD_RSDV	Research and development expenditure as a proportion of GDP (%)	2019.Q3.G.01	710	South Africa	018	Southern Africa	Country	ZAF	1	24.67184355	-29.99957544		PT	Percentage			G	Global		[2001]:  Underestimated or based on underestimated data // [2003-2015]:  	Organisation for Economic Co-operation and Development (OECD): Research and Development Statistics (RDS) database		C: Country data		0.72		0.76	0.81	0.86	0.9	0.88	0.89	0.84	0.74	0.73	0.73	0.72	0.77	0.8			0.8	2015
9	9.5	9.5.1	GB_XPD_RSDV	Research and development expenditure as a proportion of GDP (%)	2019.Q3.G.01	716	Zimbabwe	014	Eastern Africa	Country	ZWE	1	29.86909584	-19.00075492																																
9	9.5	9.5.1	GB_XPD_RSDV	Research and development expenditure as a proportion of GDP (%)	2019.Q3.G.01	724	Spain	039	Southern Europe	Country	ESP	1	-3.554078296	40.39211472		PT	Percentage			G	Global		[2000-2007,2009-2016]:   // [2008]:  Break in series with previous year for which data are available	Organisation for Economic Co-operation and Development (OECD): Research and Development Statistics (RDS) database		C: Country data	0.88	0.89	0.96	1.02	1.04	1.1	1.17	1.23	1.32	1.35	1.35	1.33	1.29	1.27	1.24	1.22	1.19		1.19	2016
9	9.5	9.5.1	GB_XPD_RSDV	Research and development expenditure as a proportion of GDP (%)	2019.Q3.G.01	728	South Sudan	014	Eastern Africa	Country	SSD	1	30.32618773	7.290839152																																
9	9.5	9.5.1	GB_XPD_RSDV	Research and development expenditure as a proportion of GDP (%)	2019.Q3.G.01	729	Sudan	015	Northern Africa	Country	SDN	0	29.95650159	16.02643066		PT	Percentage			G	Global		 Overestimated or based on overestimated data	UNESCO Institute for Statistics (UIS) Survey on Research and Experimental Development Statistics		C: Country data	0.47	0.45	0.4	0.34	0.3	0.3													0.3	2005
9	9.5	9.5.1	GB_XPD_RSDV	Research and development expenditure as a proportion of GDP (%)	2019.Q3.G.01	732	Western Sahara	015	Northern Africa	Country	ESH	0	-13.13515523	24.66265342																																
9	9.5	9.5.1	GB_XPD_RSDV	Research and development expenditure as a proportion of GDP (%)	2019.Q3.G.01	740	Suriname	005	South America	Country	SUR	1	-55.90626394	4.132603197																																
9	9.5	9.5.1	GB_XPD_RSDV	Research and development expenditure as a proportion of GDP (%)	2019.Q3.G.01	744	Svalbard and Jan Mayen Islands	154	Northern Europe	Country	SJM	0	13.38071013	78.82894131																																
9	9.5	9.5.1	GB_XPD_RSDV	Research and development expenditure as a proportion of GDP (%)	2019.Q3.G.01	748	Eswatini	018	Southern Africa	Country	SWZ	1	31.50149288	-26.56471011		PT	Percentage			G	Global		 	UNESCO Institute for Statistics (UIS) Survey on Research and Experimental Development Statistics		C: Country data																0.27			0.27	2015
9	9.5	9.5.1	GB_XPD_RSDV	Research and development expenditure as a proportion of GDP (%)	2019.Q3.G.01	752	Sweden	154	Northern Europe	Country	SWE	1	14.3775338	60.60103109		PT	Percentage			G	Global		[2001,2003,2008,2010,2012-2014]:  National estimation or based on National estimation // [2004]:  Underestimated or based on underestimated data // [2005]:  Break in series with previous year for which data are available // [2006]:  Overestimated or based on overestimated data;National estimation or based on National estimation // [2007,2009,2011,2015]:   // [2016]:  Provisional data	Organisation for Economic Co-operation and Development (OECD): Research and Development Statistics (RDS) database		C: Country data		3.91		3.61	3.39	3.39	3.5	3.26	3.5	3.45	3.22	3.25	3.28	3.31	3.15	3.27	3.25		3.25	2016
9	9.5	9.5.1	GB_XPD_RSDV	Research and development expenditure as a proportion of GDP (%)	2019.Q3.G.01	756	Switzerland	155	Western Europe	Country	CHE	1	8.223158	46.96617097		PT	Percentage			G	Global		 	Organisation for Economic Co-operation and Development (OECD): Research and Development Statistics (RDS) database		C: Country data	2.32				2.67				2.71				3.19			3.37			3.37	2015
9	9.5	9.5.1	GB_XPD_RSDV	Research and development expenditure as a proportion of GDP (%)	2019.Q3.G.01	760	Syrian Arab Republic	145	Western Asia	Country	SYR	1	38.50466565	35.01676176		PT	Percentage			G	Global		 Excluding Business enterprise;Excluding Private non-profit	UNESCO Institute for Statistics (UIS) Survey on Research and Experimental Development Statistics		C: Country data																0.01			0.01	2015
9	9.5	9.5.1	GB_XPD_RSDV	Research and development expenditure as a proportion of GDP (%)	2019.Q3.G.01	762	Tajikistan	143	Central Asia	Country	TJK	1	69.294998	38.43069666		PT	Percentage			G	Global		[2001-2008]:   // [2009-2017]:  Excluding Business enterprise;Excluding Private non-profit	UNESCO Institute for Statistics (UIS) Survey on Research and Experimental Development Statistics		C: Country data		0.09	0.07	0.07	0.07	0.1	0.11	0.07	0.07	0.09	0.09	0.12	0.11	0.12	0.11	0.11	0.11	0.12	0.12	2017
9	9.5	9.5.1	GB_XPD_RSDV	Research and development expenditure as a proportion of GDP (%)	2019.Q3.G.01	764	Thailand	035	South-Eastern Asia	Country	THA	1	101.0202951	15.13089239		PT	Percentage			G	Global		[2000,2002,2004,2006]:  National estimation or based on National estimation // [2001,2003,2005,2007-2009,2011,2013-2016]:  	UNESCO Institute for Statistics (UIS) Survey on Research and Experimental Development Statistics		C: Country data	0.24	0.25	0.23	0.25	0.24	0.22	0.23	0.2	0.2	0.23		0.36		0.44	0.48	0.62	0.78		0.78	2016
9	9.5	9.5.1	GB_XPD_RSDV	Research and development expenditure as a proportion of GDP (%)	2019.Q3.G.01	768	Togo	011	Western Africa	Country	TGO	1	0.97835765	8.532096072		PT	Percentage			G	Global		[2010]:  Excluding Business enterprise;Source: Regional Publication // [2012]:  Excluding Business enterprise // [2014]:  Excluding Business enterprise;Excluding Private non-profit	[2010]: African Science, Technology and Innovation Indicators (ASTII) Initiative of the African Union/NEPAD Planning and Coordinating Agency (AU/NPCA): African Innovation Outlook series // [2012,2014]: UNESCO Institute for Statistics (UIS) Survey on Research and Experimental Development Statistics		C: Country data											0.25		0.22		0.27				0.27	2014
9	9.5	9.5.1	GB_XPD_RSDV	Research and development expenditure as a proportion of GDP (%)	2019.Q3.G.01	772	Tokelau	061	Polynesia	Country	TKL	0	-171.8154473	-9.214545558																																
9	9.5	9.5.1	GB_XPD_RSDV	Research and development expenditure as a proportion of GDP (%)	2019.Q3.G.01	776	Tonga	061	Polynesia	Country	TON	1	-175.1959991	-21.19511329																																
9	9.5	9.5.1	GB_XPD_RSDV	Research and development expenditure as a proportion of GDP (%)	2019.Q3.G.01	780	Trinidad and Tobago	029	Caribbean	Country	TTO	1	-61.29389504	10.41877263		PT	Percentage			G	Global		[2000,2008]:  Break in series with previous year for which data are available // [2001-2007,2009-2016]:  	Latin American Network on Science and Technology Indicators (RICYT)		C: Country data	0.11	0.1	0.13	0.12	0.11	0.11	0.07	0.06	0.03	0.06	0.05	0.04	0.04	0.06	0.08	0.09	0.09		0.09	2016
9	9.5	9.5.1	GB_XPD_RSDV	Research and development expenditure as a proportion of GDP (%)	2019.Q3.G.01	784	United Arab Emirates	145	Western Asia	Country	ARE	1	53.98279159	23.43322219		PT	Percentage			G	Global		[2011]:  Source: National Publication // [2014-2016]:  	UNESCO Institute for Statistics (UIS) Survey on Research and Experimental Development Statistics		C: Country data												0.49			0.69	0.9	0.96		0.96	2016
9	9.5	9.5.1	GB_XPD_RSDV	Research and development expenditure as a proportion of GDP (%)	2019.Q3.G.01	788	Tunisia	015	Northern Africa	Country	TUN	1	9.572737411	34.11439971		PT	Percentage			G	Global		 	UNESCO Institute for Statistics (UIS) Survey on Research and Experimental Development Statistics		C: Country data			0.54	0.65	0.73	0.71	0.68	0.67	0.64	0.71	0.69	0.71	0.68	0.67	0.65	0.63	0.6		0.6	2016
9	9.5	9.5.1	GB_XPD_RSDV	Research and development expenditure as a proportion of GDP (%)	2019.Q3.G.01	792	Turkey	145	Western Asia	Country	TUR	1	35.42890329	38.9899684		PT	Percentage			G	Global		 	Organisation for Economic Co-operation and Development (OECD): Research and Development Statistics (RDS) database		C: Country data	0.47	0.53	0.51	0.47	0.5	0.57	0.56	0.69	0.69	0.81	0.8	0.8	0.83	0.82	0.86	0.88			0.88	2015
9	9.5	9.5.1	GB_XPD_RSDV	Research and development expenditure as a proportion of GDP (%)	2019.Q3.G.01	795	Turkmenistan	143	Central Asia	Country	TKM	1	58.9787665	40.0912346																																
9	9.5	9.5.1	GB_XPD_RSDV	Research and development expenditure as a proportion of GDP (%)	2019.Q3.G.01	796	Turks and Caicos Islands	029	Caribbean	Country	TCA	0	-71.745121	21.80780585																																
9	9.5	9.5.1	GB_XPD_RSDV	Research and development expenditure as a proportion of GDP (%)	2019.Q3.G.01	798	Tuvalu	061	Polynesia	Country	TUV	1	178.6679611	-7.460048071																																
9	9.5	9.5.1	GB_XPD_RSDV	Research and development expenditure as a proportion of GDP (%)	2019.Q3.G.01	800	Uganda	014	Eastern Africa	Country	UGA	1	32.39100438	1.279557331		PT	Percentage			G	Global		[2002-2010]:   // [2014]:  Break in series with previous year for which data are available	[2002-2009,2014]: UNESCO Institute for Statistics (UIS) Survey on Research and Experimental Development Statistics // [2010]: African Science, Technology and Innovation Indicators (ASTII) Initiative of the African Union/NEPAD Planning and Coordinating Agency (AU/NPCA): African Innovation Outlook series		C: Country data			0.37	0.26	0.26	0.22	0.3	0.39	0.33	0.35	0.48				0.17				0.17	2014
9	9.5	9.5.1	GB_XPD_RSDV	Research and development expenditure as a proportion of GDP (%)	2019.Q3.G.01	804	Ukraine	151	Eastern Europe	Country	UKR	1	31.40270802	49.00735945		PT	Percentage			G	Global		[2000]:  Current costs only // [2001-2013]:   // [2014-2015,2017]:  Excluding data from some regions/provinces/states // [2016]:  Excluding data from some regions/provinces/states;Break in series with previous year for which data are available	UNESCO Institute for Statistics (UIS) Survey on Research and Experimental Development Statistics		C: Country data	0.96	1.02	1.0	1.11	1.08	1.03	0.95	0.85	0.85	0.86	0.83	0.74	0.75	0.76	0.65	0.61	0.48	0.45	0.45	2017
9	9.5	9.5.1	GB_XPD_RSDV	Research and development expenditure as a proportion of GDP (%)	2019.Q3.G.01	807	North Macedonia	039	Southern Europe	Country	MKD	1	21.7007909	41.60048068		PT	Percentage			G	Global		 	UNESCO Institute for Statistics (UIS) Survey on Research and Experimental Development Statistics		C: Country data	0.42	0.29	0.24	0.21	0.23	0.23	0.19	0.17	0.22	0.2	0.22	0.22	0.33	0.44	0.52	0.44	0.43	0.35	0.35	2017
9	9.5	9.5.1	GB_XPD_RSDV	Research and development expenditure as a proportion of GDP (%)	2019.Q3.G.01	818	Egypt	015	Northern Africa	Country	EGY	1	29.77468534	26.57438204		PT	Percentage			G	Global		[2000,2005-2008]:  Government only;Partial data // [2004]:  Government only;Partial data;Break in series with previous year for which data are available // [2009]:  Excluding Business enterprise;Excluding Private non-profit;Break in series with previous year for which data are available // [2010-2013]:  Excluding Business enterprise;Excluding Private non-profit // [2014-2017]:  	UNESCO Institute for Statistics (UIS) Survey on Research and Experimental Development Statistics		C: Country data	0.19				0.27	0.24	0.26	0.26	0.27	0.43	0.43	0.53	0.51	0.64	0.64	0.72	0.71	0.61	0.61	2017
9	9.5	9.5.1	GB_XPD_RSDV	Research and development expenditure as a proportion of GDP (%)	2019.Q3.G.01	826	United Kingdom of Great Britain and Northern Ireland	154	Northern Europe	Country	GBR	1	-2.23830539	53.27691757		PT	Percentage			G	Global		[2000-2007,2011,2013,2015]:   // [2008-2010,2012,2014]:  National estimation or based on National estimation // [2016]:  Provisional data	Organisation for Economic Co-operation and Development (OECD): Research and Development Statistics (RDS) database		C: Country data	1.63	1.62	1.63	1.59	1.55	1.56	1.59	1.63	1.63	1.69	1.67	1.67	1.6	1.65	1.67	1.67	1.69		1.69	2016
9	9.5	9.5.1	GB_XPD_RSDV	Research and development expenditure as a proportion of GDP (%)	2019.Q3.G.01	831	Guernsey	830	Channel Islands	Country	GGY	0	-2.200712402	49.71561166																																
9	9.5	9.5.1	GB_XPD_RSDV	Research and development expenditure as a proportion of GDP (%)	2019.Q3.G.01	832	Jersey	830	Channel Islands	Country	JEY	0	-2.136773508	49.22353354																																
9	9.5	9.5.1	GB_XPD_RSDV	Research and development expenditure as a proportion of GDP (%)	2019.Q3.G.01	833	Isle of Man	154	Northern Europe	Country	IMN	0	-4.538190305	54.22880901																																
9	9.5	9.5.1	GB_XPD_RSDV	Research and development expenditure as a proportion of GDP (%)	2019.Q3.G.01	834	United Republic of Tanzania	014	Eastern Africa	Country	TZA	1	34.80521182	-6.265332606		PT	Percentage			G	Global		[2007,2010]:  Excluding Business enterprise;Partial data;Source: Regional Publication // [2013]:  Excluding Business enterprise	[2007,2010]: African Science, Technology and Innovation Indicators (ASTII) Initiative of the African Union/NEPAD Planning and Coordinating Agency (AU/NPCA): African Innovation Outlook series // [2013]: UNESCO Institute for Statistics (UIS) Survey on Research and Experimental Development Statistics		C: Country data								0.34			0.38			0.53					0.53	2013
9	9.5	9.5.1	GB_XPD_RSDV	Research and development expenditure as a proportion of GDP (%)	2019.Q3.G.01	840	United States of America	021	Northern America	Country	USA	1	-99.13830311	39.5277871		PT	Percentage			G	Global		[2000-2002,2004-2014]:  Do not correspond exactly to Frascati Manual recommendation // [2003]:  Break in series with previous year for which data are available;Do not correspond exactly to Frascati Manual recommendation // [2015-2016]:  Do not correspond exactly to Frascati Manual recommendation;Provisional data	Organisation for Economic Co-operation and Development (OECD): Research and Development Statistics (RDS) database		C: Country data	2.62	2.64	2.55	2.55	2.49	2.51	2.55	2.63	2.77	2.82	2.74	2.77	2.69	2.72	2.73	2.74	2.74		2.74	2016
9	9.5	9.5.1	GB_XPD_RSDV	Research and development expenditure as a proportion of GDP (%)	2019.Q3.G.01	850	United States Virgin Islands	029	Caribbean	Country	VIR	0	-64.76960113	17.73297693		PT	Percentage			G	Global		[2002,2004-2007]:  Partial data // [2003]:  Partial data;Break in series with previous year for which data are available	UNESCO Institute for Statistics (UIS) Survey on Research and Experimental Development Statistics		C: Country data			0.07	0.04	0.03	0.03	0.03	0.03											0.03	2007
9	9.5	9.5.1	GB_XPD_RSDV	Research and development expenditure as a proportion of GDP (%)	2019.Q3.G.01	854	Burkina Faso	011	Western Africa	Country	BFA	1	-1.742843829	12.27491081		PT	Percentage			G	Global		[2001-2005]:  Partial data // [2007]:  Partial data;Break in series with previous year for which data are available // [2008-2009]:   // [2014]:  Excluding Business enterprise;Break in series with previous year for which data are available	UNESCO Institute for Statistics (UIS) Survey on Research and Experimental Development Statistics		C: Country data		0.19	0.34	0.27	0.24	0.17		0.11	0.19	0.2					0.22				0.22	2014
9	9.5	9.5.1	GB_XPD_RSDV	Research and development expenditure as a proportion of GDP (%)	2019.Q3.G.01	858	Uruguay	005	South America	Country	URY	1	-56.01387025	-32.8002838		PT	Percentage			G	Global		[2000,2002,2007-2016]:   // [2006]:  Break in series with previous year for which data are available	Latin American Network on Science and Technology Indicators (RICYT)		C: Country data	0.21		0.24				0.37	0.42	0.38	0.41	0.34	0.35	0.33	0.32	0.34	0.36	0.41		0.41	2016
9	9.5	9.5.1	GB_XPD_RSDV	Research and development expenditure as a proportion of GDP (%)	2019.Q3.G.01	860	Uzbekistan	143	Central Asia	Country	UZB	1	63.11944558	41.77560518		PT	Percentage			G	Global		 	UNESCO Institute for Statistics (UIS) Survey on Research and Experimental Development Statistics		C: Country data	0.36	0.35	0.29	0.27	0.27	0.24	0.22	0.22	0.19	0.2	0.2	0.19	0.2	0.2	0.2	0.21	0.22	0.19	0.19	2017
9	9.5	9.5.1	GB_XPD_RSDV	Research and development expenditure as a proportion of GDP (%)	2019.Q3.G.01	862	Venezuela (Bolivarian Republic of)	005	South America	Country	VEN	1	-66.15642084	7.121324748		PT	Percentage			G	Global		[2005-2015]:   // [2016]:  Break in series with previous year for which data are available	Latin American Network on Science and Technology Indicators (RICYT)		C: Country data						0.19	0.32	0.2	0.24	0.24	0.19	0.15	0.25	0.32	0.34	0.24	0.12		0.12	2016
9	9.5	9.5.1	GB_XPD_RSDV	Research and development expenditure as a proportion of GDP (%)	2019.Q3.G.01	876	Wallis and Futuna Islands	061	Polynesia	Country	WLF	0	-176.2034788	-13.28471201																																
9	9.5	9.5.1	GB_XPD_RSDV	Research and development expenditure as a proportion of GDP (%)	2019.Q3.G.01	882	Samoa	061	Polynesia	Country	WSM	1	-172.4430749	-13.61541469																																
9	9.5	9.5.1	GB_XPD_RSDV	Research and development expenditure as a proportion of GDP (%)	2019.Q3.G.01	887	Yemen	145	Western Asia	Country	YEM	1	45.22389143	15.22242099																																
9	9.5	9.5.1	GB_XPD_RSDV	Research and development expenditure as a proportion of GDP (%)	2019.Q3.G.01	894	Zambia	014	Eastern Africa	Country	ZMB	1	27.850329	-14.59701056		PT	Percentage			G	Global		[2002]:  Partial data;Break in series with previous year for which data are available // [2003-2005]:  Partial data // [2008]:  Source: Regional Publication;Break in series with previous year for which data are available	[2002-2005]: UNESCO Institute for Statistics (UIS) Survey on Research and Experimental Development Statistics // [2008]: African Science, Technology and Innovation Indicators (ASTII) Initiative of the African Union/NEPAD Planning and Coordinating Agency (AU/NPCA): African Innovation Outlook series		C: Country data			0.01	0.01	0.02	0.02			0.28										0.28	2008
