goal	target	indicator	seriesCode	seriesDesc	release	geoAreaCode	geoAreaName	parentCode	parentName	type	ISO3	UN_Member	X	Y	basePeriod	unitsCode	unitsDesc	unitmultiplierCode	unitmultiplierDesc	reportingTypeCode	reportingTypeDesc	valueDetails	footnotes	sources	timeDetails	nature	value_2000	value_2005	value_2010	value_2015	value_latest_year	latest_year
15	15.2	15.2.1	AG_LND_FRSTPRCT	Proportion of forest area within legally established protected areas (%)	2019.Q3.G.01	004	Afghanistan	034	Southern Asia	Country	AFG	1	66.02688198	33.83160199		PT	Percentage			G	Global	[2000]: NA // [2005]: NA // [2010]: NA // [2015]: NA	NA = A figure was not provided.	FAO, Global Forest Resources Assessment		E: Estimated data						2015
15	15.2	15.2.1	AG_LND_FRSTPRCT	Proportion of forest area within legally established protected areas (%)	2019.Q3.G.01	008	Albania	039	Southern Europe	Country	ALB	1	20.06660928	41.13897007		PT	Percentage			G	Global	[2015]: NA	[2000,2005,2010]: FAO Estimate // [2015]: NA = A figure was not provided.	FAO, Global Forest Resources Assessment		E: Estimated data	19.33895	22.17758	21.01102			2015
15	15.2	15.2.1	AG_LND_FRSTPRCT	Proportion of forest area within legally established protected areas (%)	2019.Q3.G.01	010	Antarctica	001	World	Country	ATA	0	21.47585697	-80.40897662																		
15	15.2	15.2.1	AG_LND_FRSTPRCT	Proportion of forest area within legally established protected areas (%)	2019.Q3.G.01	012	Algeria	015	Northern Africa	Country	DZA	1	2.678164227	28.15940032		PT	Percentage			G	Global		Country data submitted to FAO	FAO, Global Forest Resources Assessment		C: Country data	6.08384	6.08384	6.08384	6.08384	6.08384	2015
15	15.2	15.2.1	AG_LND_FRSTPRCT	Proportion of forest area within legally established protected areas (%)	2019.Q3.G.01	016	American Samoa	061	Polynesia	Country	ASM	0	-170.7187269	-14.30587306		PT	Percentage			G	Global		FAO Estimate	FAO, Global Forest Resources Assessment		E: Estimated data	0.0	0.0	0.0	0.0	0.0	2015
15	15.2	15.2.1	AG_LND_FRSTPRCT	Proportion of forest area within legally established protected areas (%)	2019.Q3.G.01	020	Andorra	039	Southern Europe	Country	AND	1	1.576257417	42.54548611		PT	Percentage			G	Global	[2000]: NA // [2005]: NA // [2010]: NA // [2015]: NA	NA = A figure was not provided.	FAO, Global Forest Resources Assessment		E: Estimated data						2015
15	15.2	15.2.1	AG_LND_FRSTPRCT	Proportion of forest area within legally established protected areas (%)	2019.Q3.G.01	024	Angola	017	Middle Africa	Country	AGO	1	17.57817062	-12.33724746		PT	Percentage			G	Global		Country data submitted to FAO	FAO, Global Forest Resources Assessment		C: Country data	3.21834	3.21834	3.21834	3.21834	3.21834	2015
15	15.2	15.2.1	AG_LND_FRSTPRCT	Proportion of forest area within legally established protected areas (%)	2019.Q3.G.01	028	Antigua and Barbuda	029	Caribbean	Country	ATG	1	-61.7999755	17.07761471		PT	Percentage			G	Global	[2000]: NA // [2005]: NA // [2010]: NA // [2015]: NA	NA = A figure was not provided.	FAO, Global Forest Resources Assessment		E: Estimated data						2015
15	15.2	15.2.1	AG_LND_FRSTPRCT	Proportion of forest area within legally established protected areas (%)	2019.Q3.G.01	031	Azerbaijan	145	Western Asia	Country	AZE	1	50.01064725	40.39229544		PT	Percentage			G	Global	[2000]: NA // [2005]: NA // [2010]: NA // [2015]: NA	NA = A figure was not provided.	FAO, Global Forest Resources Assessment		E: Estimated data						2015
15	15.2	15.2.1	AG_LND_FRSTPRCT	Proportion of forest area within legally established protected areas (%)	2019.Q3.G.01	032	Argentina	005	South America	Country	ARG	1	-65.14563274	-35.19446255		PT	Percentage			G	Global		Country data submitted to FAO	FAO, Global Forest Resources Assessment		C: Country data	4.26748	4.27855	4.27855	7.14075	7.14075	2015
15	15.2	15.2.1	AG_LND_FRSTPRCT	Proportion of forest area within legally established protected areas (%)	2019.Q3.G.01	036	Australia	053	Australia and New Zealand	Country	AUS	1	134.3499412	-25.57717202		PT	Percentage			G	Global		Country data submitted to FAO	FAO, Global Forest Resources Assessment		C: Country data	11.15422	13.63676	15.23916	17.17181	17.17181	2015
15	15.2	15.2.1	AG_LND_FRSTPRCT	Proportion of forest area within legally established protected areas (%)	2019.Q3.G.01	040	Austria	155	Western Europe	Country	AUT	1	14.14172472	47.58704857		PT	Percentage			G	Global		Country data submitted to FAO	FAO, Global Forest Resources Assessment		C: Country data	26.33755	17.03283	17.03283	17.03283	17.03283	2015
15	15.2	15.2.1	AG_LND_FRSTPRCT	Proportion of forest area within legally established protected areas (%)	2019.Q3.G.01	044	Bahamas	029	Caribbean	Country	BHS	1	-78.05111663	24.69546597		PT	Percentage			G	Global	[2000]: NA // [2005]: NA // [2010]: NA // [2015]: NA	NA = A figure was not provided.	FAO, Global Forest Resources Assessment		E: Estimated data						2015
15	15.2	15.2.1	AG_LND_FRSTPRCT	Proportion of forest area within legally established protected areas (%)	2019.Q3.G.01	048	Bahrain	145	Western Asia	Country	BHR	1	50.5490754	26.04407747		PT	Percentage			G	Global	[2000]: NA // [2005]: NA // [2010]: NA // [2015]: NA	NA = A figure was not provided.	FAO, Global Forest Resources Assessment		E: Estimated data						2015
15	15.2	15.2.1	AG_LND_FRSTPRCT	Proportion of forest area within legally established protected areas (%)	2019.Q3.G.01	050	Bangladesh	034	Southern Asia	Country	BGD	1	89.17660788	22.86961622		PT	Percentage			G	Global		Country data submitted to FAO	FAO, Global Forest Resources Assessment		C: Country data	15.88523	17.21484	17.35479	18.96431	18.96431	2015
15	15.2	15.2.1	AG_LND_FRSTPRCT	Proportion of forest area within legally established protected areas (%)	2019.Q3.G.01	051	Armenia	145	Western Asia	Country	ARM	1	44.93839317	40.29499741		PT	Percentage			G	Global	[2000]: NA // [2005]: NA // [2010]: NA // [2015]: NA	Country data submitted to FAO	FAO, Global Forest Resources Assessment		C: Country data						2015
15	15.2	15.2.1	AG_LND_FRSTPRCT	Proportion of forest area within legally established protected areas (%)	2019.Q3.G.01	052	Barbados	029	Caribbean	Country	BRB	1	-59.5346489	13.13648273		PT	Percentage			G	Global	[2000]: NA // [2005]: NA // [2010]: NA // [2015]: NA	Country data submitted to FAO	FAO, Global Forest Resources Assessment		C: Country data						2015
15	15.2	15.2.1	AG_LND_FRSTPRCT	Proportion of forest area within legally established protected areas (%)	2019.Q3.G.01	056	Belgium	155	Western Europe	Country	BEL	1	4.660976456	50.64104975		PT	Percentage			G	Global		Country data submitted to FAO	FAO, Global Forest Resources Assessment		C: Country data	3.9801	3.99473	3.84841	3.84841	3.84841	2015
15	15.2	15.2.1	AG_LND_FRSTPRCT	Proportion of forest area within legally established protected areas (%)	2019.Q3.G.01	060	Bermuda	021	Northern America	Country	BMU	0	-64.78155012	32.27881922		PT	Percentage			G	Global	[2000]: NA // [2005]: NA // [2010]: NA // [2015]: NA	NA = A figure was not provided.	FAO, Global Forest Resources Assessment		E: Estimated data						2015
15	15.2	15.2.1	AG_LND_FRSTPRCT	Proportion of forest area within legally established protected areas (%)	2019.Q3.G.01	064	Bhutan	034	Southern Asia	Country	BTN	1	90.45098484	27.39598568		PT	Percentage			G	Global		Country data submitted to FAO	FAO, Global Forest Resources Assessment		C: Country data	31.47475	31.72042	31.96613	32.21183	32.21183	2015
15	15.2	15.2.1	AG_LND_FRSTPRCT	Proportion of forest area within legally established protected areas (%)	2019.Q3.G.01	068	Bolivia (Plurinational State of)	005	South America	Country	BOL	1	-64.66224284	-16.71273412		PT	Percentage			G	Global	[2000]: NA	Country data submitted to FAO	FAO, Global Forest Resources Assessment		C: Country data		19.50186	19.50186	19.50186	19.50186	2015
15	15.2	15.2.1	AG_LND_FRSTPRCT	Proportion of forest area within legally established protected areas (%)	2019.Q3.G.01	070	Bosnia and Herzegovina	039	Southern Europe	Country	BIH	1	17.78584332	44.16845548		PT	Percentage			G	Global	[2000]: NA // [2005]: NA // [2010]: NA // [2015]: NA	NA = A figure was not provided.	FAO, Global Forest Resources Assessment		E: Estimated data						2015
15	15.2	15.2.1	AG_LND_FRSTPRCT	Proportion of forest area within legally established protected areas (%)	2019.Q3.G.01	072	Botswana	018	Southern Africa	Country	BWA	1	23.81380223	-22.18810073		PT	Percentage			G	Global		[2000,2005,2010]: Country data submitted to FAO, Data rounded to 100% // [2015]: Country data submitted to FAO	FAO, Global Forest Resources Assessment		C: Country data	100.0	100.0	100.0	100.0	100.0	2015
15	15.2	15.2.1	AG_LND_FRSTPRCT	Proportion of forest area within legally established protected areas (%)	2019.Q3.G.01	074	Bouvet Island	005	South America	Country	BVT	0	3.410732868	-54.43295905																		
15	15.2	15.2.1	AG_LND_FRSTPRCT	Proportion of forest area within legally established protected areas (%)	2019.Q3.G.01	076	Brazil	005	South America	Country	BRA	1	-53.08432878	-10.77668561		PT	Percentage			G	Global		Country data submitted to FAO	FAO, Global Forest Resources Assessment		C: Country data	30.93014	37.59873	41.48353	41.78543	41.78543	2015
15	15.2	15.2.1	AG_LND_FRSTPRCT	Proportion of forest area within legally established protected areas (%)	2019.Q3.G.01	084	Belize	013	Central America	Country	BLZ	1	-88.70199554	17.19965901		PT	Percentage			G	Global	[2000]: NA // [2005]: NA // [2010]: NA // [2015]: NA	NA = A figure was not provided.	FAO, Global Forest Resources Assessment		E: Estimated data						2015
15	15.2	15.2.1	AG_LND_FRSTPRCT	Proportion of forest area within legally established protected areas (%)	2019.Q3.G.01	086	British Indian Ocean Territory	014	Eastern Africa	Country	IOT	0	72.38715553	-7.299281071		PT	Percentage			G	Global	[2000]: NA // [2005]: NA // [2010]: NA // [2015]: NA	No Data; Not relevant	FAO, Global Forest Resources Assessment		N: Non-relevant						2015
15	15.2	15.2.1	AG_LND_FRSTPRCT	Proportion of forest area within legally established protected areas (%)	2019.Q3.G.01	090	Solomon Islands	054	Melanesia	Country	SLB	1	160.1584117	-9.622391719		PT	Percentage			G	Global		FAO Estimate	FAO, Global Forest Resources Assessment		E: Estimated data	0.0	0.0	0.0	0.0	0.0	2015
15	15.2	15.2.1	AG_LND_FRSTPRCT	Proportion of forest area within legally established protected areas (%)	2019.Q3.G.01	092	British Virgin Islands	029	Caribbean	Country	VGB	0	-64.63294223	18.42256578		PT	Percentage			G	Global	[2000]: NA // [2005]: NA // [2010]: NA // [2015]: NA	NA = A figure was not provided.	FAO, Global Forest Resources Assessment		E: Estimated data						2015
15	15.2	15.2.1	AG_LND_FRSTPRCT	Proportion of forest area within legally established protected areas (%)	2019.Q3.G.01	096	Brunei Darussalam	035	South-Eastern Asia	Country	BRN	1	114.6288563	4.49736984		PT	Percentage			G	Global		FAO Estimate	FAO, Global Forest Resources Assessment		E: Estimated data	5.0	5.0	5.0	5.0	5.0	2015
15	15.2	15.2.1	AG_LND_FRSTPRCT	Proportion of forest area within legally established protected areas (%)	2019.Q3.G.01	100	Bulgaria	151	Eastern Europe	Country	BGR	1	25.23763153	42.75731323		PT	Percentage			G	Global	[2015]: NA	Country data submitted to FAO	FAO, Global Forest Resources Assessment		C: Country data	6.40858	7.29793	14.96207			2015
15	15.2	15.2.1	AG_LND_FRSTPRCT	Proportion of forest area within legally established protected areas (%)	2019.Q3.G.01	104	Myanmar	035	South-Eastern Asia	Country	MMR	1	96.51752295	21.19332882		PT	Percentage			G	Global		Country data submitted to FAO	FAO, Global Forest Resources Assessment		C: Country data	4.20096	16.87614	7.16573	15.37826	15.37826	2015
15	15.2	15.2.1	AG_LND_FRSTPRCT	Proportion of forest area within legally established protected areas (%)	2019.Q3.G.01	108	Burundi	014	Eastern Africa	Country	BDI	1	29.89080992	-3.366387428		PT	Percentage			G	Global		Country data submitted to FAO	FAO, Global Forest Resources Assessment		C: Country data	37.31884	37.31884	50.58333	56.38043	56.38043	2015
15	15.2	15.2.1	AG_LND_FRSTPRCT	Proportion of forest area within legally established protected areas (%)	2019.Q3.G.01	112	Belarus	151	Eastern Europe	Country	BLR	1	28.04940161	53.54193075		PT	Percentage			G	Global		Country data submitted to FAO	FAO, Global Forest Resources Assessment		C: Country data	5.64082	13.67927	13.99201	15.86031	15.86031	2015
15	15.2	15.2.1	AG_LND_FRSTPRCT	Proportion of forest area within legally established protected areas (%)	2019.Q3.G.01	116	Cambodia	035	South-Eastern Asia	Country	KHM	1	104.922836	12.71163737		PT	Percentage			G	Global		Country data submitted to FAO	FAO, Global Forest Resources Assessment		C: Country data	33.66818	33.18177	32.69536	32.69536	32.69536	2015
15	15.2	15.2.1	AG_LND_FRSTPRCT	Proportion of forest area within legally established protected areas (%)	2019.Q3.G.01	120	Cameroon	017	Middle Africa	Country	CMR	1	12.7419827	5.692387031		PT	Percentage			G	Global		Country data submitted to FAO	FAO, Global Forest Resources Assessment		C: Country data	31.88776	33.87011	48.38967	48.38967	48.38967	2015
15	15.2	15.2.1	AG_LND_FRSTPRCT	Proportion of forest area within legally established protected areas (%)	2019.Q3.G.01	124	Canada	021	Northern America	Country	CAN	1	-101.6575058	57.72360191		PT	Percentage			G	Global		Country data submitted to FAO	FAO, Global Forest Resources Assessment		C: Country data	6.89315	6.89315	6.89315	6.89315	6.89315	2015
15	15.2	15.2.1	AG_LND_FRSTPRCT	Proportion of forest area within legally established protected areas (%)	2019.Q3.G.01	132	Cabo Verde	011	Western Africa	Country	CPV	1	-23.63544151	15.07791834		PT	Percentage			G	Global		Country data submitted to FAO	FAO, Global Forest Resources Assessment		C: Country data	3.84414	3.84414	3.84414	3.84414	3.84414	2015
15	15.2	15.2.1	AG_LND_FRSTPRCT	Proportion of forest area within legally established protected areas (%)	2019.Q3.G.01	136	Cayman Islands	029	Caribbean	Country	CYM	0	-81.16740559	19.32266656		PT	Percentage			G	Global	[2000]: NA // [2005]: NA // [2010]: NA // [2015]: NA	NA = A figure was not provided.	FAO, Global Forest Resources Assessment		E: Estimated data						2015
15	15.2	15.2.1	AG_LND_FRSTPRCT	Proportion of forest area within legally established protected areas (%)	2019.Q3.G.01	140	Central African Republic	017	Middle Africa	Country	CAF	1	20.93559492	7.003720791		PT	Percentage			G	Global		Country data submitted to FAO	FAO, Global Forest Resources Assessment		C: Country data	1.11412	1.11412	1.11412	1.11412	1.11412	2015
15	15.2	15.2.1	AG_LND_FRSTPRCT	Proportion of forest area within legally established protected areas (%)	2019.Q3.G.01	144	Sri Lanka	034	Southern Asia	Country	LKA	1	80.70489654	7.614693343		PT	Percentage			G	Global	[2000]: NA // [2005]: NA // [2010]: NA // [2015]: NA	Country data submitted to FAO	FAO, Global Forest Resources Assessment		C: Country data						2015
15	15.2	15.2.1	AG_LND_FRSTPRCT	Proportion of forest area within legally established protected areas (%)	2019.Q3.G.01	148	Chad	017	Middle Africa	Country	TCD	1	18.66618401	15.36279341		PT	Percentage			G	Global	[2000]: NA // [2005]: NA // [2010]: NA // [2015]: NA	Country data submitted to FAO	FAO, Global Forest Resources Assessment		C: Country data						2015
15	15.2	15.2.1	AG_LND_FRSTPRCT	Proportion of forest area within legally established protected areas (%)	2019.Q3.G.01	152	Chile	005	South America	Country	CHL	1	-71.23029019	-35.2652885		PT	Percentage			G	Global		Country data submitted to FAO	FAO, Global Forest Resources Assessment		C: Country data	22.07499	22.50916	22.50916	20.84579	20.84579	2015
15	15.2	15.2.1	AG_LND_FRSTPRCT	Proportion of forest area within legally established protected areas (%)	2019.Q3.G.01	156	China	030	Eastern Asia	Country	CHN	1	104.1403375	32.30955217		PT	Percentage			G	Global		Country data submitted to FAO	FAO, Global Forest Resources Assessment		C: Country data	7.78096	11.43973	12.97097	13.48734	13.48734	2015
15	15.2	15.2.1	AG_LND_FRSTPRCT	Proportion of forest area within legally established protected areas (%)	2019.Q3.G.01	162	Christmas Island	053	Australia and New Zealand	Country	CXR	0	105.6426067	-10.4882473		PT	Percentage			G	Global	[2000]: NA // [2005]: NA // [2010]: NA // [2015]: NA	No Data; Not relevant	FAO, Global Forest Resources Assessment		N: Non-relevant						2015
15	15.2	15.2.1	AG_LND_FRSTPRCT	Proportion of forest area within legally established protected areas (%)	2019.Q3.G.01	166	Cocos (Keeling) Islands	053	Australia and New Zealand	Country	CCK	0	96.82633757	-12.18600682		PT	Percentage			G	Global	[2000]: NA // [2005]: NA // [2010]: NA // [2015]: NA	No Data; Not relevant	FAO, Global Forest Resources Assessment		N: Non-relevant						2015
15	15.2	15.2.1	AG_LND_FRSTPRCT	Proportion of forest area within legally established protected areas (%)	2019.Q3.G.01	170	Colombia	005	South America	Country	COL	1	-73.07446751	3.888209046		PT	Percentage			G	Global		Country data submitted to FAO	FAO, Global Forest Resources Assessment		C: Country data	12.42736	14.40296	16.93924	17.98801	17.98801	2015
15	15.2	15.2.1	AG_LND_FRSTPRCT	Proportion of forest area within legally established protected areas (%)	2019.Q3.G.01	174	Comoros	014	Eastern Africa	Country	COM	1	43.34234565	-11.66121732		PT	Percentage			G	Global		FAO Estimate	FAO, Global Forest Resources Assessment		E: Estimated data	0.0	0.0	0.0	0.0	0.0	2015
15	15.2	15.2.1	AG_LND_FRSTPRCT	Proportion of forest area within legally established protected areas (%)	2019.Q3.G.01	175	Mayotte	014	Eastern Africa	Country	MYT	0	45.14015057	-12.82217691		PT	Percentage			G	Global	[2000]: NA // [2005]: NA // [2010]: NA	[2000,2005,2010]: NA = A figure was not provided. // [2015]: FAO Estimate	FAO, Global Forest Resources Assessment		E: Estimated data				31.4433	31.4433	2015
15	15.2	15.2.1	AG_LND_FRSTPRCT	Proportion of forest area within legally established protected areas (%)	2019.Q3.G.01	178	Congo	011	Western Africa	Country	COG	1	15.22052612	-0.840544119		PT	Percentage			G	Global		Country data submitted to FAO	FAO, Global Forest Resources Assessment		C: Country data	4.45061	4.4327	4.41479	4.41479	4.41479	2015
15	15.2	15.2.1	AG_LND_FRSTPRCT	Proportion of forest area within legally established protected areas (%)	2019.Q3.G.01	180	Democratic Republic of the Congo	017	Middle Africa	Country	COD	1	23.65496507	-2.877154732		PT	Percentage			G	Global	[2000]: NA // [2005]: NA	Country data submitted to FAO	FAO, Global Forest Resources Assessment		C: Country data			10.68109	15.92431	15.92431	2015
15	15.2	15.2.1	AG_LND_FRSTPRCT	Proportion of forest area within legally established protected areas (%)	2019.Q3.G.01	184	Cook Islands	061	Polynesia	Country	COK	0	-159.7711391	-21.22696458		PT	Percentage			G	Global	[2000]: NA // [2005]: NA // [2010]: NA // [2015]: NA	Country data submitted to FAO	FAO, Global Forest Resources Assessment		C: Country data						2015
15	15.2	15.2.1	AG_LND_FRSTPRCT	Proportion of forest area within legally established protected areas (%)	2019.Q3.G.01	188	Costa Rica	013	Central America	Country	CRI	1	-84.19712782	9.970998683		PT	Percentage			G	Global	[2000]: NA // [2005]: NA // [2010]: NA	Country data submitted to FAO	FAO, Global Forest Resources Assessment		C: Country data				49.14731	49.14731	2015
15	15.2	15.2.1	AG_LND_FRSTPRCT	Proportion of forest area within legally established protected areas (%)	2019.Q3.G.01	191	Croatia	039	Southern Europe	Country	HRV	1	17.95874553	45.45172212		PT	Percentage			G	Global		Country data submitted to FAO	FAO, Global Forest Resources Assessment		C: Country data	2.02914	2.44537	2.80957	2.80957	2.80957	2015
15	15.2	15.2.1	AG_LND_FRSTPRCT	Proportion of forest area within legally established protected areas (%)	2019.Q3.G.01	192	Cuba	029	Caribbean	Country	CUB	1	-79.54460144	22.10030366		PT	Percentage			G	Global		Country data submitted to FAO	FAO, Global Forest Resources Assessment		C: Country data	12.3125	15.4375	18.0	20.25	20.25	2015
15	15.2	15.2.1	AG_LND_FRSTPRCT	Proportion of forest area within legally established protected areas (%)	2019.Q3.G.01	196	Cyprus	145	Western Asia	Country	CYP	1	33.22285964	35.05659437		PT	Percentage			G	Global		Country data submitted to FAO	FAO, Global Forest Resources Assessment		C: Country data	8.08975	9.74812	9.74812	9.74812	9.74812	2015
15	15.2	15.2.1	AG_LND_FRSTPRCT	Proportion of forest area within legally established protected areas (%)	2019.Q3.G.01	203	Czechia	151	Eastern Europe	Country	CZE	1	15.33151382	49.73913871		PT	Percentage			G	Global		Country data submitted to FAO	FAO, Global Forest Resources Assessment		C: Country data	26.24672	27.59655	27.52156	27.85902	27.85902	2015
15	15.2	15.2.1	AG_LND_FRSTPRCT	Proportion of forest area within legally established protected areas (%)	2019.Q3.G.01	204	Benin	011	Western Africa	Country	BEN	1	2.339933594	9.65401646		PT	Percentage			G	Global		Country data submitted to FAO	FAO, Global Forest Resources Assessment		C: Country data	58.50151	58.50151	58.50151	58.50151	58.50151	2015
15	15.2	15.2.1	AG_LND_FRSTPRCT	Proportion of forest area within legally established protected areas (%)	2019.Q3.G.01	208	Denmark	154	Northern Europe	Country	DNK	1	9.326571283	56.03829721		PT	Percentage			G	Global		Country data submitted to FAO	FAO, Global Forest Resources Assessment		C: Country data	3.5936	5.71709	5.88043	5.88043	5.88043	2015
15	15.2	15.2.1	AG_LND_FRSTPRCT	Proportion of forest area within legally established protected areas (%)	2019.Q3.G.01	212	Dominica	029	Caribbean	Country	DMA	1	-61.3493756	15.43391378		PT	Percentage			G	Global	[2000]: NA // [2005]: NA // [2010]: NA // [2015]: NA	NA = A figure was not provided.	FAO, Global Forest Resources Assessment		E: Estimated data						2015
15	15.2	15.2.1	AG_LND_FRSTPRCT	Proportion of forest area within legally established protected areas (%)	2019.Q3.G.01	214	Dominican Republic	029	Caribbean	Country	DOM	1	-70.49847576	18.89832088		PT	Percentage			G	Global	[2000]: NA // [2005]: NA // [2010]: NA // [2015]: NA	Country data submitted to FAO	FAO, Global Forest Resources Assessment		C: Country data						2015
15	15.2	15.2.1	AG_LND_FRSTPRCT	Proportion of forest area within legally established protected areas (%)	2019.Q3.G.01	218	Ecuador	005	South America	Country	ECU	1	-78.37005241	-1.447785891		PT	Percentage			G	Global		Country data submitted to FAO	FAO, Global Forest Resources Assessment		C: Country data	25.1047	25.3809	25.65711	25.93331	25.93331	2015
15	15.2	15.2.1	AG_LND_FRSTPRCT	Proportion of forest area within legally established protected areas (%)	2019.Q3.G.01	222	El Salvador	013	Central America	Country	SLV	1	-88.86862995	13.73603564		PT	Percentage			G	Global		Country data submitted to FAO	FAO, Global Forest Resources Assessment		C: Country data	12.07547	12.07547	12.07547	12.07547	12.07547	2015
15	15.2	15.2.1	AG_LND_FRSTPRCT	Proportion of forest area within legally established protected areas (%)	2019.Q3.G.01	226	Equatorial Guinea	017	Middle Africa	Country	GNQ	1	10.46535826	1.565792376		PT	Percentage			G	Global		Country data submitted to FAO	FAO, Global Forest Resources Assessment		C: Country data	17.47449	17.47449	17.47449	17.47449	17.47449	2015
15	15.2	15.2.1	AG_LND_FRSTPRCT	Proportion of forest area within legally established protected areas (%)	2019.Q3.G.01	231	Ethiopia	014	Eastern Africa	Country	ETH	1	39.63505296	8.631223181		PT	Percentage			G	Global	[2000]: NA // [2005]: NA // [2010]: NA // [2015]: NA	Country data submitted to FAO	FAO, Global Forest Resources Assessment		C: Country data						2015
15	15.2	15.2.1	AG_LND_FRSTPRCT	Proportion of forest area within legally established protected areas (%)	2019.Q3.G.01	232	Eritrea	014	Eastern Africa	Country	ERI	1	38.11074289	16.12894644		PT	Percentage			G	Global	[2000]: NA // [2005]: NA	[2000,2005]: NA = A figure was not provided. // [2010,2015]: FAO Estimate	FAO, Global Forest Resources Assessment		E: Estimated data			3.64238	3.64238	3.64238	2015
15	15.2	15.2.1	AG_LND_FRSTPRCT	Proportion of forest area within legally established protected areas (%)	2019.Q3.G.01	233	Estonia	154	Northern Europe	Country	EST	1	25.84093481	58.68487172		PT	Percentage			G	Global		Country data submitted to FAO	FAO, Global Forest Resources Assessment		C: Country data	6.3172	8.28853	10.21505	10.70789	10.70789	2015
15	15.2	15.2.1	AG_LND_FRSTPRCT	Proportion of forest area within legally established protected areas (%)	2019.Q3.G.01	234	Faroe Islands	154	Northern Europe	Country	FRO	0	-7.122044325	62.21228119		PT	Percentage			G	Global	[2000]: NA // [2005]: NA // [2010]: NA // [2015]: NA	NA = A figure was not provided.	FAO, Global Forest Resources Assessment		E: Estimated data						2015
15	15.2	15.2.1	AG_LND_FRSTPRCT	Proportion of forest area within legally established protected areas (%)	2019.Q3.G.01	238	Falkland Islands (Malvinas)	005	South America	Country	FLK	0	-58.75246778	-51.74562601		PT	Percentage			G	Global	[2000]: NA // [2005]: NA // [2010]: NA // [2015]: NA	NA = A figure was not provided.	FAO, Global Forest Resources Assessment		E: Estimated data						2015
15	15.2	15.2.1	AG_LND_FRSTPRCT	Proportion of forest area within legally established protected areas (%)	2019.Q3.G.01	239	South Georgia and the South Sandwich Islands	005	South America	Country	SGS	0	-36.90662765	-54.20736749		PT	Percentage			G	Global	[2000]: NA // [2005]: NA // [2010]: NA // [2015]: NA	No Data; Not relevant	FAO, Global Forest Resources Assessment		N: Non-relevant						2015
15	15.2	15.2.1	AG_LND_FRSTPRCT	Proportion of forest area within legally established protected areas (%)	2019.Q3.G.01	242	Fiji	054	Melanesia	Country	FJI	1	177.9660884	-17.83301566		PT	Percentage			G	Global		Country data submitted to FAO	FAO, Global Forest Resources Assessment		C: Country data	29.88611	29.88611	5.50534	5.50534	5.50534	2015
15	15.2	15.2.1	AG_LND_FRSTPRCT	Proportion of forest area within legally established protected areas (%)	2019.Q3.G.01	246	Finland	154	Northern Europe	Country	FIN	1	23.308447	61.91586738		PT	Percentage			G	Global		Country data submitted to FAO	FAO, Global Forest Resources Assessment		C: Country data	16.30292	17.38336	17.68303	17.68303	17.68303	2015
15	15.2	15.2.1	AG_LND_FRSTPRCT	Proportion of forest area within legally established protected areas (%)	2019.Q3.G.01	248	Åland Islands	154	Northern Europe	Country	ALA	0	19.80945969	60.1544901		PT	Percentage			G	Global	[2000]: NA // [2005]: NA // [2010]: NA // [2015]: NA	No Data; Not relevant	FAO, Global Forest Resources Assessment		N: Non-relevant						2015
15	15.2	15.2.1	AG_LND_FRSTPRCT	Proportion of forest area within legally established protected areas (%)	2019.Q3.G.01	250	France	155	Western Europe	Country	FRA	1	2.457288129	46.62660861		PT	Percentage			G	Global	[2000]: NA // [2005]: NA // [2015]: NA	Country data submitted to FAO	FAO, Global Forest Resources Assessment		C: Country data			2.87245			2015
15	15.2	15.2.1	AG_LND_FRSTPRCT	Proportion of forest area within legally established protected areas (%)	2019.Q3.G.01	254	French Guiana	005	South America	Country	GUF	0	-53.23619089	3.922673437		PT	Percentage			G	Global		Country data submitted to FAO	FAO, Global Forest Resources Assessment		C: Country data	0.0492	0.0492	29.7417	28.79459	28.79459	2015
15	15.2	15.2.1	AG_LND_FRSTPRCT	Proportion of forest area within legally established protected areas (%)	2019.Q3.G.01	258	French Polynesia	061	Polynesia	Country	PYF	0	-149.4052367	-17.67709294		PT	Percentage			G	Global	[2000]: NA	[2000]: NA = A figure was not provided. // [2005,2010,2015]: FAO Estimate	FAO, Global Forest Resources Assessment		E: Estimated data		4.51613	4.51613	4.51613	4.51613	2015
15	15.2	15.2.1	AG_LND_FRSTPRCT	Proportion of forest area within legally established protected areas (%)	2019.Q3.G.01	260	French Southern Territories	014	Eastern Africa	Country	ATF	0	69.64849091	-49.6068576		PT	Percentage			G	Global	[2000]: NA // [2005]: NA // [2010]: NA // [2015]: NA	No Data; Not relevant	FAO, Global Forest Resources Assessment		N: Non-relevant						2015
15	15.2	15.2.1	AG_LND_FRSTPRCT	Proportion of forest area within legally established protected areas (%)	2019.Q3.G.01	262	Djibouti	014	Eastern Africa	Country	DJI	1	42.18274707	11.56004161		PT	Percentage			G	Global		FAO Estimate	FAO, Global Forest Resources Assessment		E: Estimated data	0.0	0.0	0.0	0.0	0.0	2015
15	15.2	15.2.1	AG_LND_FRSTPRCT	Proportion of forest area within legally established protected areas (%)	2019.Q3.G.01	266	Gabon	017	Middle Africa	Country	GAB	1	11.78727747	-0.60687619		PT	Percentage			G	Global		Country data submitted to FAO	FAO, Global Forest Resources Assessment		C: Country data	12.61739	13.07391	14.93043	16.76957	16.76957	2015
15	15.2	15.2.1	AG_LND_FRSTPRCT	Proportion of forest area within legally established protected areas (%)	2019.Q3.G.01	268	Georgia	145	Western Asia	Country	GEO	1	43.3713615	42.04813028		PT	Percentage			G	Global		Country data submitted to FAO	FAO, Global Forest Resources Assessment		C: Country data	9.69742	9.69742	9.69742	9.69742	9.69742	2015
15	15.2	15.2.1	AG_LND_FRSTPRCT	Proportion of forest area within legally established protected areas (%)	2019.Q3.G.01	270	Gambia	011	Western Africa	Country	GMB	1	-15.39944785	13.45295927		PT	Percentage			G	Global		Country data submitted to FAO	FAO, Global Forest Resources Assessment		C: Country data	7.33607	8.56557	8.81148	8.97541	8.97541	2015
15	15.2	15.2.1	AG_LND_FRSTPRCT	Proportion of forest area within legally established protected areas (%)	2019.Q3.G.01	275	State of Palestine	145	Western Asia	Country	PSE	0	35.25694122	31.94347933		PT	Percentage			G	Global	[2000]: NA // [2005]: NA // [2010]: NA // [2015]: NA	NA = A figure was not provided.	FAO, Global Forest Resources Assessment		E: Estimated data						2015
15	15.2	15.2.1	AG_LND_FRSTPRCT	Proportion of forest area within legally established protected areas (%)	2019.Q3.G.01	276	Germany	155	Western Europe	Country	DEU	1	10.3806066	51.08862743		PT	Percentage			G	Global	[2000]: NA	Country data submitted to FAO	FAO, Global Forest Resources Assessment		C: Country data		25.37	28.95175	28.95175	28.95175	2015
15	15.2	15.2.1	AG_LND_FRSTPRCT	Proportion of forest area within legally established protected areas (%)	2019.Q3.G.01	288	Ghana	011	Western Africa	Country	GHA	1	-1.205623522	7.964825185		PT	Percentage			G	Global		Country data submitted to FAO	FAO, Global Forest Resources Assessment		C: Country data	0.46053	1.39231	1.39231	1.39231	1.39231	2015
15	15.2	15.2.1	AG_LND_FRSTPRCT	Proportion of forest area within legally established protected areas (%)	2019.Q3.G.01	292	Gibraltar	039	Southern Europe	Country	GIB	0	-5.347561686	36.13895036		PT	Percentage			G	Global	[2000]: NA // [2005]: NA // [2010]: NA // [2015]: NA	NA = A figure was not provided.	FAO, Global Forest Resources Assessment		E: Estimated data						2015
15	15.2	15.2.1	AG_LND_FRSTPRCT	Proportion of forest area within legally established protected areas (%)	2019.Q3.G.01	296	Kiribati	057	Micronesia	Country	KIR	1	-157.5643005	1.768837732		PT	Percentage			G	Global	[2000]: NA // [2005]: NA // [2010]: NA // [2015]: NA	NA = A figure was not provided.	FAO, Global Forest Resources Assessment		E: Estimated data						2015
15	15.2	15.2.1	AG_LND_FRSTPRCT	Proportion of forest area within legally established protected areas (%)	2019.Q3.G.01	300	Greece	039	Southern Europe	Country	GRC	1	22.58307827	39.47301873		PT	Percentage			G	Global		FAO Estimate	FAO, Global Forest Resources Assessment		E: Estimated data	3.74938	3.92205	4.04539	4.04539	4.04539	2015
15	15.2	15.2.1	AG_LND_FRSTPRCT	Proportion of forest area within legally established protected areas (%)	2019.Q3.G.01	304	Greenland	021	Northern America	Country	GRL	0	-41.39371316	74.75625681		PT	Percentage			G	Global	[2000]: NA // [2005]: NA // [2010]: NA // [2015]: NA	NA = A figure was not provided.	FAO, Global Forest Resources Assessment		E: Estimated data						2015
15	15.2	15.2.1	AG_LND_FRSTPRCT	Proportion of forest area within legally established protected areas (%)	2019.Q3.G.01	308	Grenada	029	Caribbean	Country	GRD	1	-61.68248568	12.11238395		PT	Percentage			G	Global		FAO Estimate	FAO, Global Forest Resources Assessment		E: Estimated data	13.65509	13.65509	13.65509	13.65509	13.65509	2015
15	15.2	15.2.1	AG_LND_FRSTPRCT	Proportion of forest area within legally established protected areas (%)	2019.Q3.G.01	312	Guadeloupe	029	Caribbean	Country	GLP	0	-61.64762115	16.14416917		PT	Percentage			G	Global		Country data submitted to FAO	FAO, Global Forest Resources Assessment		C: Country data	20.14099	20.14099	20.14099	32.86897	32.86897	2015
15	15.2	15.2.1	AG_LND_FRSTPRCT	Proportion of forest area within legally established protected areas (%)	2019.Q3.G.01	316	Guam	057	Micronesia	Country	GUM	0	144.7029305	13.35485404		PT	Percentage			G	Global	[2000]: NA // [2005]: NA // [2010]: NA // [2015]: NA	NA = A figure was not provided.	FAO, Global Forest Resources Assessment		E: Estimated data						2015
15	15.2	15.2.1	AG_LND_FRSTPRCT	Proportion of forest area within legally established protected areas (%)	2019.Q3.G.01	320	Guatemala	013	Central America	Country	GTM	1	-91.2312746	15.00273719		PT	Percentage			G	Global		Country data submitted to FAO	FAO, Global Forest Resources Assessment		C: Country data	62.34463	57.48588	54.68927	51.9774	51.9774	2015
15	15.2	15.2.1	AG_LND_FRSTPRCT	Proportion of forest area within legally established protected areas (%)	2019.Q3.G.01	324	Guinea	011	Western Africa	Country	GIN	1	-11.28173419	11.00210343		PT	Percentage			G	Global		Country data submitted to FAO	FAO, Global Forest Resources Assessment		C: Country data	3.80264	3.80264	3.80264	3.80264	3.80264	2015
15	15.2	15.2.1	AG_LND_FRSTPRCT	Proportion of forest area within legally established protected areas (%)	2019.Q3.G.01	328	Guyana	005	South America	Country	GUY	1	-58.97322037	4.788012784		PT	Percentage			G	Global		Country data submitted to FAO	FAO, Global Forest Resources Assessment		C: Country data	0.91371	0.91371	11.37601	11.37601	11.37601	2015
15	15.2	15.2.1	AG_LND_FRSTPRCT	Proportion of forest area within legally established protected areas (%)	2019.Q3.G.01	332	Haiti	029	Caribbean	Country	HTI	1	-72.33640958	18.40426539		PT	Percentage			G	Global		Country data submitted to FAO	FAO, Global Forest Resources Assessment		C: Country data	4.12371	4.12371	4.12371	4.12371	4.12371	2015
15	15.2	15.2.1	AG_LND_FRSTPRCT	Proportion of forest area within legally established protected areas (%)	2019.Q3.G.01	334	Heard Island and McDonald Islands	053	Australia and New Zealand	Country	HMD	0	73.52633626	-53.09106147		PT	Percentage			G	Global	[2000]: NA // [2005]: NA // [2010]: NA // [2015]: NA	No Data; Not relevant	FAO, Global Forest Resources Assessment		N: Non-relevant						2015
15	15.2	15.2.1	AG_LND_FRSTPRCT	Proportion of forest area within legally established protected areas (%)	2019.Q3.G.01	336	Holy See	039	Southern Europe	Country	VAT	0	12.45315803	41.90343751		PT	Percentage			G	Global	[2000]: NA // [2005]: NA // [2010]: NA // [2015]: NA	NA = A figure was not provided.	FAO, Global Forest Resources Assessment		E: Estimated data						2015
15	15.2	15.2.1	AG_LND_FRSTPRCT	Proportion of forest area within legally established protected areas (%)	2019.Q3.G.01	340	Honduras	013	Central America	Country	HND	1	-86.59974381	14.82243161		PT	Percentage			G	Global	[2000]: NA	Country data submitted to FAO	FAO, Global Forest Resources Assessment		C: Country data		50.8493	50.8493	50.8493	50.8493	2015
15	15.2	15.2.1	AG_LND_FRSTPRCT	Proportion of forest area within legally established protected areas (%)	2019.Q3.G.01	344	China, Hong Kong Special Administrative Region	030	Eastern Asia	Country	HKG	0	114.0266445	22.41749934		PT	Percentage			G	Global	[2000]: NA // [2005]: NA // [2010]: NA // [2015]: NA	No Data; Not relevant	FAO, Global Forest Resources Assessment		N: Non-relevant						2015
15	15.2	15.2.1	AG_LND_FRSTPRCT	Proportion of forest area within legally established protected areas (%)	2019.Q3.G.01	348	Hungary	151	Eastern Europe	Country	HUN	1	19.41221519	47.1651448		PT	Percentage			G	Global		Country data submitted to FAO	FAO, Global Forest Resources Assessment		C: Country data	16.32673	20.49299	42.14596	42.29096	42.29096	2015
15	15.2	15.2.1	AG_LND_FRSTPRCT	Proportion of forest area within legally established protected areas (%)	2019.Q3.G.01	352	Iceland	154	Northern Europe	Country	ISL	1	-19.02116966	64.79134763		PT	Percentage			G	Global		Country data submitted to FAO	FAO, Global Forest Resources Assessment		C: Country data	0.95528	1.21951	1.21951	1.21951	1.21951	2015
15	15.2	15.2.1	AG_LND_FRSTPRCT	Proportion of forest area within legally established protected areas (%)	2019.Q3.G.01	356	India	034	Southern Asia	Country	IND	1	79.3608464	22.34642074		PT	Percentage			G	Global		Country data submitted to FAO	FAO, Global Forest Resources Assessment		C: Country data	18.43326	22.07068	22.8092	22.8092	22.8092	2015
15	15.2	15.2.1	AG_LND_FRSTPRCT	Proportion of forest area within legally established protected areas (%)	2019.Q3.G.01	360	Indonesia	035	South-Eastern Asia	Country	IDN	1	113.9174	-0.994582204		PT	Percentage			G	Global		Country data submitted to FAO	FAO, Global Forest Resources Assessment		C: Country data	32.81068	32.80409	35.39303	35.39281	35.39281	2015
15	15.2	15.2.1	AG_LND_FRSTPRCT	Proportion of forest area within legally established protected areas (%)	2019.Q3.G.01	364	Iran (Islamic Republic of)	034	Southern Asia	Country	IRN	1	54.19766348	32.74370885		PT	Percentage			G	Global	[2000]: NA	Country data submitted to FAO	FAO, Global Forest Resources Assessment		C: Country data		9.99815	9.99815	9.99815	9.99815	2015
15	15.2	15.2.1	AG_LND_FRSTPRCT	Proportion of forest area within legally established protected areas (%)	2019.Q3.G.01	368	Iraq	145	Western Asia	Country	IRQ	1	43.76606267	33.05013795		PT	Percentage			G	Global	[2000]: NA // [2005]: NA // [2010]: NA // [2015]: NA	NA = A figure was not provided.	FAO, Global Forest Resources Assessment		E: Estimated data						2015
15	15.2	15.2.1	AG_LND_FRSTPRCT	Proportion of forest area within legally established protected areas (%)	2019.Q3.G.01	372	Ireland	154	Northern Europe	Country	IRL	1	-7.121425272	53.25274054		PT	Percentage			G	Global	[2000]: NA	Country data submitted to FAO	FAO, Global Forest Resources Assessment		C: Country data		0.86205	0.86205	0.86205	0.86205	2015
15	15.2	15.2.1	AG_LND_FRSTPRCT	Proportion of forest area within legally established protected areas (%)	2019.Q3.G.01	376	Israel	145	Western Asia	Country	ISR	1	34.62277992	31.06164552		PT	Percentage			G	Global		Country data submitted to FAO	FAO, Global Forest Resources Assessment		C: Country data	16.36364	16.9697	16.9697	21.81818	21.81818	2015
15	15.2	15.2.1	AG_LND_FRSTPRCT	Proportion of forest area within legally established protected areas (%)	2019.Q3.G.01	380	Italy	039	Southern Europe	Country	ITA	1	12.57022427	42.79917282		PT	Percentage			G	Global		Country data submitted to FAO	FAO, Global Forest Resources Assessment		C: Country data	30.9132	32.93536	35.11886	35.11886	35.11886	2015
15	15.2	15.2.1	AG_LND_FRSTPRCT	Proportion of forest area within legally established protected areas (%)	2019.Q3.G.01	384	Côte d'Ivoire	011	Western Africa	Country	CIV	1	-5.552690016	7.62211586		PT	Percentage			G	Global		FAO Estimate	FAO, Global Forest Resources Assessment		E: Estimated data	40.8747	40.22287	39.57073	38.9189	38.9189	2015
15	15.2	15.2.1	AG_LND_FRSTPRCT	Proportion of forest area within legally established protected areas (%)	2019.Q3.G.01	388	Jamaica	029	Caribbean	Country	JAM	1	-77.31068409	18.15616857		PT	Percentage			G	Global		Country data submitted to FAO	FAO, Global Forest Resources Assessment		C: Country data	35.59069	35.41169	35.38186	35.38186	35.38186	2015
15	15.2	15.2.1	AG_LND_FRSTPRCT	Proportion of forest area within legally established protected areas (%)	2019.Q3.G.01	392	Japan	030	Eastern Asia	Country	JPN	1	139.2716103	36.6554539		PT	Percentage			G	Global	[2000]: NA // [2005]: NA // [2015]: NA	Country data submitted to FAO	FAO, Global Forest Resources Assessment		C: Country data			16.46767			2015
15	15.2	15.2.1	AG_LND_FRSTPRCT	Proportion of forest area within legally established protected areas (%)	2019.Q3.G.01	398	Kazakhstan	143	Central Asia	Country	KAZ	1	66.65359159	48.01963494		PT	Percentage			G	Global	[2000]: NA // [2005]: NA // [2010]: NA // [2015]: NA	NA = A figure was not provided.	FAO, Global Forest Resources Assessment		E: Estimated data						2015
15	15.2	15.2.1	AG_LND_FRSTPRCT	Proportion of forest area within legally established protected areas (%)	2019.Q3.G.01	400	Jordan	145	Western Asia	Country	JOR	1	37.13024774	30.65365973		PT	Percentage			G	Global	[2000]: NA	[2000]: NA = A figure was not provided. // [2005,2010,2015]: FAO Estimate	FAO, Global Forest Resources Assessment		E: Estimated data		35.48718	35.48718	35.48718	35.48718	2015
15	15.2	15.2.1	AG_LND_FRSTPRCT	Proportion of forest area within legally established protected areas (%)	2019.Q3.G.01	404	Kenya	014	Eastern Africa	Country	KEN	1	37.86096816	0.534797278		PT	Percentage			G	Global		Country data submitted to FAO	FAO, Global Forest Resources Assessment		C: Country data	7.138	9.33605	11.82869	13.21097	13.21097	2015
15	15.2	15.2.1	AG_LND_FRSTPRCT	Proportion of forest area within legally established protected areas (%)	2019.Q3.G.01	408	Democratic People's Republic of Korea	030	Eastern Asia	Country	PRK	1	127.1803633	40.1462645		PT	Percentage			G	Global		FAO Estimate	FAO, Global Forest Resources Assessment		E: Estimated data	22.44087	22.44087	22.44087	22.44087	22.44087	2015
15	15.2	15.2.1	AG_LND_FRSTPRCT	Proportion of forest area within legally established protected areas (%)	2019.Q3.G.01	410	Republic of Korea	030	Eastern Asia	Country	KOR	1	127.8610254	36.45201023		PT	Percentage			G	Global		Country data submitted to FAO	FAO, Global Forest Resources Assessment		C: Country data	7.16365	11.52975	11.41656	11.30336	11.30336	2015
15	15.2	15.2.1	AG_LND_FRSTPRCT	Proportion of forest area within legally established protected areas (%)	2019.Q3.G.01	414	Kuwait	145	Western Asia	Country	KWT	1	47.49305029	29.53949468		PT	Percentage			G	Global	[2000]: NA // [2005]: NA // [2010]: NA // [2015]: NA	NA = A figure was not provided.	FAO, Global Forest Resources Assessment		E: Estimated data						2015
15	15.2	15.2.1	AG_LND_FRSTPRCT	Proportion of forest area within legally established protected areas (%)	2019.Q3.G.01	417	Kyrgyzstan	143	Central Asia	Country	KGZ	1	74.52324839	41.46204516		PT	Percentage			G	Global		Country data submitted to FAO	FAO, Global Forest Resources Assessment		C: Country data	8.05338	8.854	12.28414	12.28414	12.28414	2015
15	15.2	15.2.1	AG_LND_FRSTPRCT	Proportion of forest area within legally established protected areas (%)	2019.Q3.G.01	418	Lao People's Democratic Republic	035	South-Eastern Asia	Country	LAO	1	101.9901968	20.27482773		PT	Percentage			G	Global	[2000]: NA // [2005]: NA // [2010]: NA // [2015]: NA	Country data submitted to FAO	FAO, Global Forest Resources Assessment		C: Country data						2015
15	15.2	15.2.1	AG_LND_FRSTPRCT	Proportion of forest area within legally established protected areas (%)	2019.Q3.G.01	422	Lebanon	145	Western Asia	Country	LBN	1	35.89391711	33.92152458		PT	Percentage			G	Global		Country data submitted to FAO	FAO, Global Forest Resources Assessment		C: Country data	2.54916	2.54916	2.54916	2.54916	2.54916	2015
15	15.2	15.2.1	AG_LND_FRSTPRCT	Proportion of forest area within legally established protected areas (%)	2019.Q3.G.01	426	Lesotho	018	Southern Africa	Country	LSO	1	28.25362195	-29.58041814		PT	Percentage			G	Global		Country data submitted to FAO	FAO, Global Forest Resources Assessment		C: Country data	2.04082	2.04082	2.04082	2.04082	2.04082	2015
15	15.2	15.2.1	AG_LND_FRSTPRCT	Proportion of forest area within legally established protected areas (%)	2019.Q3.G.01	428	Latvia	154	Northern Europe	Country	LVA	1	26.42461876	56.64196636		PT	Percentage			G	Global		Country data submitted to FAO	FAO, Global Forest Resources Assessment		C: Country data	18.236	18.80215	17.49702	17.90524	17.90524	2015
15	15.2	15.2.1	AG_LND_FRSTPRCT	Proportion of forest area within legally established protected areas (%)	2019.Q3.G.01	430	Liberia	011	Western Africa	Country	LBR	1	-9.311879038	6.448381009		PT	Percentage			G	Global		Country data submitted to FAO	FAO, Global Forest Resources Assessment		C: Country data	4.1876	4.73798	4.73798	4.73798	4.73798	2015
15	15.2	15.2.1	AG_LND_FRSTPRCT	Proportion of forest area within legally established protected areas (%)	2019.Q3.G.01	434	Libya	015	Northern Africa	Country	LBY	1	18.0295985	27.04042819		PT	Percentage			G	Global	[2000]: NA // [2005]: NA // [2010]: NA // [2015]: NA	NA = A figure was not provided.	FAO, Global Forest Resources Assessment		E: Estimated data						2015
15	15.2	15.2.1	AG_LND_FRSTPRCT	Proportion of forest area within legally established protected areas (%)	2019.Q3.G.01	438	Liechtenstein	155	Western Europe	Country	LIE	1	9.552985019	47.14167005		PT	Percentage			G	Global		FAO Estimate	FAO, Global Forest Resources Assessment		E: Estimated data	60.0	60.0	60.0	60.0	60.0	2015
15	15.2	15.2.1	AG_LND_FRSTPRCT	Proportion of forest area within legally established protected areas (%)	2019.Q3.G.01	440	Lithuania	154	Northern Europe	Country	LTU	1	23.90517807	55.33680309		PT	Percentage			G	Global		Country data submitted to FAO	FAO, Global Forest Resources Assessment		C: Country data	18.11927	19.44954	20.82569	21.10092	21.10092	2015
15	15.2	15.2.1	AG_LND_FRSTPRCT	Proportion of forest area within legally established protected areas (%)	2019.Q3.G.01	442	Luxembourg	155	Western Europe	Country	LUX	1	6.092656563	49.77679538		PT	Percentage			G	Global	[2000]: NA // [2005]: NA // [2010]: NA // [2015]: NA	NA = A figure was not provided.	FAO, Global Forest Resources Assessment		E: Estimated data						2015
15	15.2	15.2.1	AG_LND_FRSTPRCT	Proportion of forest area within legally established protected areas (%)	2019.Q3.G.01	446	China, Macao Special Administrative Region	030	Eastern Asia	Country	MAC	0	113.5665388	22.1237259		PT	Percentage			G	Global	[2000]: NA // [2005]: NA // [2010]: NA // [2015]: NA	No Data; Not relevant	FAO, Global Forest Resources Assessment		N: Non-relevant						2015
15	15.2	15.2.1	AG_LND_FRSTPRCT	Proportion of forest area within legally established protected areas (%)	2019.Q3.G.01	450	Madagascar	014	Eastern Africa	Country	MDG	1	46.6982339	-19.38514785		PT	Percentage			G	Global		Country data submitted to FAO	FAO, Global Forest Resources Assessment		C: Country data	24.05195	38.09829	38.09829	39.38908	39.38908	2015
15	15.2	15.2.1	AG_LND_FRSTPRCT	Proportion of forest area within legally established protected areas (%)	2019.Q3.G.01	454	Malawi	014	Eastern Africa	Country	MWI	1	33.4884625	-13.40819859		PT	Percentage			G	Global		Country data submitted to FAO	FAO, Global Forest Resources Assessment		C: Country data	24.05466	24.05466	24.05466	24.05466	24.05466	2015
15	15.2	15.2.1	AG_LND_FRSTPRCT	Proportion of forest area within legally established protected areas (%)	2019.Q3.G.01	458	Malaysia	035	South-Eastern Asia	Country	MYS	1	116.8346314	5.452415309		PT	Percentage			G	Global		Country data submitted to FAO	FAO, Global Forest Resources Assessment		C: Country data	18.15724	22.21221	21.92836	22.71232	22.71232	2015
15	15.2	15.2.1	AG_LND_FRSTPRCT	Proportion of forest area within legally established protected areas (%)	2019.Q3.G.01	462	Maldives	034	Southern Asia	Country	MDV	1	73.09672546	-0.614385021		PT	Percentage			G	Global	[2000]: NA // [2005]: NA // [2010]: NA // [2015]: NA	NA = A figure was not provided.	FAO, Global Forest Resources Assessment		E: Estimated data						2015
15	15.2	15.2.1	AG_LND_FRSTPRCT	Proportion of forest area within legally established protected areas (%)	2019.Q3.G.01	466	Mali	011	Western Africa	Country	MLI	1	-3.522016039	17.35311254		PT	Percentage			G	Global		Country data submitted to FAO	FAO, Global Forest Resources Assessment		C: Country data	82.71474	82.71474	82.71474	62.63919	62.63919	2015
15	15.2	15.2.1	AG_LND_FRSTPRCT	Proportion of forest area within legally established protected areas (%)	2019.Q3.G.01	470	Malta	039	Southern Europe	Country	MLT	1	14.44617519	35.89194275		PT	Percentage			G	Global		FAO Estimate	FAO, Global Forest Resources Assessment		E: Estimated data	100.0	100.0	100.0	100.0	100.0	2015
15	15.2	15.2.1	AG_LND_FRSTPRCT	Proportion of forest area within legally established protected areas (%)	2019.Q3.G.01	474	Martinique	029	Caribbean	Country	MTQ	0	-60.91544135	14.56086108		PT	Percentage			G	Global	[2000]: NA	Country data submitted to FAO	FAO, Global Forest Resources Assessment		C: Country data		4.53608	4.53608	14.02062	14.02062	2015
15	15.2	15.2.1	AG_LND_FRSTPRCT	Proportion of forest area within legally established protected areas (%)	2019.Q3.G.01	478	Mauritania	011	Western Africa	Country	MRT	1	-10.33187259	20.26089546		PT	Percentage			G	Global	[2000]: NA // [2005]: NA // [2010]: NA // [2015]: NA	Country data submitted to FAO	FAO, Global Forest Resources Assessment		C: Country data						2015
15	15.2	15.2.1	AG_LND_FRSTPRCT	Proportion of forest area within legally established protected areas (%)	2019.Q3.G.01	480	Mauritius	014	Eastern Africa	Country	MUS	1	57.568022	-20.28581998		PT	Percentage			G	Global		Country data submitted to FAO	FAO, Global Forest Resources Assessment		C: Country data	28.75648	37.56477	38.34197	38.34197	38.34197	2015
15	15.2	15.2.1	AG_LND_FRSTPRCT	Proportion of forest area within legally established protected areas (%)	2019.Q3.G.01	484	Mexico	013	Central America	Country	MEX	1	-102.5148166	23.93378032		PT	Percentage			G	Global		Country data submitted to FAO	FAO, Global Forest Resources Assessment		C: Country data	5.73334	10.93163	12.12879	13.32594	13.32594	2015
15	15.2	15.2.1	AG_LND_FRSTPRCT	Proportion of forest area within legally established protected areas (%)	2019.Q3.G.01	492	Monaco	155	Western Europe	Country	MCO	1	7.424214814	43.73532918		PT	Percentage			G	Global	[2000]: NA // [2005]: NA // [2010]: NA // [2015]: NA	NA = A figure was not provided.	FAO, Global Forest Resources Assessment		E: Estimated data						2015
15	15.2	15.2.1	AG_LND_FRSTPRCT	Proportion of forest area within legally established protected areas (%)	2019.Q3.G.01	496	Mongolia	030	Eastern Asia	Country	MNG	1	103.0728057	46.83892054		PT	Percentage			G	Global		Country data submitted to FAO	FAO, Global Forest Resources Assessment		C: Country data	44.12561	42.58811	41.04264	40.2229	40.2229	2015
15	15.2	15.2.1	AG_LND_FRSTPRCT	Proportion of forest area within legally established protected areas (%)	2019.Q3.G.01	498	Republic of Moldova	151	Eastern Europe	Country	MDA	1	28.4650624	47.20236795		PT	Percentage			G	Global		FAO Estimate	FAO, Global Forest Resources Assessment		E: Estimated data	10.7824	14.91443	15.64792	16.38142	16.38142	2015
15	15.2	15.2.1	AG_LND_FRSTPRCT	Proportion of forest area within legally established protected areas (%)	2019.Q3.G.01	499	Montenegro	039	Southern Europe	Country	MNE	1	19.25214024	42.78717043		PT	Percentage			G	Global		Country data submitted to FAO	FAO, Global Forest Resources Assessment		C: Country data	1.57195	1.57195	23.28053	23.28053	23.28053	2015
15	15.2	15.2.1	AG_LND_FRSTPRCT	Proportion of forest area within legally established protected areas (%)	2019.Q3.G.01	500	Montserrat	029	Caribbean	Country	MSR	0	-62.19261223	16.73558313		PT	Percentage			G	Global		FAO Estimate	FAO, Global Forest Resources Assessment		E: Estimated data	0.0	0.0	46.4	46.4	46.4	2015
15	15.2	15.2.1	AG_LND_FRSTPRCT	Proportion of forest area within legally established protected areas (%)	2019.Q3.G.01	504	Morocco	015	Northern Africa	Country	MAR	1	-6.281942841	31.8440131		PT	Percentage			G	Global		Country data submitted to FAO	FAO, Global Forest Resources Assessment		C: Country data	1.8821	4.01278	6.67614	7.45739	7.45739	2015
15	15.2	15.2.1	AG_LND_FRSTPRCT	Proportion of forest area within legally established protected areas (%)	2019.Q3.G.01	508	Mozambique	014	Eastern Africa	Country	MOZ	1	38.18479941	-14.27963886		PT	Percentage			G	Global		Country data submitted to FAO	FAO, Global Forest Resources Assessment		C: Country data	11.52609	11.21508	10.91987	25.0	25.0	2015
15	15.2	15.2.1	AG_LND_FRSTPRCT	Proportion of forest area within legally established protected areas (%)	2019.Q3.G.01	512	Oman	145	Western Asia	Country	OMN	1	57.87743482	21.98805614		PT	Percentage			G	Global	[2000]: NA // [2005]: NA // [2010]: NA // [2015]: NA	Country data submitted to FAO	FAO, Global Forest Resources Assessment		C: Country data						2015
15	15.2	15.2.1	AG_LND_FRSTPRCT	Proportion of forest area within legally established protected areas (%)	2019.Q3.G.01	516	Namibia	018	Southern Africa	Country	NAM	1	17.21907885	-22.13817068		PT	Percentage			G	Global		Country data submitted to FAO	FAO, Global Forest Resources Assessment		C: Country data	9.95809	9.95809	9.95809	9.95809	9.95809	2015
15	15.2	15.2.1	AG_LND_FRSTPRCT	Proportion of forest area within legally established protected areas (%)	2019.Q3.G.01	520	Nauru	057	Micronesia	Country	NRU	1	166.92313	-0.528742623		PT	Percentage			G	Global	[2000]: NA // [2005]: NA // [2010]: NA // [2015]: NA	NA = A figure was not provided.	FAO, Global Forest Resources Assessment		E: Estimated data						2015
15	15.2	15.2.1	AG_LND_FRSTPRCT	Proportion of forest area within legally established protected areas (%)	2019.Q3.G.01	524	Nepal	034	Southern Asia	Country	NPL	1	83.94678863	28.25866332		PT	Percentage			G	Global		Country data submitted to FAO	FAO, Global Forest Resources Assessment		C: Country data	15.07151	14.46645	14.46645	16.22662	16.22662	2015
15	15.2	15.2.1	AG_LND_FRSTPRCT	Proportion of forest area within legally established protected areas (%)	2019.Q3.G.01	528	Netherlands	155	Western Europe	Country	NLD	1	5.331480568	51.86728884		PT	Percentage			G	Global		Country data submitted to FAO	FAO, Global Forest Resources Assessment		C: Country data	21.2766	22.34043	23.1383	23.93617	23.93617	2015
15	15.2	15.2.1	AG_LND_FRSTPRCT	Proportion of forest area within legally established protected areas (%)	2019.Q3.G.01	530	Netherlands Antilles	029	Caribbean	Country	ANT	0	-68.30676179	12.22720635																		
15	15.2	15.2.1	AG_LND_FRSTPRCT	Proportion of forest area within legally established protected areas (%)	2019.Q3.G.01	531	Curaçao	029	Caribbean	Country	CUW	0	-68.95033464	12.15058042		PT	Percentage			G	Global	[2000]: NA // [2005]: NA // [2010]: NA // [2015]: NA	NA = A figure was not provided.	FAO, Global Forest Resources Assessment		E: Estimated data						2015
15	15.2	15.2.1	AG_LND_FRSTPRCT	Proportion of forest area within legally established protected areas (%)	2019.Q3.G.01	533	Aruba	029	Caribbean	Country	ABW	0	-69.97050586	12.50878756		PT	Percentage			G	Global	[2000]: NA // [2005]: NA // [2010]: NA // [2015]: NA	NA = A figure was not provided.	FAO, Global Forest Resources Assessment		E: Estimated data						2015
15	15.2	15.2.1	AG_LND_FRSTPRCT	Proportion of forest area within legally established protected areas (%)	2019.Q3.G.01	534	Sint Maarten (Dutch part)	029	Caribbean	Country	SXM	0	-63.06198692	18.03926508		PT	Percentage			G	Global	[2000]: NA // [2005]: NA // [2010]: NA // [2015]: NA	NA = A figure was not provided.	FAO, Global Forest Resources Assessment		E: Estimated data						2015
15	15.2	15.2.1	AG_LND_FRSTPRCT	Proportion of forest area within legally established protected areas (%)	2019.Q3.G.01	540	New Caledonia	054	Melanesia	Country	NCL	0	165.5067368	-21.41742531		PT	Percentage			G	Global	[2000]: NA // [2005]: NA // [2010]: NA // [2015]: NA	NA = A figure was not provided.	FAO, Global Forest Resources Assessment		E: Estimated data						2015
15	15.2	15.2.1	AG_LND_FRSTPRCT	Proportion of forest area within legally established protected areas (%)	2019.Q3.G.01	548	Vanuatu	054	Melanesia	Country	VUT	1	167.0679779	-15.34445547		PT	Percentage			G	Global	[2000]: NA // [2005]: NA // [2010]: NA // [2015]: NA	NA = A figure was not provided.	FAO, Global Forest Resources Assessment		E: Estimated data						2015
15	15.2	15.2.1	AG_LND_FRSTPRCT	Proportion of forest area within legally established protected areas (%)	2019.Q3.G.01	554	New Zealand	053	Australia and New Zealand	Country	NZL	1	170.4755673	-43.98721568		PT	Percentage			G	Global	[2000]: NA	Country data submitted to FAO	FAO, Global Forest Resources Assessment		C: Country data		35.33294	35.52994	36.95823	36.95823	2015
15	15.2	15.2.1	AG_LND_FRSTPRCT	Proportion of forest area within legally established protected areas (%)	2019.Q3.G.01	558	Nicaragua	013	Central America	Country	NIC	1	-85.03060315	12.84210839		PT	Percentage			G	Global		Country data submitted to FAO	FAO, Global Forest Resources Assessment		C: Country data	31.86866	31.86866	31.86866	31.86866	31.86866	2015
15	15.2	15.2.1	AG_LND_FRSTPRCT	Proportion of forest area within legally established protected areas (%)	2019.Q3.G.01	562	Niger	011	Western Africa	Country	NER	1	9.400167877	17.42143036		PT	Percentage			G	Global		Country data submitted to FAO	FAO, Global Forest Resources Assessment		C: Country data	19.26445	19.26445	19.26445	19.26445	19.26445	2015
15	15.2	15.2.1	AG_LND_FRSTPRCT	Proportion of forest area within legally established protected areas (%)	2019.Q3.G.01	566	Nigeria	011	Western Africa	Country	NGA	1	8.097363256	9.585789025		PT	Percentage			G	Global		Country data submitted to FAO	FAO, Global Forest Resources Assessment		C: Country data	35.87874	35.87874	35.87874	35.87874	35.87874	2015
15	15.2	15.2.1	AG_LND_FRSTPRCT	Proportion of forest area within legally established protected areas (%)	2019.Q3.G.01	570	Niue	061	Polynesia	Country	NIU	0	-169.8601693	-19.05000475		PT	Percentage			G	Global	[2000]: NA // [2005]: NA // [2010]: NA // [2015]: NA	NA = A figure was not provided.	FAO, Global Forest Resources Assessment		E: Estimated data						2015
15	15.2	15.2.1	AG_LND_FRSTPRCT	Proportion of forest area within legally established protected areas (%)	2019.Q3.G.01	574	Norfolk Island	053	Australia and New Zealand	Country	NFK	0	167.9515548	-29.03230018		PT	Percentage			G	Global	[2000]: NA // [2005]: NA // [2010]: NA // [2015]: NA	NA = A figure was not provided.	FAO, Global Forest Resources Assessment		E: Estimated data						2015
15	15.2	15.2.1	AG_LND_FRSTPRCT	Proportion of forest area within legally established protected areas (%)	2019.Q3.G.01	578	Norway	154	Northern Europe	Country	NOR	1	11.47846389	61.34311134		PT	Percentage			G	Global		Country data submitted to FAO	FAO, Global Forest Resources Assessment		C: Country data	1.30449	2.28699	3.53369	4.78038	4.78038	2015
15	15.2	15.2.1	AG_LND_FRSTPRCT	Proportion of forest area within legally established protected areas (%)	2019.Q3.G.01	580	Northern Mariana Islands	057	Micronesia	Country	MNP	0	145.7582114	15.19099517		PT	Percentage			G	Global	[2000]: NA // [2005]: NA // [2010]: NA // [2015]: NA	NA = A figure was not provided.	FAO, Global Forest Resources Assessment		E: Estimated data						2015
15	15.2	15.2.1	AG_LND_FRSTPRCT	Proportion of forest area within legally established protected areas (%)	2019.Q3.G.01	581	United States Minor Outlying Islands	057	Micronesia	Country	UMI	0	-162.4343752	5.874443968		PT	Percentage			G	Global	[2000]: NA // [2005]: NA // [2010]: NA // [2015]: NA	No Data; Not relevant	FAO, Global Forest Resources Assessment		N: Non-relevant						2015
15	15.2	15.2.1	AG_LND_FRSTPRCT	Proportion of forest area within legally established protected areas (%)	2019.Q3.G.01	583	Micronesia (Federated States of)	057	Micronesia	Country	FSM	1	158.225216	6.880670092		PT	Percentage			G	Global	[2000]: NA // [2005]: NA // [2010]: NA // [2015]: NA	NA = A figure was not provided.	FAO, Global Forest Resources Assessment		E: Estimated data						2015
15	15.2	15.2.1	AG_LND_FRSTPRCT	Proportion of forest area within legally established protected areas (%)	2019.Q3.G.01	584	Marshall Islands	057	Micronesia	Country	MHL	1	171.0839119	7.110213497		PT	Percentage			G	Global	[2000]: NA // [2005]: NA // [2010]: NA // [2015]: NA	NA = A figure was not provided.	FAO, Global Forest Resources Assessment		E: Estimated data						2015
15	15.2	15.2.1	AG_LND_FRSTPRCT	Proportion of forest area within legally established protected areas (%)	2019.Q3.G.01	585	Palau	057	Micronesia	Country	PLW	1	134.5733878	7.502307591		PT	Percentage			G	Global	[2000]: NA // [2005]: NA // [2010]: NA // [2015]: NA	Country data submitted to FAO	FAO, Global Forest Resources Assessment		C: Country data						2015
15	15.2	15.2.1	AG_LND_FRSTPRCT	Proportion of forest area within legally established protected areas (%)	2019.Q3.G.01	586	Pakistan	034	Southern Asia	Country	PAK	1	68.80479684	29.36491634		PT	Percentage			G	Global	[2000]: NA // [2005]: NA // [2010]: NA // [2015]: NA	NA = A figure was not provided.	FAO, Global Forest Resources Assessment		E: Estimated data						2015
15	15.2	15.2.1	AG_LND_FRSTPRCT	Proportion of forest area within legally established protected areas (%)	2019.Q3.G.01	591	Panama	013	Central America	Country	PAN	1	-81.26616623	8.450965746		PT	Percentage			G	Global	[2000]: NA // [2005]: NA	Country data submitted to FAO	FAO, Global Forest Resources Assessment		C: Country data			43.66472	43.66472	43.66472	2015
15	15.2	15.2.1	AG_LND_FRSTPRCT	Proportion of forest area within legally established protected areas (%)	2019.Q3.G.01	598	Papua New Guinea	054	Melanesia	Country	PNG	1	145.8587761	-6.756057077		PT	Percentage			G	Global		Country data submitted to FAO	FAO, Global Forest Resources Assessment		C: Country data	0.93364	0.93364	0.93364	5.35177	5.35177	2015
15	15.2	15.2.1	AG_LND_FRSTPRCT	Proportion of forest area within legally established protected areas (%)	2019.Q3.G.01	600	Paraguay	005	South America	Country	PRY	1	-60.54854225	-21.70216237		PT	Percentage			G	Global	[2000]: NA // [2005]: NA	Country data submitted to FAO	FAO, Global Forest Resources Assessment		C: Country data			12.29524	12.29524	12.29524	2015
15	15.2	15.2.1	AG_LND_FRSTPRCT	Proportion of forest area within legally established protected areas (%)	2019.Q3.G.01	604	Peru	005	South America	Country	PER	1	-71.82093277	-13.58939705		PT	Percentage			G	Global	[2000]: NA // [2005]: NA	Country data submitted to FAO	FAO, Global Forest Resources Assessment		C: Country data			22.22293	25.47365	25.47365	2015
15	15.2	15.2.1	AG_LND_FRSTPRCT	Proportion of forest area within legally established protected areas (%)	2019.Q3.G.01	608	Philippines	035	South-Eastern Asia	Country	PHL	1	120.8601418	14.16591706		PT	Percentage			G	Global		Country data submitted to FAO	FAO, Global Forest Resources Assessment		C: Country data	21.14428	20.99502	20.02488	23.19652	23.19652	2015
15	15.2	15.2.1	AG_LND_FRSTPRCT	Proportion of forest area within legally established protected areas (%)	2019.Q3.G.01	612	Pitcairn	061	Polynesia	Country	PCN	0	-128.3225873	-24.37538456		PT	Percentage			G	Global	[2000]: NA // [2005]: NA // [2010]: NA // [2015]: NA	NA = A figure was not provided.	FAO, Global Forest Resources Assessment		E: Estimated data						2015
15	15.2	15.2.1	AG_LND_FRSTPRCT	Proportion of forest area within legally established protected areas (%)	2019.Q3.G.01	616	Poland	151	Eastern Europe	Country	POL	1	19.40660158	52.1226733		PT	Percentage			G	Global		Country data submitted to FAO	FAO, Global Forest Resources Assessment		C: Country data	1.90779	1.93959	1.95019	1.95019	1.95019	2015
15	15.2	15.2.1	AG_LND_FRSTPRCT	Proportion of forest area within legally established protected areas (%)	2019.Q3.G.01	620	Portugal	039	Southern Europe	Country	PRT	1	-7.961599811	39.68509315		PT	Percentage			G	Global		Country data submitted to FAO	FAO, Global Forest Resources Assessment		C: Country data	21.40163	21.90446	21.14236	21.14236	21.14236	2015
15	15.2	15.2.1	AG_LND_FRSTPRCT	Proportion of forest area within legally established protected areas (%)	2019.Q3.G.01	624	Guinea-Bissau	011	Western Africa	Country	GNB	1	-14.40182514	12.11760394		PT	Percentage			G	Global	[2010]: NA // [2015]: NA	[2000,2005]: FAO Estimate // [2010,2015]: NA = A figure was not provided.	FAO, Global Forest Resources Assessment		E: Estimated data	0.5071	0.6359				2015
15	15.2	15.2.1	AG_LND_FRSTPRCT	Proportion of forest area within legally established protected areas (%)	2019.Q3.G.01	626	Timor-Leste	035	South-Eastern Asia	Country	TLS	1	125.9451052	-8.797497247		PT	Percentage			G	Global	[2000]: NA // [2005]: NA // [2010]: NA // [2015]: NA	NA = A figure was not provided.	FAO, Global Forest Resources Assessment		E: Estimated data						2015
15	15.2	15.2.1	AG_LND_FRSTPRCT	Proportion of forest area within legally established protected areas (%)	2019.Q3.G.01	630	Puerto Rico	029	Caribbean	Country	PRI	0	-66.47591017	18.22753799		PT	Percentage			G	Global	[2000]: NA // [2005]: NA // [2010]: NA // [2015]: NA	Country data submitted to FAO	FAO, Global Forest Resources Assessment		C: Country data						2015
15	15.2	15.2.1	AG_LND_FRSTPRCT	Proportion of forest area within legally established protected areas (%)	2019.Q3.G.01	634	Qatar	145	Western Asia	Country	QAT	1	51.19152467	25.28355379		PT	Percentage			G	Global	[2000]: NA // [2005]: NA // [2010]: NA // [2015]: NA	NA = A figure was not provided.	FAO, Global Forest Resources Assessment		E: Estimated data						2015
15	15.2	15.2.1	AG_LND_FRSTPRCT	Proportion of forest area within legally established protected areas (%)	2019.Q3.G.01	638	Réunion	014	Eastern Africa	Country	REU	0	55.53171398	-21.13183266		PT	Percentage			G	Global		Country data submitted to FAO	FAO, Global Forest Resources Assessment		C: Country data	18.18182	48.86364	77.27273	77.27273	77.27273	2015
15	15.2	15.2.1	AG_LND_FRSTPRCT	Proportion of forest area within legally established protected areas (%)	2019.Q3.G.01	642	Romania	151	Eastern Europe	Country	ROU	1	24.98481009	45.83893563		PT	Percentage			G	Global		Country data submitted to FAO	FAO, Global Forest Resources Assessment		C: Country data	2.23	13.32167	25.44819	37.9828	37.9828	2015
15	15.2	15.2.1	AG_LND_FRSTPRCT	Proportion of forest area within legally established protected areas (%)	2019.Q3.G.01	643	Russian Federation	151	Eastern Europe	Country	RUS	1	99.01404926	61.61899849		PT	Percentage			G	Global		Country data submitted to FAO	FAO, Global Forest Resources Assessment		C: Country data	1.9867	2.02322	2.15628	2.16785	2.16785	2015
15	15.2	15.2.1	AG_LND_FRSTPRCT	Proportion of forest area within legally established protected areas (%)	2019.Q3.G.01	646	Rwanda	014	Eastern Africa	Country	RWA	1	29.92310194	-1.999842114		PT	Percentage			G	Global		Country data submitted to FAO	FAO, Global Forest Resources Assessment		C: Country data	12.91667	12.91667	12.91667	12.91667	12.91667	2015
15	15.2	15.2.1	AG_LND_FRSTPRCT	Proportion of forest area within legally established protected areas (%)	2019.Q3.G.01	652	Saint Barthélemy	029	Caribbean	Country	BLM	0	-62.83173536	17.89513362		PT	Percentage			G	Global	[2000]: NA // [2005]: NA // [2010]: NA // [2015]: NA	NA = A figure was not provided.	FAO, Global Forest Resources Assessment		E: Estimated data						2015
15	15.2	15.2.1	AG_LND_FRSTPRCT	Proportion of forest area within legally established protected areas (%)	2019.Q3.G.01	654	Saint Helena	011	Western Africa	Country	SHN	0	-5.705752501	-15.96503946		PT	Percentage			G	Global	[2000]: NA // [2005]: NA // [2010]: NA // [2015]: NA	NA = A figure was not provided.	FAO, Global Forest Resources Assessment		E: Estimated data						2015
15	15.2	15.2.1	AG_LND_FRSTPRCT	Proportion of forest area within legally established protected areas (%)	2019.Q3.G.01	659	Saint Kitts and Nevis	029	Caribbean	Country	KNA	1	-62.76628613	17.33994219		PT	Percentage			G	Global		Country data submitted to FAO	FAO, Global Forest Resources Assessment		C: Country data	0.0	0.0	100.0	100.0	100.0	2015
15	15.2	15.2.1	AG_LND_FRSTPRCT	Proportion of forest area within legally established protected areas (%)	2019.Q3.G.01	660	Anguilla	029	Caribbean	Country	AIA	0	-63.05651612	18.21525315		PT	Percentage			G	Global	[2000]: NA // [2005]: NA // [2010]: NA // [2015]: NA	NA = A figure was not provided.	FAO, Global Forest Resources Assessment		E: Estimated data						2015
15	15.2	15.2.1	AG_LND_FRSTPRCT	Proportion of forest area within legally established protected areas (%)	2019.Q3.G.01	662	Saint Lucia	029	Caribbean	Country	LCA	1	-60.96529553	13.89405601		PT	Percentage			G	Global		Country data submitted to FAO	FAO, Global Forest Resources Assessment		C: Country data	11.82266	11.82266	11.82266	11.82266	11.82266	2015
15	15.2	15.2.1	AG_LND_FRSTPRCT	Proportion of forest area within legally established protected areas (%)	2019.Q3.G.01	663	Saint Martin (French Part)	029	Caribbean	Country	MAF	0	-63.04505461	18.0882685		PT	Percentage			G	Global	[2000]: NA // [2005]: NA // [2010]: NA	Country data submitted to FAO	FAO, Global Forest Resources Assessment		C: Country data				9.93007	9.93007	2015
15	15.2	15.2.1	AG_LND_FRSTPRCT	Proportion of forest area within legally established protected areas (%)	2019.Q3.G.01	666	Saint Pierre and Miquelon	021	Northern America	Country	SPM	0	-56.33682442	46.85812735		PT	Percentage			G	Global		Country data submitted to FAO	FAO, Global Forest Resources Assessment		C: Country data	0.0	0.0	0.0	0.0	0.0	2015
15	15.2	15.2.1	AG_LND_FRSTPRCT	Proportion of forest area within legally established protected areas (%)	2019.Q3.G.01	670	Saint Vincent and the Grenadines	029	Caribbean	Country	VCT	1	-61.19024321	13.24627968		PT	Percentage			G	Global	[2000]: NA // [2005]: NA // [2010]: NA // [2015]: NA	NA = A figure was not provided.	FAO, Global Forest Resources Assessment		E: Estimated data						2015
15	15.2	15.2.1	AG_LND_FRSTPRCT	Proportion of forest area within legally established protected areas (%)	2019.Q3.G.01	674	San Marino	039	Southern Europe	Country	SMR	1	12.46329038	43.93841766		PT	Percentage			G	Global	[2000]: NA // [2005]: NA // [2010]: NA // [2015]: NA	NA = A figure was not provided.	FAO, Global Forest Resources Assessment		E: Estimated data						2015
15	15.2	15.2.1	AG_LND_FRSTPRCT	Proportion of forest area within legally established protected areas (%)	2019.Q3.G.01	678	Sao Tome and Principe	017	Middle Africa	Country	STP	1	6.609772265	0.241554875		PT	Percentage			G	Global	[2000]: NA // [2005]: NA // [2010]: NA // [2015]: NA	Country data submitted to FAO	FAO, Global Forest Resources Assessment		C: Country data						2015
15	15.2	15.2.1	AG_LND_FRSTPRCT	Proportion of forest area within legally established protected areas (%)	2019.Q3.G.01	682	Saudi Arabia	145	Western Asia	Country	SAU	1	44.54763347	24.12594211		PT	Percentage			G	Global	[2000]: NA // [2005]: NA	[2000,2005]: NA = A figure was not provided. // [2010,2015]: FAO Estimate	FAO, Global Forest Resources Assessment		E: Estimated data			0.30706	0.30706	0.30706	2015
15	15.2	15.2.1	AG_LND_FRSTPRCT	Proportion of forest area within legally established protected areas (%)	2019.Q3.G.01	686	Senegal	011	Western Africa	Country	SEN	1	-14.46636926	14.35920905		PT	Percentage			G	Global		Country data submitted to FAO	FAO, Global Forest Resources Assessment		C: Country data	19.44881	18.95322	18.51807	18.08292	18.08292	2015
15	15.2	15.2.1	AG_LND_FRSTPRCT	Proportion of forest area within legally established protected areas (%)	2019.Q3.G.01	688	Serbia	039	Southern Europe	Country	SRB	1	20.805876	44.03145697		PT	Percentage			G	Global		Country data submitted to FAO	FAO, Global Forest Resources Assessment		C: Country data	8.78676	13.97059	16.61765	18.41912	18.41912	2015
15	15.2	15.2.1	AG_LND_FRSTPRCT	Proportion of forest area within legally established protected areas (%)	2019.Q3.G.01	690	Seychelles	014	Eastern Africa	Country	SYC	1	55.46561591	-4.678053059		PT	Percentage			G	Global		Country data submitted to FAO	FAO, Global Forest Resources Assessment		C: Country data	44.26302	46.72208	49.18113	49.18113	49.18113	2015
15	15.2	15.2.1	AG_LND_FRSTPRCT	Proportion of forest area within legally established protected areas (%)	2019.Q3.G.01	694	Sierra Leone	011	Western Africa	Country	SLE	1	-11.78306584	8.568604164		PT	Percentage			G	Global		Country data submitted to FAO	FAO, Global Forest Resources Assessment		C: Country data	3.67937	3.67937	6.14323	7.98292	7.98292	2015
15	15.2	15.2.1	AG_LND_FRSTPRCT	Proportion of forest area within legally established protected areas (%)	2019.Q3.G.01	702	Singapore	035	South-Eastern Asia	Country	SGP	1	103.8107883	1.361009155		PT	Percentage			G	Global		Country data submitted to FAO	FAO, Global Forest Resources Assessment		C: Country data	20.4893	20.4893	20.4893	20.4893	20.4893	2015
15	15.2	15.2.1	AG_LND_FRSTPRCT	Proportion of forest area within legally established protected areas (%)	2019.Q3.G.01	703	Slovakia	151	Eastern Europe	Country	SVK	1	19.48495604	48.70741446		PT	Percentage			G	Global		Country data submitted to FAO	FAO, Global Forest Resources Assessment		C: Country data	43.5567	45.82474	56.90722	58.35052	58.35052	2015
15	15.2	15.2.1	AG_LND_FRSTPRCT	Proportion of forest area within legally established protected areas (%)	2019.Q3.G.01	704	Viet Nam	035	South-Eastern Asia	Country	VNM	1	105.802499	10.09643079		PT	Percentage			G	Global		Country data submitted to FAO	FAO, Global Forest Resources Assessment		C: Country data	10.6275	13.26068	13.55175	13.80898	13.80898	2015
15	15.2	15.2.1	AG_LND_FRSTPRCT	Proportion of forest area within legally established protected areas (%)	2019.Q3.G.01	705	Slovenia	039	Southern Europe	Country	SVN	1	14.82209486	46.11958061		PT	Percentage			G	Global		Country data submitted to FAO	FAO, Global Forest Resources Assessment		C: Country data	19.07051	19.15064	19.3109	14.34295	14.34295	2015
15	15.2	15.2.1	AG_LND_FRSTPRCT	Proportion of forest area within legally established protected areas (%)	2019.Q3.G.01	706	Somalia	014	Eastern Africa	Country	SOM	1	46.20367477	4.406485729		PT	Percentage			G	Global		Country data submitted to FAO	FAO, Global Forest Resources Assessment		C: Country data	0.0	0.0	0.0	0.0	0.0	2015
15	15.2	15.2.1	AG_LND_FRSTPRCT	Proportion of forest area within legally established protected areas (%)	2019.Q3.G.01	710	South Africa	018	Southern Africa	Country	ZAF	1	24.67184355	-29.99957544		PT	Percentage			G	Global		Country data submitted to FAO	FAO, Global Forest Resources Assessment		C: Country data	10.24781	10.24781	10.24781	10.24781	10.24781	2015
15	15.2	15.2.1	AG_LND_FRSTPRCT	Proportion of forest area within legally established protected areas (%)	2019.Q3.G.01	716	Zimbabwe	014	Eastern Africa	Country	ZWE	1	29.86909584	-19.00075492		PT	Percentage			G	Global		Country data submitted to FAO	FAO, Global Forest Resources Assessment		C: Country data	5.6962	5.6962	5.6962	5.6962	5.6962	2015
15	15.2	15.2.1	AG_LND_FRSTPRCT	Proportion of forest area within legally established protected areas (%)	2019.Q3.G.01	724	Spain	039	Southern Europe	Country	ESP	1	-3.554078296	40.39211472		PT	Percentage			G	Global		Country data submitted to FAO	FAO, Global Forest Resources Assessment		C: Country data	12.67405	17.2571	18.84376	19.02001	19.02001	2015
15	15.2	15.2.1	AG_LND_FRSTPRCT	Proportion of forest area within legally established protected areas (%)	2019.Q3.G.01	728	South Sudan	014	Eastern Africa	Country	SSD	1	30.32618773	7.290839152		PT	Percentage			G	Global	[2000]: NA // [2005]: NA // [2010]: NA // [2015]: NA	Country data submitted to FAO	FAO, Global Forest Resources Assessment		C: Country data						2015
15	15.2	15.2.1	AG_LND_FRSTPRCT	Proportion of forest area within legally established protected areas (%)	2019.Q3.G.01	729	Sudan	015	Northern Africa	Country	SDN	0	29.95650159	16.02643066		PT	Percentage			G	Global		Country data submitted to FAO	FAO, Global Forest Resources Assessment		C: Country data	16.93915	24.51335	24.51335	24.51335	24.51335	2015
15	15.2	15.2.1	AG_LND_FRSTPRCT	Proportion of forest area within legally established protected areas (%)	2019.Q3.G.01	732	Western Sahara	015	Northern Africa	Country	ESH	0	-13.13515523	24.66265342		PT	Percentage			G	Global	[2000]: NA // [2005]: NA // [2010]: NA // [2015]: NA	NA = A figure was not provided.	FAO, Global Forest Resources Assessment		E: Estimated data						2015
15	15.2	15.2.1	AG_LND_FRSTPRCT	Proportion of forest area within legally established protected areas (%)	2019.Q3.G.01	740	Suriname	005	South America	Country	SUR	1	-55.90626394	4.132603197		PT	Percentage			G	Global		Country data submitted to FAO	FAO, Global Forest Resources Assessment		C: Country data	11.69971	12.34738	12.33825	12.32912	12.32912	2015
15	15.2	15.2.1	AG_LND_FRSTPRCT	Proportion of forest area within legally established protected areas (%)	2019.Q3.G.01	744	Svalbard and Jan Mayen Islands	154	Northern Europe	Country	SJM	0	13.38071013	78.82894131		PT	Percentage			G	Global	[2000]: NA // [2005]: NA // [2010]: NA // [2015]: NA	Country data submitted to FAO	FAO, Global Forest Resources Assessment		C: Country data						2015
15	15.2	15.2.1	AG_LND_FRSTPRCT	Proportion of forest area within legally established protected areas (%)	2019.Q3.G.01	748	Eswatini	018	Southern Africa	Country	SWZ	1	31.50149288	-26.56471011		PT	Percentage			G	Global		Country data submitted to FAO	FAO, Global Forest Resources Assessment		C: Country data	7.74744	7.74744	7.74744	7.74744	7.74744	2015
15	15.2	15.2.1	AG_LND_FRSTPRCT	Proportion of forest area within legally established protected areas (%)	2019.Q3.G.01	752	Sweden	154	Northern Europe	Country	SWE	1	14.3775338	60.60103109		PT	Percentage			G	Global		Country data submitted to FAO	FAO, Global Forest Resources Assessment		C: Country data	6.0877	6.31211	6.7182	7.12428	7.12428	2015
15	15.2	15.2.1	AG_LND_FRSTPRCT	Proportion of forest area within legally established protected areas (%)	2019.Q3.G.01	756	Switzerland	155	Western Europe	Country	CHE	1	8.223158	46.96617097		PT	Percentage			G	Global	[2000]: NA // [2005]: NA	Country data submitted to FAO	FAO, Global Forest Resources Assessment		C: Country data			4.6252	4.6252	4.6252	2015
15	15.2	15.2.1	AG_LND_FRSTPRCT	Proportion of forest area within legally established protected areas (%)	2019.Q3.G.01	760	Syrian Arab Republic	145	Western Asia	Country	SYR	1	38.50466565	35.01676176		PT	Percentage			G	Global	[2015]: NA	[2000,2005,2010]: FAO Estimate // [2015]: NA = A figure was not provided.	FAO, Global Forest Resources Assessment		E: Estimated data	4.87576	13.85458	20.3666			2015
15	15.2	15.2.1	AG_LND_FRSTPRCT	Proportion of forest area within legally established protected areas (%)	2019.Q3.G.01	762	Tajikistan	143	Central Asia	Country	TJK	1	69.294998	38.43069666		PT	Percentage			G	Global		Country data submitted to FAO	FAO, Global Forest Resources Assessment		C: Country data	10.67961	10.67961	10.67961	10.67961	10.67961	2015
15	15.2	15.2.1	AG_LND_FRSTPRCT	Proportion of forest area within legally established protected areas (%)	2019.Q3.G.01	764	Thailand	035	South-Eastern Asia	Country	THA	1	101.0202951	15.13089239		PT	Percentage			G	Global		Country data submitted to FAO	FAO, Global Forest Resources Assessment		C: Country data	55.69242	57.28398	57.47911	64.78444	64.78444	2015
15	15.2	15.2.1	AG_LND_FRSTPRCT	Proportion of forest area within legally established protected areas (%)	2019.Q3.G.01	768	Togo	011	Western Africa	Country	TGO	1	0.97835765	8.532096072		PT	Percentage			G	Global	[2000]: NA // [2005]: NA // [2010]: NA // [2015]: NA	Country data submitted to FAO	FAO, Global Forest Resources Assessment		C: Country data						2015
15	15.2	15.2.1	AG_LND_FRSTPRCT	Proportion of forest area within legally established protected areas (%)	2019.Q3.G.01	772	Tokelau	061	Polynesia	Country	TKL	0	-171.8154473	-9.214545558		PT	Percentage			G	Global	[2000]: NA // [2005]: NA // [2010]: NA // [2015]: NA	NA = A figure was not provided.	FAO, Global Forest Resources Assessment		E: Estimated data						2015
15	15.2	15.2.1	AG_LND_FRSTPRCT	Proportion of forest area within legally established protected areas (%)	2019.Q3.G.01	776	Tonga	061	Polynesia	Country	TON	1	-175.1959991	-21.19511329		PT	Percentage			G	Global	[2000]: NA // [2005]: NA // [2010]: NA	Country data submitted to FAO	FAO, Global Forest Resources Assessment		C: Country data				22.22222	22.22222	2015
15	15.2	15.2.1	AG_LND_FRSTPRCT	Proportion of forest area within legally established protected areas (%)	2019.Q3.G.01	780	Trinidad and Tobago	029	Caribbean	Country	TTO	1	-61.29389504	10.41877263		PT	Percentage			G	Global	[2000]: NA // [2005]: NA // [2010]: NA // [2015]: NA	Country data submitted to FAO	FAO, Global Forest Resources Assessment		C: Country data						2015
15	15.2	15.2.1	AG_LND_FRSTPRCT	Proportion of forest area within legally established protected areas (%)	2019.Q3.G.01	784	United Arab Emirates	145	Western Asia	Country	ARE	1	53.98279159	23.43322219		PT	Percentage			G	Global	[2000]: NA // [2005]: NA // [2010]: NA // [2015]: NA	NA = A figure was not provided.	FAO, Global Forest Resources Assessment		E: Estimated data						2015
15	15.2	15.2.1	AG_LND_FRSTPRCT	Proportion of forest area within legally established protected areas (%)	2019.Q3.G.01	788	Tunisia	015	Northern Africa	Country	TUN	1	9.572737411	34.11439971		PT	Percentage			G	Global		Country data submitted to FAO	FAO, Global Forest Resources Assessment		C: Country data	2.01729	2.30548	6.82037	7.20461	7.20461	2015
15	15.2	15.2.1	AG_LND_FRSTPRCT	Proportion of forest area within legally established protected areas (%)	2019.Q3.G.01	792	Turkey	145	Western Asia	Country	TUR	1	35.42890329	38.9899684		PT	Percentage			G	Global		Country data submitted to FAO	FAO, Global Forest Resources Assessment		C: Country data	4.62655	4.98506	5.13871	5.28382	5.28382	2015
15	15.2	15.2.1	AG_LND_FRSTPRCT	Proportion of forest area within legally established protected areas (%)	2019.Q3.G.01	795	Turkmenistan	143	Central Asia	Country	TKM	1	58.9787665	40.0912346		PT	Percentage			G	Global	[2000]: NA // [2005]: NA // [2010]: NA // [2015]: NA	NA = A figure was not provided.	FAO, Global Forest Resources Assessment		E: Estimated data						2015
15	15.2	15.2.1	AG_LND_FRSTPRCT	Proportion of forest area within legally established protected areas (%)	2019.Q3.G.01	796	Turks and Caicos Islands	029	Caribbean	Country	TCA	0	-71.745121	21.80780585		PT	Percentage			G	Global	[2000]: NA // [2005]: NA // [2010]: NA // [2015]: NA	NA = A figure was not provided.	FAO, Global Forest Resources Assessment		E: Estimated data						2015
15	15.2	15.2.1	AG_LND_FRSTPRCT	Proportion of forest area within legally established protected areas (%)	2019.Q3.G.01	798	Tuvalu	061	Polynesia	Country	TUV	1	178.6679611	-7.460048071		PT	Percentage			G	Global	[2000]: NA // [2005]: NA // [2010]: NA // [2015]: NA	NA = A figure was not provided.	FAO, Global Forest Resources Assessment		E: Estimated data						2015
15	15.2	15.2.1	AG_LND_FRSTPRCT	Proportion of forest area within legally established protected areas (%)	2019.Q3.G.01	800	Uganda	014	Eastern Africa	Country	UGA	1	32.39100438	1.279557331		PT	Percentage			G	Global		Country data submitted to FAO	FAO, Global Forest Resources Assessment		C: Country data	35.19499	35.19499	35.19499	35.19499	35.19499	2015
15	15.2	15.2.1	AG_LND_FRSTPRCT	Proportion of forest area within legally established protected areas (%)	2019.Q3.G.01	804	Ukraine	151	Eastern Europe	Country	UKR	1	31.40270802	49.00735945		PT	Percentage			G	Global	[2000]: NA // [2005]: NA	Country data submitted to FAO	FAO, Global Forest Resources Assessment		C: Country data			11.40106	11.70136	11.70136	2015
15	15.2	15.2.1	AG_LND_FRSTPRCT	Proportion of forest area within legally established protected areas (%)	2019.Q3.G.01	807	North Macedonia	039	Southern Europe	Country	MKD	1	21.7007909	41.60048068		PT	Percentage			G	Global	[2000]: NA // [2005]: NA // [2010]: NA // [2015]: NA	NA = A figure was not provided.	FAO, Global Forest Resources Assessment		E: Estimated data						2015
15	15.2	15.2.1	AG_LND_FRSTPRCT	Proportion of forest area within legally established protected areas (%)	2019.Q3.G.01	818	Egypt	015	Northern Africa	Country	EGY	1	29.77468534	26.57438204		PT	Percentage			G	Global		Country data submitted to FAO	FAO, Global Forest Resources Assessment		C: Country data	26.84932	26.84932	26.84932	26.84932	26.84932	2015
15	15.2	15.2.1	AG_LND_FRSTPRCT	Proportion of forest area within legally established protected areas (%)	2019.Q3.G.01	826	United Kingdom of Great Britain and Northern Ireland	154	Northern Europe	Country	GBR	1	-2.23830539	53.27691757		PT	Percentage			G	Global	[2000]: NA // [2005]: NA // [2015]: NA	Country data submitted to FAO	FAO, Global Forest Resources Assessment		C: Country data			9.22392			2015
15	15.2	15.2.1	AG_LND_FRSTPRCT	Proportion of forest area within legally established protected areas (%)	2019.Q3.G.01	831	Guernsey	830	Channel Islands	Country	GGY	0	-2.200712402	49.71561166		PT	Percentage			G	Global	[2000]: NA // [2005]: NA // [2010]: NA // [2015]: NA	NA = A figure was not provided.	FAO, Global Forest Resources Assessment		E: Estimated data						2015
15	15.2	15.2.1	AG_LND_FRSTPRCT	Proportion of forest area within legally established protected areas (%)	2019.Q3.G.01	832	Jersey	830	Channel Islands	Country	JEY	0	-2.136773508	49.22353354		PT	Percentage			G	Global	[2000]: NA // [2005]: NA // [2010]: NA // [2015]: NA	NA = A figure was not provided.	FAO, Global Forest Resources Assessment		E: Estimated data						2015
15	15.2	15.2.1	AG_LND_FRSTPRCT	Proportion of forest area within legally established protected areas (%)	2019.Q3.G.01	833	Isle of Man	154	Northern Europe	Country	IMN	0	-4.538190305	54.22880901		PT	Percentage			G	Global	[2000]: NA // [2005]: NA // [2010]: NA // [2015]: NA	NA = A figure was not provided.	FAO, Global Forest Resources Assessment		E: Estimated data						2015
15	15.2	15.2.1	AG_LND_FRSTPRCT	Proportion of forest area within legally established protected areas (%)	2019.Q3.G.01	834	United Republic of Tanzania	014	Eastern Africa	Country	TZA	1	34.80521182	-6.265332606		PT	Percentage			G	Global		Country data submitted to FAO	FAO, Global Forest Resources Assessment		C: Country data	4.34216	4.34216	4.34216	4.34216	4.34216	2015
15	15.2	15.2.1	AG_LND_FRSTPRCT	Proportion of forest area within legally established protected areas (%)	2019.Q3.G.01	840	United States of America	021	Northern America	Country	USA	1	-99.13830311	39.5277871		PT	Percentage			G	Global		Country data submitted to FAO	FAO, Global Forest Resources Assessment		C: Country data	7.41547	9.09044	10.76573	10.59772	10.59772	2015
15	15.2	15.2.1	AG_LND_FRSTPRCT	Proportion of forest area within legally established protected areas (%)	2019.Q3.G.01	850	United States Virgin Islands	029	Caribbean	Country	VIR	0	-64.76960113	17.73297693		PT	Percentage			G	Global	[2000]: NA // [2005]: NA // [2010]: NA // [2015]: NA	Country data submitted to FAO	FAO, Global Forest Resources Assessment		C: Country data						2015
15	15.2	15.2.1	AG_LND_FRSTPRCT	Proportion of forest area within legally established protected areas (%)	2019.Q3.G.01	854	Burkina Faso	011	Western Africa	Country	BFA	1	-1.742843829	12.27491081		PT	Percentage			G	Global		Country data submitted to FAO	FAO, Global Forest Resources Assessment		C: Country data	18.91589	18.72897	18.54206	18.37383	18.37383	2015
15	15.2	15.2.1	AG_LND_FRSTPRCT	Proportion of forest area within legally established protected areas (%)	2019.Q3.G.01	858	Uruguay	005	South America	Country	URY	1	-56.01387025	-32.8002838		PT	Percentage			G	Global	[2000]: NA // [2005]: NA	Country data submitted to FAO	FAO, Global Forest Resources Assessment		C: Country data			0.56369	1.77778	1.77778	2015
15	15.2	15.2.1	AG_LND_FRSTPRCT	Proportion of forest area within legally established protected areas (%)	2019.Q3.G.01	860	Uzbekistan	143	Central Asia	Country	UZB	1	63.11944558	41.77560518		PT	Percentage			G	Global		Country data submitted to FAO	FAO, Global Forest Resources Assessment		C: Country data	6.553	8.54064	6.52194	6.52194	6.52194	2015
15	15.2	15.2.1	AG_LND_FRSTPRCT	Proportion of forest area within legally established protected areas (%)	2019.Q3.G.01	862	Venezuela (Bolivarian Republic of)	005	South America	Country	VEN	1	-66.15642084	7.121324748		PT	Percentage			G	Global	[2000]: NA // [2005]: NA	Country data submitted to FAO	FAO, Global Forest Resources Assessment		C: Country data			52.41737	51.50911	51.50911	2015
15	15.2	15.2.1	AG_LND_FRSTPRCT	Proportion of forest area within legally established protected areas (%)	2019.Q3.G.01	876	Wallis and Futuna Islands	061	Polynesia	Country	WLF	0	-176.2034788	-13.28471201		PT	Percentage			G	Global		Country data submitted to FAO	FAO, Global Forest Resources Assessment		C: Country data	0.0	0.0	0.0	3.43053	3.43053	2015
15	15.2	15.2.1	AG_LND_FRSTPRCT	Proportion of forest area within legally established protected areas (%)	2019.Q3.G.01	882	Samoa	061	Polynesia	Country	WSM	1	-172.4430749	-13.61541469		PT	Percentage			G	Global	[2000]: NA // [2005]: NA // [2010]: NA // [2015]: NA	NA = A figure was not provided.	FAO, Global Forest Resources Assessment		E: Estimated data						2015
15	15.2	15.2.1	AG_LND_FRSTPRCT	Proportion of forest area within legally established protected areas (%)	2019.Q3.G.01	887	Yemen	145	Western Asia	Country	YEM	1	45.22389143	15.22242099		PT	Percentage			G	Global		FAO Estimate	FAO, Global Forest Resources Assessment		E: Estimated data	0.0	5.46448	5.64663	5.64663	5.64663	2015
15	15.2	15.2.1	AG_LND_FRSTPRCT	Proportion of forest area within legally established protected areas (%)	2019.Q3.G.01	894	Zambia	014	Eastern Africa	Country	ZMB	1	27.850329	-14.59701056		PT	Percentage			G	Global		Country data submitted to FAO	FAO, Global Forest Resources Assessment		C: Country data	21.95949	21.95949	21.95949	21.95949	21.95949	2015
