goal	target	indicator	seriesCode	seriesDesc	release	geoAreaCode	geoAreaName	parentCode	parentName	type	ISO3	UN_Member	X	Y	basePeriod	unitsCode	unitsDesc	unitmultiplierCode	unitmultiplierDesc	reportingTypeCode	reportingTypeDesc	valueDetails	footnotes	sources	timeDetails	nature	value_2000	value_2001	value_2002	value_2003	value_2004	value_2005	value_2006	value_2007	value_2008	value_2009	value_2010	value_2011	value_2012	value_2013	value_2014	value_2015	value_2016	value_latest_year	latest_year
9	9.4	9.4.1	EN_ATM_CO2	Carbon dioxide emissions from fuel combustion (millions of tonnes)	2019.Q3.G.01	004	Afghanistan	034	Southern Asia	Country	AFG	1	66.02688198	33.83160199																															
9	9.4	9.4.1	EN_ATM_CO2	Carbon dioxide emissions from fuel combustion (millions of tonnes)	2019.Q3.G.01	008	Albania	039	Southern Europe	Country	ALB	1	20.06660928	41.13897007		TONNES_M	Millions of tonnes			G	Global			IEA (2018), CO2 Emissions from Fuel Combustion. https://www.iea.org/statistics		E: Estimated data	3.083	3.224	3.75	3.822	4.007	3.825	3.792	3.776	3.709	3.766	3.93	4.142	3.485	3.646	4.123	3.825	3.674	3.674	2016
9	9.4	9.4.1	EN_ATM_CO2	Carbon dioxide emissions from fuel combustion (millions of tonnes)	2019.Q3.G.01	010	Antarctica	001	World	Country	ATA	0	21.47585697	-80.40897662																															
9	9.4	9.4.1	EN_ATM_CO2	Carbon dioxide emissions from fuel combustion (millions of tonnes)	2019.Q3.G.01	012	Algeria	015	Northern Africa	Country	DZA	1	2.678164227	28.15940032		TONNES_M	Millions of tonnes			G	Global			IEA (2018), CO2 Emissions from Fuel Combustion. https://www.iea.org/statistics		E: Estimated data	61.508	63.017	68.148	71.984	73.377	77.474	80.759	84.88	88.129	94.441	95.535	102.79	112.186	115.657	123.205	130.426	127.64	127.64	2016
9	9.4	9.4.1	EN_ATM_CO2	Carbon dioxide emissions from fuel combustion (millions of tonnes)	2019.Q3.G.01	016	American Samoa	061	Polynesia	Country	ASM	0	-170.7187269	-14.30587306																															
9	9.4	9.4.1	EN_ATM_CO2	Carbon dioxide emissions from fuel combustion (millions of tonnes)	2019.Q3.G.01	020	Andorra	039	Southern Europe	Country	AND	1	1.576257417	42.54548611																															
9	9.4	9.4.1	EN_ATM_CO2	Carbon dioxide emissions from fuel combustion (millions of tonnes)	2019.Q3.G.01	024	Angola	017	Middle Africa	Country	AGO	1	17.57817062	-12.33724746		TONNES_M	Millions of tonnes			G	Global			IEA (2018), CO2 Emissions from Fuel Combustion. https://www.iea.org/statistics		E: Estimated data	4.633	5.033	5.503	7.065	7.716	6.147	8.253	9.651	11.817	13.872	15.133	16.135	16.034	18.155	19.311	19.786	19.552	19.552	2016
9	9.4	9.4.1	EN_ATM_CO2	Carbon dioxide emissions from fuel combustion (millions of tonnes)	2019.Q3.G.01	028	Antigua and Barbuda	029	Caribbean	Country	ATG	1	-61.7999755	17.07761471																															
9	9.4	9.4.1	EN_ATM_CO2	Carbon dioxide emissions from fuel combustion (millions of tonnes)	2019.Q3.G.01	031	Azerbaijan	145	Western Asia	Country	AZE	1	50.01064725	40.39229544		TONNES_M	Millions of tonnes			G	Global			IEA (2018), CO2 Emissions from Fuel Combustion. https://www.iea.org/statistics		E: Estimated data	27.306	25.834	25.515	27.832	27.405	29.018	29.396	26.696	28.811	24.522	23.532	26.45	28.895	29.462	30.794	30.806	31.409	31.409	2016
9	9.4	9.4.1	EN_ATM_CO2	Carbon dioxide emissions from fuel combustion (millions of tonnes)	2019.Q3.G.01	032	Argentina	005	South America	Country	ARG	1	-65.14563274	-35.19446255		TONNES_M	Millions of tonnes			G	Global			IEA (2018), CO2 Emissions from Fuel Combustion. https://www.iea.org/statistics		E: Estimated data	139.356	128.859	121.645	130.844	146.575	149.476	158.757	165.613	176.705	168.916	173.769	181.236	185.783	181.004	184.764	190.385	190.581	190.581	2016
9	9.4	9.4.1	EN_ATM_CO2	Carbon dioxide emissions from fuel combustion (millions of tonnes)	2019.Q3.G.01	036	Australia	053	Australia and New Zealand	Country	AUS	1	134.3499412	-25.57717202		TONNES_M	Millions of tonnes			G	Global			IEA (2018), CO2 Emissions from Fuel Combustion. https://www.iea.org/statistics		E: Estimated data	334.645	340.982	348.963	352.807	366.605	371.867	377.309	387.404	389.925	395.971	389.061	387.083	386.549	382.557	373.334	379.252	392.366	392.366	2016
9	9.4	9.4.1	EN_ATM_CO2	Carbon dioxide emissions from fuel combustion (millions of tonnes)	2019.Q3.G.01	040	Austria	155	Western Europe	Country	AUT	1	14.14172472	47.58704857		TONNES_M	Millions of tonnes			G	Global			IEA (2018), CO2 Emissions from Fuel Combustion. https://www.iea.org/statistics		E: Estimated data	61.82	66.191	67.632	72.708	74.006	74.325	71.833	69.366	69.129	62.82	68.278	66.737	64.105	64.77	61.237	62.508	62.88	62.88	2016
9	9.4	9.4.1	EN_ATM_CO2	Carbon dioxide emissions from fuel combustion (millions of tonnes)	2019.Q3.G.01	044	Bahamas	029	Caribbean	Country	BHS	1	-78.05111663	24.69546597																															
9	9.4	9.4.1	EN_ATM_CO2	Carbon dioxide emissions from fuel combustion (millions of tonnes)	2019.Q3.G.01	048	Bahrain	145	Western Asia	Country	BHR	1	50.5490754	26.04407747		TONNES_M	Millions of tonnes			G	Global			IEA (2018), CO2 Emissions from Fuel Combustion. https://www.iea.org/statistics		E: Estimated data	15.843	16.354	17.197	17.907	17.789	20.565	22.355	22.867	24.616	24.478	25.552	25.574	26.101	28.293	29.695	30.073	29.639	29.639	2016
9	9.4	9.4.1	EN_ATM_CO2	Carbon dioxide emissions from fuel combustion (millions of tonnes)	2019.Q3.G.01	050	Bangladesh	034	Southern Asia	Country	BGD	1	89.17660788	22.86961622		TONNES_M	Millions of tonnes			G	Global			IEA (2018), CO2 Emissions from Fuel Combustion. https://www.iea.org/statistics		E: Estimated data	20.946	24.844	26.55	27.795	29.742	31.96	35.203	37.31	40.882	44.051	49.899	53.297	57.319	59.836	63.047	70.895	73.334	73.334	2016
9	9.4	9.4.1	EN_ATM_CO2	Carbon dioxide emissions from fuel combustion (millions of tonnes)	2019.Q3.G.01	051	Armenia	145	Western Asia	Country	ARM	1	44.93839317	40.29499741		TONNES_M	Millions of tonnes			G	Global			IEA (2018), CO2 Emissions from Fuel Combustion. https://www.iea.org/statistics		E: Estimated data	3.422	3.459	2.907	3.275	3.466	4.13	4.151	4.798	5.273	4.269	4.048	4.673	5.439	5.244	5.22	4.699	4.871	4.871	2016
9	9.4	9.4.1	EN_ATM_CO2	Carbon dioxide emissions from fuel combustion (millions of tonnes)	2019.Q3.G.01	052	Barbados	029	Caribbean	Country	BRB	1	-59.5346489	13.13648273																															
9	9.4	9.4.1	EN_ATM_CO2	Carbon dioxide emissions from fuel combustion (millions of tonnes)	2019.Q3.G.01	056	Belgium	155	Western Europe	Country	BEL	1	4.660976456	50.64104975		TONNES_M	Millions of tonnes			G	Global			IEA (2018), CO2 Emissions from Fuel Combustion. https://www.iea.org/statistics		E: Estimated data	113.773	115.078	107.597	112.44	111.062	107.387	105.441	101.798	103.705	96.761	103.665	92.792	92.308	93.556	87.378	92.65	91.559	91.559	2016
9	9.4	9.4.1	EN_ATM_CO2	Carbon dioxide emissions from fuel combustion (millions of tonnes)	2019.Q3.G.01	060	Bermuda	021	Northern America	Country	BMU	0	-64.78155012	32.27881922																															
9	9.4	9.4.1	EN_ATM_CO2	Carbon dioxide emissions from fuel combustion (millions of tonnes)	2019.Q3.G.01	064	Bhutan	034	Southern Asia	Country	BTN	1	90.45098484	27.39598568																															
9	9.4	9.4.1	EN_ATM_CO2	Carbon dioxide emissions from fuel combustion (millions of tonnes)	2019.Q3.G.01	068	Bolivia (Plurinational State of)	005	South America	Country	BOL	1	-64.66224284	-16.71273412		TONNES_M	Millions of tonnes			G	Global			IEA (2018), CO2 Emissions from Fuel Combustion. https://www.iea.org/statistics		E: Estimated data	7.107	6.813	7.152	7.826	8.527	9.071	9.874	10.79	11.746	12.401	13.711	14.946	16.733	16.91	18.304	18.19	20.193	20.193	2016
9	9.4	9.4.1	EN_ATM_CO2	Carbon dioxide emissions from fuel combustion (millions of tonnes)	2019.Q3.G.01	070	Bosnia and Herzegovina	039	Southern Europe	Country	BIH	1	17.78584332	44.16845548		TONNES_M	Millions of tonnes			G	Global			IEA (2018), CO2 Emissions from Fuel Combustion. https://www.iea.org/statistics		E: Estimated data	13.718	13.501	14.219	14.546	15.187	15.858	17.462	18.415	20.24	20.204	20.483	23.401	21.645	21.51	19.113	19.241	21.959	21.959	2016
9	9.4	9.4.1	EN_ATM_CO2	Carbon dioxide emissions from fuel combustion (millions of tonnes)	2019.Q3.G.01	072	Botswana	018	Southern Africa	Country	BWA	1	23.81380223	-22.18810073		TONNES_M	Millions of tonnes			G	Global			IEA (2018), CO2 Emissions from Fuel Combustion. https://www.iea.org/statistics		E: Estimated data	4.034	3.866	4.027	3.915	3.97	4.279	4.087	4.32	4.393	4.09	3.271	3.884	4.986	5.416	6.986	7.069	6.954	6.954	2016
9	9.4	9.4.1	EN_ATM_CO2	Carbon dioxide emissions from fuel combustion (millions of tonnes)	2019.Q3.G.01	074	Bouvet Island	005	South America	Country	BVT	0	3.410732868	-54.43295905																															
9	9.4	9.4.1	EN_ATM_CO2	Carbon dioxide emissions from fuel combustion (millions of tonnes)	2019.Q3.G.01	076	Brazil	005	South America	Country	BRA	1	-53.08432878	-10.77668561		TONNES_M	Millions of tonnes			G	Global			IEA (2018), CO2 Emissions from Fuel Combustion. https://www.iea.org/statistics		E: Estimated data	292.402	298.972	298.265	292.507	309.85	310.587	314.082	329.654	347.945	324.436	370.615	389.716	422.45	451.514	475.626	451.497	416.693	416.693	2016
9	9.4	9.4.1	EN_ATM_CO2	Carbon dioxide emissions from fuel combustion (millions of tonnes)	2019.Q3.G.01	084	Belize	013	Central America	Country	BLZ	1	-88.70199554	17.19965901																															
9	9.4	9.4.1	EN_ATM_CO2	Carbon dioxide emissions from fuel combustion (millions of tonnes)	2019.Q3.G.01	086	British Indian Ocean Territory	014	Eastern Africa	Country	IOT	0	72.38715553	-7.299281071																															
9	9.4	9.4.1	EN_ATM_CO2	Carbon dioxide emissions from fuel combustion (millions of tonnes)	2019.Q3.G.01	090	Solomon Islands	054	Melanesia	Country	SLB	1	160.1584117	-9.622391719																															
9	9.4	9.4.1	EN_ATM_CO2	Carbon dioxide emissions from fuel combustion (millions of tonnes)	2019.Q3.G.01	092	British Virgin Islands	029	Caribbean	Country	VGB	0	-64.63294223	18.42256578																															
9	9.4	9.4.1	EN_ATM_CO2	Carbon dioxide emissions from fuel combustion (millions of tonnes)	2019.Q3.G.01	096	Brunei Darussalam	035	South-Eastern Asia	Country	BRN	1	114.6288563	4.49736984		TONNES_M	Millions of tonnes			G	Global			IEA (2018), CO2 Emissions from Fuel Combustion. https://www.iea.org/statistics		E: Estimated data	4.426	4.311	4.361	5.249	4.92	4.823	7.216	6.844	7.223	7.434	6.862	7.013	6.97	6.854	6.697	5.978	6.32	6.32	2016
9	9.4	9.4.1	EN_ATM_CO2	Carbon dioxide emissions from fuel combustion (millions of tonnes)	2019.Q3.G.01	100	Bulgaria	151	Eastern Europe	Country	BGR	1	25.23763153	42.75731323		TONNES_M	Millions of tonnes			G	Global			IEA (2018), CO2 Emissions from Fuel Combustion. https://www.iea.org/statistics		E: Estimated data	42.167	45.002	42.461	46.706	45.774	46.473	47.623	50.959	48.5	42.373	44.362	49.166	44.415	39.296	41.576	43.748	40.513	40.513	2016
9	9.4	9.4.1	EN_ATM_CO2	Carbon dioxide emissions from fuel combustion (millions of tonnes)	2019.Q3.G.01	104	Myanmar	035	South-Eastern Asia	Country	MMR	1	96.51752295	21.19332882		TONNES_M	Millions of tonnes			G	Global			IEA (2018), CO2 Emissions from Fuel Combustion. https://www.iea.org/statistics		E: Estimated data	9.282	8.2	8.082	10.259	9.921	10.477	9.715	10.117	7.608	7.214	7.906	8.102	11.447	13.168	16.538	18.671	21.089	21.089	2016
9	9.4	9.4.1	EN_ATM_CO2	Carbon dioxide emissions from fuel combustion (millions of tonnes)	2019.Q3.G.01	108	Burundi	014	Eastern Africa	Country	BDI	1	29.89080992	-3.366387428																															
9	9.4	9.4.1	EN_ATM_CO2	Carbon dioxide emissions from fuel combustion (millions of tonnes)	2019.Q3.G.01	112	Belarus	151	Eastern Europe	Country	BLR	1	28.04940161	53.54193075		TONNES_M	Millions of tonnes			G	Global			IEA (2018), CO2 Emissions from Fuel Combustion. https://www.iea.org/statistics		E: Estimated data	52.128	50.92	50.793	51.384	54.475	55.023	57.249	55.737	58.453	55.325	59.535	56.423	57.633	57.599	56.836	52.659	53.097	53.097	2016
9	9.4	9.4.1	EN_ATM_CO2	Carbon dioxide emissions from fuel combustion (millions of tonnes)	2019.Q3.G.01	116	Cambodia	035	South-Eastern Asia	Country	KHM	1	104.922836	12.71163737		TONNES_M	Millions of tonnes			G	Global			IEA (2018), CO2 Emissions from Fuel Combustion. https://www.iea.org/statistics		E: Estimated data	1.963	2.153	2.211	2.378	2.378	2.639	2.945	3.571	3.65	4.37	4.622	4.845	5.054	5.171	6.098	8.012	9.287	9.287	2016
9	9.4	9.4.1	EN_ATM_CO2	Carbon dioxide emissions from fuel combustion (millions of tonnes)	2019.Q3.G.01	120	Cameroon	017	Middle Africa	Country	CMR	1	12.7419827	5.692387031		TONNES_M	Millions of tonnes			G	Global			IEA (2018), CO2 Emissions from Fuel Combustion. https://www.iea.org/statistics		E: Estimated data	2.788	2.707	2.896	2.983	3.014	2.936	3.106	4.118	4.269	4.81	5.051	4.874	4.962	5.387	6.027	5.945	6.113	6.113	2016
9	9.4	9.4.1	EN_ATM_CO2	Carbon dioxide emissions from fuel combustion (millions of tonnes)	2019.Q3.G.01	124	Canada	021	Northern America	Country	CAN	1	-101.6575058	57.72360191		TONNES_M	Millions of tonnes			G	Global			IEA (2018), CO2 Emissions from Fuel Combustion. https://www.iea.org/statistics		E: Estimated data	516.259	508.579	514.445	534.262	526.181	540.036	530.718	561.894	541.978	514.489	529.467	537.273	534.263	542.45	544.013	541.766	540.766	540.766	2016
9	9.4	9.4.1	EN_ATM_CO2	Carbon dioxide emissions from fuel combustion (millions of tonnes)	2019.Q3.G.01	132	Cabo Verde	011	Western Africa	Country	CPV	1	-23.63544151	15.07791834																															
9	9.4	9.4.1	EN_ATM_CO2	Carbon dioxide emissions from fuel combustion (millions of tonnes)	2019.Q3.G.01	136	Cayman Islands	029	Caribbean	Country	CYM	0	-81.16740559	19.32266656																															
9	9.4	9.4.1	EN_ATM_CO2	Carbon dioxide emissions from fuel combustion (millions of tonnes)	2019.Q3.G.01	140	Central African Republic	017	Middle Africa	Country	CAF	1	20.93559492	7.003720791																															
9	9.4	9.4.1	EN_ATM_CO2	Carbon dioxide emissions from fuel combustion (millions of tonnes)	2019.Q3.G.01	144	Sri Lanka	034	Southern Asia	Country	LKA	1	80.70489654	7.614693343		TONNES_M	Millions of tonnes			G	Global			IEA (2018), CO2 Emissions from Fuel Combustion. https://www.iea.org/statistics		E: Estimated data	10.523	10.403	10.978	11.949	12.314	13.393	11.78	12.937	12.123	11.566	12.409	14.673	16.068	13.741	16.88	19.49	20.899	20.899	2016
9	9.4	9.4.1	EN_ATM_CO2	Carbon dioxide emissions from fuel combustion (millions of tonnes)	2019.Q3.G.01	148	Chad	017	Middle Africa	Country	TCD	1	18.66618401	15.36279341																															
9	9.4	9.4.1	EN_ATM_CO2	Carbon dioxide emissions from fuel combustion (millions of tonnes)	2019.Q3.G.01	152	Chile	005	South America	Country	CHL	1	-71.23029019	-35.2652885		TONNES_M	Millions of tonnes			G	Global			IEA (2018), CO2 Emissions from Fuel Combustion. https://www.iea.org/statistics		E: Estimated data	48.624	46.674	47.427	48.617	53.349	54.435	55.677	63.075	66.533	64.213	68.605	75.317	77.236	81.862	75.47	81.154	85.29	85.29	2016
9	9.4	9.4.1	EN_ATM_CO2	Carbon dioxide emissions from fuel combustion (millions of tonnes)	2019.Q3.G.01	156	China	030	Eastern Asia	Country	CHN	1	104.1403375	32.30955217		TONNES_M	Millions of tonnes			G	Global			IEA (2018), CO2 Emissions from Fuel Combustion. https://www.iea.org/statistics		E: Estimated data	3099.685	3255.951	3511.728	4068.095	4741.831	5406.473	5960.358	6471.236	6667.084	7128.371	7791.614	8565.987	8814.485	9190.74	9125.139	9102.685	9056.8	9056.8	2016
9	9.4	9.4.1	EN_ATM_CO2	Carbon dioxide emissions from fuel combustion (millions of tonnes)	2019.Q3.G.01	162	Christmas Island	053	Australia and New Zealand	Country	CXR	0	105.6426067	-10.4882473																															
9	9.4	9.4.1	EN_ATM_CO2	Carbon dioxide emissions from fuel combustion (millions of tonnes)	2019.Q3.G.01	166	Cocos (Keeling) Islands	053	Australia and New Zealand	Country	CCK	0	96.82633757	-12.18600682																															
9	9.4	9.4.1	EN_ATM_CO2	Carbon dioxide emissions from fuel combustion (millions of tonnes)	2019.Q3.G.01	170	Colombia	005	South America	Country	COL	1	-73.07446751	3.888209046		TONNES_M	Millions of tonnes			G	Global			IEA (2018), CO2 Emissions from Fuel Combustion. https://www.iea.org/statistics		E: Estimated data	54.176	54.643	52.522	51.851	51.983	53.585	53.659	54.769	55.631	59.044	60.224	65.41	65.231	75.36	78.593	78.347	85.873	85.873	2016
9	9.4	9.4.1	EN_ATM_CO2	Carbon dioxide emissions from fuel combustion (millions of tonnes)	2019.Q3.G.01	174	Comoros	014	Eastern Africa	Country	COM	1	43.34234565	-11.66121732																															
9	9.4	9.4.1	EN_ATM_CO2	Carbon dioxide emissions from fuel combustion (millions of tonnes)	2019.Q3.G.01	175	Mayotte	014	Eastern Africa	Country	MYT	0	45.14015057	-12.82217691																															
9	9.4	9.4.1	EN_ATM_CO2	Carbon dioxide emissions from fuel combustion (millions of tonnes)	2019.Q3.G.01	178	Congo	011	Western Africa	Country	COG	1	15.22052612	-0.840544119		TONNES_M	Millions of tonnes			G	Global			IEA (2018), CO2 Emissions from Fuel Combustion. https://www.iea.org/statistics		E: Estimated data	0.498	0.635	0.504	0.752	0.781	0.844	1.022	1.097	1.372	1.569	1.833	2.094	2.229	2.537	2.64	2.703	2.65	2.65	2016
9	9.4	9.4.1	EN_ATM_CO2	Carbon dioxide emissions from fuel combustion (millions of tonnes)	2019.Q3.G.01	180	Democratic Republic of the Congo	017	Middle Africa	Country	COD	1	23.65496507	-2.877154732		TONNES_M	Millions of tonnes			G	Global			IEA (2018), CO2 Emissions from Fuel Combustion. https://www.iea.org/statistics		E: Estimated data	0.853	0.713	0.771	0.938	1.013	1.282	1.393	1.543	1.716	1.737	1.869	2.345	2.271	3.476	4.657	2.735	1.979	1.979	2016
9	9.4	9.4.1	EN_ATM_CO2	Carbon dioxide emissions from fuel combustion (millions of tonnes)	2019.Q3.G.01	184	Cook Islands	061	Polynesia	Country	COK	0	-159.7711391	-21.22696458																															
9	9.4	9.4.1	EN_ATM_CO2	Carbon dioxide emissions from fuel combustion (millions of tonnes)	2019.Q3.G.01	188	Costa Rica	013	Central America	Country	CRI	1	-84.19712782	9.970998683		TONNES_M	Millions of tonnes			G	Global			IEA (2018), CO2 Emissions from Fuel Combustion. https://www.iea.org/statistics		E: Estimated data	4.499	4.913	5.024	5.324	5.313	5.438	5.971	6.677	6.679	6.363	6.615	6.767	6.841	7.232	7.266	6.933	7.48	7.48	2016
9	9.4	9.4.1	EN_ATM_CO2	Carbon dioxide emissions from fuel combustion (millions of tonnes)	2019.Q3.G.01	191	Croatia	039	Southern Europe	Country	HRV	1	17.95874553	45.45172212		TONNES_M	Millions of tonnes			G	Global			IEA (2018), CO2 Emissions from Fuel Combustion. https://www.iea.org/statistics		E: Estimated data	16.783	17.754	18.855	20.181	19.605	19.916	19.976	21.222	20.166	19.065	18.248	17.951	16.419	15.902	15.117	15.513	15.858	15.858	2016
9	9.4	9.4.1	EN_ATM_CO2	Carbon dioxide emissions from fuel combustion (millions of tonnes)	2019.Q3.G.01	192	Cuba	029	Caribbean	Country	CUB	1	-79.54460144	22.10030366		TONNES_M	Millions of tonnes			G	Global			IEA (2018), CO2 Emissions from Fuel Combustion. https://www.iea.org/statistics		E: Estimated data	27.344	26.466	25.241	24.503	24.224	25.051	25.442	26.313	25.469	26.297	29.509	27.812	28.089	26.648	26.208	26.845	23.278	23.278	2016
9	9.4	9.4.1	EN_ATM_CO2	Carbon dioxide emissions from fuel combustion (millions of tonnes)	2019.Q3.G.01	196	Cyprus	145	Western Asia	Country	CYP	1	33.22285964	35.05659437		TONNES_M	Millions of tonnes			G	Global			IEA (2018), CO2 Emissions from Fuel Combustion. https://www.iea.org/statistics		E: Estimated data	6.305	6.189	6.343	7.018	6.907	7.048	7.114	7.425	7.579	7.502	7.261	7.001	6.516	5.63	5.777	5.901	6.269	6.269	2016
9	9.4	9.4.1	EN_ATM_CO2	Carbon dioxide emissions from fuel combustion (millions of tonnes)	2019.Q3.G.01	203	Czechia	151	Eastern Europe	Country	CZE	1	15.33151382	49.73913871		TONNES_M	Millions of tonnes			G	Global			IEA (2018), CO2 Emissions from Fuel Combustion. https://www.iea.org/statistics		E: Estimated data	121.23	121.092	117.125	121.281	121.811	118.37	118.85	121.582	116.364	109.643	112.569	109.466	105.899	101.631	98.529	99.65	101.399	101.399	2016
9	9.4	9.4.1	EN_ATM_CO2	Carbon dioxide emissions from fuel combustion (millions of tonnes)	2019.Q3.G.01	204	Benin	011	Western Africa	Country	BEN	1	2.339933594	9.65401646		TONNES_M	Millions of tonnes			G	Global			IEA (2018), CO2 Emissions from Fuel Combustion. https://www.iea.org/statistics		E: Estimated data	1.425	1.735	2.02	2.277	2.434	2.678	3.246	3.786	3.836	4.194	4.573	4.438	4.214	4.449	4.784	5.297	5.695	5.695	2016
9	9.4	9.4.1	EN_ATM_CO2	Carbon dioxide emissions from fuel combustion (millions of tonnes)	2019.Q3.G.01	208	Denmark	154	Northern Europe	Country	DNK	1	9.326571283	56.03829721		TONNES_M	Millions of tonnes			G	Global			IEA (2018), CO2 Emissions from Fuel Combustion. https://www.iea.org/statistics		E: Estimated data	50.797	52.374	52.089	57.489	51.848	48.495	56.404	51.64	48.66	46.925	47.254	42.056	36.858	38.628	34.441	31.956	33.456	33.456	2016
9	9.4	9.4.1	EN_ATM_CO2	Carbon dioxide emissions from fuel combustion (millions of tonnes)	2019.Q3.G.01	212	Dominica	029	Caribbean	Country	DMA	1	-61.3493756	15.43391378																															
9	9.4	9.4.1	EN_ATM_CO2	Carbon dioxide emissions from fuel combustion (millions of tonnes)	2019.Q3.G.01	214	Dominican Republic	029	Caribbean	Country	DOM	1	-70.49847576	18.89832088		TONNES_M	Millions of tonnes			G	Global			IEA (2018), CO2 Emissions from Fuel Combustion. https://www.iea.org/statistics		E: Estimated data	17.601	17.811	19.592	17.507	16.151	17.399	18.456	18.826	18.773	18.009	19.022	19.242	19.951	19.599	19.449	21.469	22.37	22.37	2016
9	9.4	9.4.1	EN_ATM_CO2	Carbon dioxide emissions from fuel combustion (millions of tonnes)	2019.Q3.G.01	218	Ecuador	005	South America	Country	ECU	1	-78.37005241	-1.447785891		TONNES_M	Millions of tonnes			G	Global			IEA (2018), CO2 Emissions from Fuel Combustion. https://www.iea.org/statistics		E: Estimated data	18.138	19.291	19.809	19.595	22.214	23.927	25.424	26.096	26.159	28.776	32.056	32.136	33.507	35.17	37.955	36.756	35.018	35.018	2016
9	9.4	9.4.1	EN_ATM_CO2	Carbon dioxide emissions from fuel combustion (millions of tonnes)	2019.Q3.G.01	222	El Salvador	013	Central America	Country	SLV	1	-88.86862995	13.73603564		TONNES_M	Millions of tonnes			G	Global			IEA (2018), CO2 Emissions from Fuel Combustion. https://www.iea.org/statistics		E: Estimated data	5.175	5.512	5.535	5.911	5.931	6.253	6.524	6.923	6.143	6.036	5.826	6.013	6.017	5.731	5.946	6.465	6.759	6.759	2016
9	9.4	9.4.1	EN_ATM_CO2	Carbon dioxide emissions from fuel combustion (millions of tonnes)	2019.Q3.G.01	226	Equatorial Guinea	017	Middle Africa	Country	GNQ	1	10.46535826	1.565792376																															
9	9.4	9.4.1	EN_ATM_CO2	Carbon dioxide emissions from fuel combustion (millions of tonnes)	2019.Q3.G.01	231	Ethiopia	014	Eastern Africa	Country	ETH	1	39.63505296	8.631223181		TONNES_M	Millions of tonnes			G	Global			IEA (2018), CO2 Emissions from Fuel Combustion. https://www.iea.org/statistics		E: Estimated data	3.201	4.039	4.21	4.571	4.804	4.492	4.805	5.538	6.267	6.385	5.985	6.886	7.287	8.514	10.132	10.2	10.929	10.929	2016
9	9.4	9.4.1	EN_ATM_CO2	Carbon dioxide emissions from fuel combustion (millions of tonnes)	2019.Q3.G.01	232	Eritrea	014	Eastern Africa	Country	ERI	1	38.11074289	16.12894644		TONNES_M	Millions of tonnes			G	Global			IEA (2018), CO2 Emissions from Fuel Combustion. https://www.iea.org/statistics		E: Estimated data	0.615	0.675	0.658	0.667	0.661	0.578	0.502	0.492	0.426	0.447	0.48	0.514	0.549	0.562	0.587	0.612	0.631	0.631	2016
9	9.4	9.4.1	EN_ATM_CO2	Carbon dioxide emissions from fuel combustion (millions of tonnes)	2019.Q3.G.01	233	Estonia	154	Northern Europe	Country	EST	1	25.84093481	58.68487172		TONNES_M	Millions of tonnes			G	Global			IEA (2018), CO2 Emissions from Fuel Combustion. https://www.iea.org/statistics		E: Estimated data	14.448	14.908	14.505	16.49	16.544	16.743	15.465	19.248	17.679	14.694	18.564	17.627	16.364	18.775	17.393	15.112	16.37	16.37	2016
9	9.4	9.4.1	EN_ATM_CO2	Carbon dioxide emissions from fuel combustion (millions of tonnes)	2019.Q3.G.01	234	Faroe Islands	154	Northern Europe	Country	FRO	0	-7.122044325	62.21228119																															
9	9.4	9.4.1	EN_ATM_CO2	Carbon dioxide emissions from fuel combustion (millions of tonnes)	2019.Q3.G.01	238	Falkland Islands (Malvinas)	005	South America	Country	FLK	0	-58.75246778	-51.74562601																															
9	9.4	9.4.1	EN_ATM_CO2	Carbon dioxide emissions from fuel combustion (millions of tonnes)	2019.Q3.G.01	239	South Georgia and the South Sandwich Islands	005	South America	Country	SGS	0	-36.90662765	-54.20736749																															
9	9.4	9.4.1	EN_ATM_CO2	Carbon dioxide emissions from fuel combustion (millions of tonnes)	2019.Q3.G.01	242	Fiji	054	Melanesia	Country	FJI	1	177.9660884	-17.83301566																															
9	9.4	9.4.1	EN_ATM_CO2	Carbon dioxide emissions from fuel combustion (millions of tonnes)	2019.Q3.G.01	246	Finland	154	Northern Europe	Country	FIN	1	23.308447	61.91586738		TONNES_M	Millions of tonnes			G	Global			IEA (2018), CO2 Emissions from Fuel Combustion. https://www.iea.org/statistics		E: Estimated data	54.593	60.585	62.955	71.241	67.154	54.918	66.451	64.497	56.044	53.796	61.994	54.559	48.905	49.528	45.498	42.428	45.522	45.522	2016
9	9.4	9.4.1	EN_ATM_CO2	Carbon dioxide emissions from fuel combustion (millions of tonnes)	2019.Q3.G.01	248	Åland Islands	154	Northern Europe	Country	ALA	0	19.80945969	60.1544901																															
9	9.4	9.4.1	EN_ATM_CO2	Carbon dioxide emissions from fuel combustion (millions of tonnes)	2019.Q3.G.01	250	France	155	Western Europe	Country	FRA	1	2.457288129	46.62660861		TONNES_M	Millions of tonnes			G	Global			IEA (2018), CO2 Emissions from Fuel Combustion. https://www.iea.org/statistics		E: Estimated data	364.675	368.205	362.524	368.283	369.081	371.893	362.611	354.326	350.083	336.751	341.032	313.972	317.133	317.535	285.535	292.162	292.922	292.922	2016
9	9.4	9.4.1	EN_ATM_CO2	Carbon dioxide emissions from fuel combustion (millions of tonnes)	2019.Q3.G.01	254	French Guiana	005	South America	Country	GUF	0	-53.23619089	3.922673437																															
9	9.4	9.4.1	EN_ATM_CO2	Carbon dioxide emissions from fuel combustion (millions of tonnes)	2019.Q3.G.01	258	French Polynesia	061	Polynesia	Country	PYF	0	-149.4052367	-17.67709294																															
9	9.4	9.4.1	EN_ATM_CO2	Carbon dioxide emissions from fuel combustion (millions of tonnes)	2019.Q3.G.01	260	French Southern Territories	014	Eastern Africa	Country	ATF	0	69.64849091	-49.6068576																															
9	9.4	9.4.1	EN_ATM_CO2	Carbon dioxide emissions from fuel combustion (millions of tonnes)	2019.Q3.G.01	262	Djibouti	014	Eastern Africa	Country	DJI	1	42.18274707	11.56004161																															
9	9.4	9.4.1	EN_ATM_CO2	Carbon dioxide emissions from fuel combustion (millions of tonnes)	2019.Q3.G.01	266	Gabon	017	Middle Africa	Country	GAB	1	11.78727747	-0.60687619		TONNES_M	Millions of tonnes			G	Global			IEA (2018), CO2 Emissions from Fuel Combustion. https://www.iea.org/statistics		E: Estimated data	1.465	1.477	1.385	1.389	1.431	1.733	1.802	1.938	2.006	2.07	2.65	2.972	3.121	3.274	3.242	3.243	3.351	3.351	2016
9	9.4	9.4.1	EN_ATM_CO2	Carbon dioxide emissions from fuel combustion (millions of tonnes)	2019.Q3.G.01	268	Georgia	145	Western Asia	Country	GEO	1	43.3713615	42.04813028		TONNES_M	Millions of tonnes			G	Global			IEA (2018), CO2 Emissions from Fuel Combustion. https://www.iea.org/statistics		E: Estimated data	4.633	3.382	2.82	3.02	3.205	4.066	4.526	5.453	4.667	5.292	4.995	5.954	6.61	6.685	7.72	8.383	8.81	8.81	2016
9	9.4	9.4.1	EN_ATM_CO2	Carbon dioxide emissions from fuel combustion (millions of tonnes)	2019.Q3.G.01	270	Gambia	011	Western Africa	Country	GMB	1	-15.39944785	13.45295927																															
9	9.4	9.4.1	EN_ATM_CO2	Carbon dioxide emissions from fuel combustion (millions of tonnes)	2019.Q3.G.01	275	State of Palestine	145	Western Asia	Country	PSE	0	35.25694122	31.94347933																															
9	9.4	9.4.1	EN_ATM_CO2	Carbon dioxide emissions from fuel combustion (millions of tonnes)	2019.Q3.G.01	276	Germany	155	Western Europe	Country	DEU	1	10.3806066	51.08862743		TONNES_M	Millions of tonnes			G	Global			IEA (2018), CO2 Emissions from Fuel Combustion. https://www.iea.org/statistics		E: Estimated data	812.312	831.479	817.902	820.732	804.673	786.664	799.17	766.722	775.187	720.205	758.803	731.225	744.674	763.769	723.177	729.684	731.623	731.623	2016
9	9.4	9.4.1	EN_ATM_CO2	Carbon dioxide emissions from fuel combustion (millions of tonnes)	2019.Q3.G.01	288	Ghana	011	Western Africa	Country	GHA	1	-1.205623522	7.964825185		TONNES_M	Millions of tonnes			G	Global			IEA (2018), CO2 Emissions from Fuel Combustion. https://www.iea.org/statistics		E: Estimated data	4.98	5.481	6.69	6.409	5.919	6.398	7.753	8.392	7.763	9.25	10.45	10.818	12.775	13.652	13.226	14.056	12.776	12.776	2016
9	9.4	9.4.1	EN_ATM_CO2	Carbon dioxide emissions from fuel combustion (millions of tonnes)	2019.Q3.G.01	292	Gibraltar	039	Southern Europe	Country	GIB	0	-5.347561686	36.13895036		TONNES_M	Millions of tonnes			G	Global			IEA (2018), CO2 Emissions from Fuel Combustion. https://www.iea.org/statistics		E: Estimated data	0.34	0.349	0.356	0.362	0.393	0.406	0.424	0.421	0.43	0.471	0.474	0.459	0.468	0.499	0.537	0.59	0.646	0.646	2016
9	9.4	9.4.1	EN_ATM_CO2	Carbon dioxide emissions from fuel combustion (millions of tonnes)	2019.Q3.G.01	296	Kiribati	057	Micronesia	Country	KIR	1	-157.5643005	1.768837732																															
9	9.4	9.4.1	EN_ATM_CO2	Carbon dioxide emissions from fuel combustion (millions of tonnes)	2019.Q3.G.01	300	Greece	039	Southern Europe	Country	GRC	1	22.58307827	39.47301873		TONNES_M	Millions of tonnes			G	Global			IEA (2018), CO2 Emissions from Fuel Combustion. https://www.iea.org/statistics		E: Estimated data	87.924	90.042	90.283	93.849	93.481	95.156	94.104	97.903	94.352	90.158	83.369	82.117	76.986	68.845	65.727	64.543	63.077	63.077	2016
9	9.4	9.4.1	EN_ATM_CO2	Carbon dioxide emissions from fuel combustion (millions of tonnes)	2019.Q3.G.01	304	Greenland	021	Northern America	Country	GRL	0	-41.39371316	74.75625681																															
9	9.4	9.4.1	EN_ATM_CO2	Carbon dioxide emissions from fuel combustion (millions of tonnes)	2019.Q3.G.01	308	Grenada	029	Caribbean	Country	GRD	1	-61.68248568	12.11238395																															
9	9.4	9.4.1	EN_ATM_CO2	Carbon dioxide emissions from fuel combustion (millions of tonnes)	2019.Q3.G.01	312	Guadeloupe	029	Caribbean	Country	GLP	0	-61.64762115	16.14416917																															
9	9.4	9.4.1	EN_ATM_CO2	Carbon dioxide emissions from fuel combustion (millions of tonnes)	2019.Q3.G.01	316	Guam	057	Micronesia	Country	GUM	0	144.7029305	13.35485404																															
9	9.4	9.4.1	EN_ATM_CO2	Carbon dioxide emissions from fuel combustion (millions of tonnes)	2019.Q3.G.01	320	Guatemala	013	Central America	Country	GTM	1	-91.2312746	15.00273719		TONNES_M	Millions of tonnes			G	Global			IEA (2018), CO2 Emissions from Fuel Combustion. https://www.iea.org/statistics		E: Estimated data	8.582	8.99	9.653	9.642	10.237	10.622	10.631	11.476	10.252	11.232	10.266	10.565	10.959	11.831	12.702	15.155	16.252	16.252	2016
9	9.4	9.4.1	EN_ATM_CO2	Carbon dioxide emissions from fuel combustion (millions of tonnes)	2019.Q3.G.01	324	Guinea	011	Western Africa	Country	GIN	1	-11.28173419	11.00210343																															
9	9.4	9.4.1	EN_ATM_CO2	Carbon dioxide emissions from fuel combustion (millions of tonnes)	2019.Q3.G.01	328	Guyana	005	South America	Country	GUY	1	-58.97322037	4.788012784																															
9	9.4	9.4.1	EN_ATM_CO2	Carbon dioxide emissions from fuel combustion (millions of tonnes)	2019.Q3.G.01	332	Haiti	029	Caribbean	Country	HTI	1	-72.33640958	18.40426539		TONNES_M	Millions of tonnes			G	Global			IEA (2018), CO2 Emissions from Fuel Combustion. https://www.iea.org/statistics		E: Estimated data	1.384	1.514	1.732	1.642	1.89	1.981	2.025	2.317	2.317	2.239	2.095	2.14	2.082	2.166	2.763	3.209	3.25	3.25	2016
9	9.4	9.4.1	EN_ATM_CO2	Carbon dioxide emissions from fuel combustion (millions of tonnes)	2019.Q3.G.01	334	Heard Island and McDonald Islands	053	Australia and New Zealand	Country	HMD	0	73.52633626	-53.09106147																															
9	9.4	9.4.1	EN_ATM_CO2	Carbon dioxide emissions from fuel combustion (millions of tonnes)	2019.Q3.G.01	336	Holy See	039	Southern Europe	Country	VAT	0	12.45315803	41.90343751																															
9	9.4	9.4.1	EN_ATM_CO2	Carbon dioxide emissions from fuel combustion (millions of tonnes)	2019.Q3.G.01	340	Honduras	013	Central America	Country	HND	1	-86.59974381	14.82243161		TONNES_M	Millions of tonnes			G	Global			IEA (2018), CO2 Emissions from Fuel Combustion. https://www.iea.org/statistics		E: Estimated data	4.488	5.291	5.62	6.246	7.036	7.161	6.399	8.118	7.878	7.522	7.497	8.21	8.535	8.754	8.445	9.237	9.13	9.13	2016
9	9.4	9.4.1	EN_ATM_CO2	Carbon dioxide emissions from fuel combustion (millions of tonnes)	2019.Q3.G.01	344	China, Hong Kong Special Administrative Region	030	Eastern Asia	Country	HKG	0	114.0266445	22.41749934		TONNES_M	Millions of tonnes			G	Global			IEA (2018), CO2 Emissions from Fuel Combustion. https://www.iea.org/statistics		E: Estimated data	40.347	41.45	40.123	42.819	40.911	41.332	42.321	44.032	42.858	46.247	41.997	45.649	45.099	46.051	47.914	43.917	44.729	44.729	2016
9	9.4	9.4.1	EN_ATM_CO2	Carbon dioxide emissions from fuel combustion (millions of tonnes)	2019.Q3.G.01	348	Hungary	151	Eastern Europe	Country	HUN	1	19.41221519	47.1651448		TONNES_M	Millions of tonnes			G	Global			IEA (2018), CO2 Emissions from Fuel Combustion. https://www.iea.org/statistics		E: Estimated data	53.28	54.923	54.174	56.775	55.061	54.722	54.162	52.522	51.753	46.866	47.145	46.344	42.749	40.247	40.059	42.708	43.924	43.924	2016
9	9.4	9.4.1	EN_ATM_CO2	Carbon dioxide emissions from fuel combustion (millions of tonnes)	2019.Q3.G.01	352	Iceland	154	Northern Europe	Country	ISL	1	-19.02116966	64.79134763		TONNES_M	Millions of tonnes			G	Global			IEA (2018), CO2 Emissions from Fuel Combustion. https://www.iea.org/statistics		E: Estimated data	2.161	2.106	2.206	2.194	2.27	2.235	2.273	2.32	2.122	2.08	1.949	1.869	1.86	2.032	2.048	2.057	2.065	2.065	2016
9	9.4	9.4.1	EN_ATM_CO2	Carbon dioxide emissions from fuel combustion (millions of tonnes)	2019.Q3.G.01	356	India	034	Southern Asia	Country	IND	1	79.3608464	22.34642074		TONNES_M	Millions of tonnes			G	Global			IEA (2018), CO2 Emissions from Fuel Combustion. https://www.iea.org/statistics		E: Estimated data	884.724	899.11	929.343	947.584	1022.028	1072.057	1143.893	1256.96	1334.824	1498.026	1580.624	1664.996	1800.97	1851.876	2015.292	2026.106	2076.833	2076.833	2016
9	9.4	9.4.1	EN_ATM_CO2	Carbon dioxide emissions from fuel combustion (millions of tonnes)	2019.Q3.G.01	360	Indonesia	035	South-Eastern Asia	Country	IDN	1	113.9174	-0.994582204		TONNES_M	Millions of tonnes			G	Global			IEA (2018), CO2 Emissions from Fuel Combustion. https://www.iea.org/statistics		E: Estimated data	255.411	274.46	280.09	308.794	316.044	318.634	340.16	356.192	350.338	362.398	362.036	391.63	414.458	417.206	455.604	454.622	454.893	454.893	2016
9	9.4	9.4.1	EN_ATM_CO2	Carbon dioxide emissions from fuel combustion (millions of tonnes)	2019.Q3.G.01	364	Iran (Islamic Republic of)	034	Southern Asia	Country	IRN	1	54.19766348	32.74370885		TONNES_M	Millions of tonnes			G	Global			IEA (2018), CO2 Emissions from Fuel Combustion. https://www.iea.org/statistics		E: Estimated data	312.265	327.351	343.057	357.394	385.876	417.781	449.26	480.065	487.344	504.287	498.608	507.802	512.345	535.98	556.684	553.299	563.379	563.379	2016
9	9.4	9.4.1	EN_ATM_CO2	Carbon dioxide emissions from fuel combustion (millions of tonnes)	2019.Q3.G.01	368	Iraq	145	Western Asia	Country	IRQ	1	43.76606267	33.05013795		TONNES_M	Millions of tonnes			G	Global			IEA (2018), CO2 Emissions from Fuel Combustion. https://www.iea.org/statistics		E: Estimated data	70.503	80.279	75.127	69.585	72.873	73.176	68.98	62.807	72.741	92.22	103.932	110.524	126.59	135.591	140.804	130.379	139.909	139.909	2016
9	9.4	9.4.1	EN_ATM_CO2	Carbon dioxide emissions from fuel combustion (millions of tonnes)	2019.Q3.G.01	372	Ireland	154	Northern Europe	Country	IRL	1	-7.121425272	53.25274054		TONNES_M	Millions of tonnes			G	Global			IEA (2018), CO2 Emissions from Fuel Combustion. https://www.iea.org/statistics		E: Estimated data	40.913	43.064	42.18	42.096	42.569	44.393	45.459	44.649	44.267	39.695	39.531	35.393	35.913	34.607	34.089	35.355	36.868	36.868	2016
9	9.4	9.4.1	EN_ATM_CO2	Carbon dioxide emissions from fuel combustion (millions of tonnes)	2019.Q3.G.01	376	Israel	145	Western Asia	Country	ISR	1	34.62277992	31.06164552		TONNES_M	Millions of tonnes			G	Global			IEA (2018), CO2 Emissions from Fuel Combustion. https://www.iea.org/statistics		E: Estimated data	54.844	56.131	59.258	61.002	61.175	58.797	62.007	64.268	64.479	63.854	68.438	67.512	73.752	65.176	62.863	64.396	63.742	63.742	2016
9	9.4	9.4.1	EN_ATM_CO2	Carbon dioxide emissions from fuel combustion (millions of tonnes)	2019.Q3.G.01	380	Italy	039	Southern Europe	Country	ITA	1	12.57022427	42.79917282		TONNES_M	Millions of tonnes			G	Global			IEA (2018), CO2 Emissions from Fuel Combustion. https://www.iea.org/statistics		E: Estimated data	420.437	420.181	427.183	445.258	454.995	456.432	449.184	441.461	428.854	383.717	391.992	384.107	366.677	337.576	319.192	329.683	325.671	325.671	2016
9	9.4	9.4.1	EN_ATM_CO2	Carbon dioxide emissions from fuel combustion (millions of tonnes)	2019.Q3.G.01	384	Côte d'Ivoire	011	Western Africa	Country	CIV	1	-5.552690016	7.62211586		TONNES_M	Millions of tonnes			G	Global			IEA (2018), CO2 Emissions from Fuel Combustion. https://www.iea.org/statistics		E: Estimated data	6.33	6.258	6.378	5.151	5.418	5.813	5.628	5.548	6.361	5.927	6.245	6.042	7.885	8.458	8.953	9.658	10.306	10.306	2016
9	9.4	9.4.1	EN_ATM_CO2	Carbon dioxide emissions from fuel combustion (millions of tonnes)	2019.Q3.G.01	388	Jamaica	029	Caribbean	Country	JAM	1	-77.31068409	18.15616857		TONNES_M	Millions of tonnes			G	Global			IEA (2018), CO2 Emissions from Fuel Combustion. https://www.iea.org/statistics		E: Estimated data	9.79	9.817	9.971	10.281	10.257	10.282	11.745	11.753	9.539	7.393	6.931	7.208	6.881	7.323	7.129	6.993	7.228	7.228	2016
9	9.4	9.4.1	EN_ATM_CO2	Carbon dioxide emissions from fuel combustion (millions of tonnes)	2019.Q3.G.01	392	Japan	030	Eastern Asia	Country	JPN	1	139.2716103	36.6554539		TONNES_M	Millions of tonnes			G	Global			IEA (2018), CO2 Emissions from Fuel Combustion. https://www.iea.org/statistics		E: Estimated data	1124.721	1115.274	1157.756	1165.651	1157.26	1163.7	1144.287	1186.896	1110.067	1052.212	1104.198	1158.675	1203.279	1226.029	1185.129	1152.558	1147.128	1147.128	2016
9	9.4	9.4.1	EN_ATM_CO2	Carbon dioxide emissions from fuel combustion (millions of tonnes)	2019.Q3.G.01	398	Kazakhstan	143	Central Asia	Country	KAZ	1	66.65359159	48.01963494		TONNES_M	Millions of tonnes			G	Global			IEA (2018), CO2 Emissions from Fuel Combustion. https://www.iea.org/statistics		E: Estimated data	112.014	109.245	119.577	134.803	146.417	156.902	172.937	187.205	230.259	202.716	221.101	234.817	233.846	249.16	229.816	225.057	229.954	229.954	2016
9	9.4	9.4.1	EN_ATM_CO2	Carbon dioxide emissions from fuel combustion (millions of tonnes)	2019.Q3.G.01	400	Jordan	145	Western Asia	Country	JOR	1	37.13024774	30.65365973		TONNES_M	Millions of tonnes			G	Global			IEA (2018), CO2 Emissions from Fuel Combustion. https://www.iea.org/statistics		E: Estimated data	14.246	14.121	15.005	14.82	16.697	17.922	18.31	19.216	18.506	19.284	18.801	19.815	22.671	22.344	24.001	23.785	23.863	23.863	2016
9	9.4	9.4.1	EN_ATM_CO2	Carbon dioxide emissions from fuel combustion (millions of tonnes)	2019.Q3.G.01	404	Kenya	014	Eastern Africa	Country	KEN	1	37.86096816	0.534797278		TONNES_M	Millions of tonnes			G	Global			IEA (2018), CO2 Emissions from Fuel Combustion. https://www.iea.org/statistics		E: Estimated data	7.768	7.084	6.834	5.866	6.724	7.483	8.445	8.382	8.822	10.43	11.21	11.321	10.355	11.704	12.354	14.147	15.695	15.695	2016
9	9.4	9.4.1	EN_ATM_CO2	Carbon dioxide emissions from fuel combustion (millions of tonnes)	2019.Q3.G.01	408	Democratic People's Republic of Korea	030	Eastern Asia	Country	PRK	1	127.1803633	40.1462645		TONNES_M	Millions of tonnes			G	Global			IEA (2018), CO2 Emissions from Fuel Combustion. https://www.iea.org/statistics		E: Estimated data	69.969	72.315	69.073	70.533	72.093	75.34	76.534	63.275	70.381	52.919	49.293	34.659	36.052	25.106	28.676	22.546	25.427	25.427	2016
9	9.4	9.4.1	EN_ATM_CO2	Carbon dioxide emissions from fuel combustion (millions of tonnes)	2019.Q3.G.01	410	Republic of Korea	030	Eastern Asia	Country	KOR	1	127.8610254	36.45201023		TONNES_M	Millions of tonnes			G	Global			IEA (2018), CO2 Emissions from Fuel Combustion. https://www.iea.org/statistics		E: Estimated data	431.897	445.863	435.895	437.779	459.79	457.672	464.712	477.414	488.844	502.089	550.916	573.761	575.466	574.551	562.679	582.047	589.173	589.173	2016
9	9.4	9.4.1	EN_ATM_CO2	Carbon dioxide emissions from fuel combustion (millions of tonnes)	2019.Q3.G.01	414	Kuwait	145	Western Asia	Country	KWT	1	47.49305029	29.53949468		TONNES_M	Millions of tonnes			G	Global			IEA (2018), CO2 Emissions from Fuel Combustion. https://www.iea.org/statistics		E: Estimated data	46.302	50.226	52.231	53.393	56.238	64.75	67.309	67.504	71.595	78.439	77.004	78.274	77.123	86.905	81.628	90.57	90.19	90.19	2016
9	9.4	9.4.1	EN_ATM_CO2	Carbon dioxide emissions from fuel combustion (millions of tonnes)	2019.Q3.G.01	417	Kyrgyzstan	143	Central Asia	Country	KGZ	1	74.52324839	41.46204516		TONNES_M	Millions of tonnes			G	Global			IEA (2018), CO2 Emissions from Fuel Combustion. https://www.iea.org/statistics		E: Estimated data	4.45	3.762	4.738	5.261	5.187	4.892	4.877	5.963	7.006	6.522	6.04	7.211	9.564	8.875	9.032	9.881	9.29	9.29	2016
9	9.4	9.4.1	EN_ATM_CO2	Carbon dioxide emissions from fuel combustion (millions of tonnes)	2019.Q3.G.01	418	Lao People's Democratic Republic	035	South-Eastern Asia	Country	LAO	1	101.9901968	20.27482773																															
9	9.4	9.4.1	EN_ATM_CO2	Carbon dioxide emissions from fuel combustion (millions of tonnes)	2019.Q3.G.01	422	Lebanon	145	Western Asia	Country	LBN	1	35.89391711	33.92152458		TONNES_M	Millions of tonnes			G	Global			IEA (2018), CO2 Emissions from Fuel Combustion. https://www.iea.org/statistics		E: Estimated data	13.995	15.153	15.101	15.051	15.199	14.461	13.664	12.013	15.774	19.28	18.206	18.507	21.012	20.642	22.376	22.762	23.198	23.198	2016
9	9.4	9.4.1	EN_ATM_CO2	Carbon dioxide emissions from fuel combustion (millions of tonnes)	2019.Q3.G.01	426	Lesotho	018	Southern Africa	Country	LSO	1	28.25362195	-29.58041814																															
9	9.4	9.4.1	EN_ATM_CO2	Carbon dioxide emissions from fuel combustion (millions of tonnes)	2019.Q3.G.01	428	Latvia	154	Northern Europe	Country	LVA	1	26.42461876	56.64196636		TONNES_M	Millions of tonnes			G	Global			IEA (2018), CO2 Emissions from Fuel Combustion. https://www.iea.org/statistics		E: Estimated data	6.841	7.247	7.235	7.464	7.48	7.581	8.031	8.36	7.938	7.186	8.088	7.339	6.996	6.913	6.725	6.846	6.8	6.8	2016
9	9.4	9.4.1	EN_ATM_CO2	Carbon dioxide emissions from fuel combustion (millions of tonnes)	2019.Q3.G.01	430	Liberia	011	Western Africa	Country	LBR	1	-9.311879038	6.448381009																															
9	9.4	9.4.1	EN_ATM_CO2	Carbon dioxide emissions from fuel combustion (millions of tonnes)	2019.Q3.G.01	434	Libya	015	Northern Africa	Country	LBY	1	18.0295985	27.04042819		TONNES_M	Millions of tonnes			G	Global			IEA (2018), CO2 Emissions from Fuel Combustion. https://www.iea.org/statistics		E: Estimated data	36.758	37.784	39.817	41.519	42.418	42.99	41.79	38.795	42.025	45.199	48.07	34.386	44.245	48.207	47.913	41.939	43.282	43.282	2016
9	9.4	9.4.1	EN_ATM_CO2	Carbon dioxide emissions from fuel combustion (millions of tonnes)	2019.Q3.G.01	438	Liechtenstein	155	Western Europe	Country	LIE	1	9.552985019	47.14167005																															
9	9.4	9.4.1	EN_ATM_CO2	Carbon dioxide emissions from fuel combustion (millions of tonnes)	2019.Q3.G.01	440	Lithuania	154	Northern Europe	Country	LTU	1	23.90517807	55.33680309		TONNES_M	Millions of tonnes			G	Global			IEA (2018), CO2 Emissions from Fuel Combustion. https://www.iea.org/statistics		E: Estimated data	10.222	10.87	10.931	10.938	11.563	12.444	12.502	12.684	12.611	11.407	12.315	11.525	11.531	10.869	10.463	10.55	10.759	10.759	2016
9	9.4	9.4.1	EN_ATM_CO2	Carbon dioxide emissions from fuel combustion (millions of tonnes)	2019.Q3.G.01	442	Luxembourg	155	Western Europe	Country	LUX	1	6.092656563	49.77679538		TONNES_M	Millions of tonnes			G	Global			IEA (2018), CO2 Emissions from Fuel Combustion. https://www.iea.org/statistics		E: Estimated data	8.059	8.69	9.367	9.847	11.234	11.482	11.291	10.698	10.626	10.069	10.65	10.514	10.32	9.78	9.282	8.811	8.475	8.475	2016
9	9.4	9.4.1	EN_ATM_CO2	Carbon dioxide emissions from fuel combustion (millions of tonnes)	2019.Q3.G.01	446	China, Macao Special Administrative Region	030	Eastern Asia	Country	MAC	0	113.5665388	22.1237259																															
9	9.4	9.4.1	EN_ATM_CO2	Carbon dioxide emissions from fuel combustion (millions of tonnes)	2019.Q3.G.01	450	Madagascar	014	Eastern Africa	Country	MDG	1	46.6982339	-19.38514785																															
9	9.4	9.4.1	EN_ATM_CO2	Carbon dioxide emissions from fuel combustion (millions of tonnes)	2019.Q3.G.01	454	Malawi	014	Eastern Africa	Country	MWI	1	33.4884625	-13.40819859																															
9	9.4	9.4.1	EN_ATM_CO2	Carbon dioxide emissions from fuel combustion (millions of tonnes)	2019.Q3.G.01	458	Malaysia	035	South-Eastern Asia	Country	MYS	1	116.8346314	5.452415309		TONNES_M	Millions of tonnes			G	Global			IEA (2018), CO2 Emissions from Fuel Combustion. https://www.iea.org/statistics		E: Estimated data	115.059	120.446	126.5	132.793	146.573	155.843	161.805	178.056	190.31	169.81	189.861	191.492	192.983	209.077	220.553	220.438	216.153	216.153	2016
9	9.4	9.4.1	EN_ATM_CO2	Carbon dioxide emissions from fuel combustion (millions of tonnes)	2019.Q3.G.01	462	Maldives	034	Southern Asia	Country	MDV	1	73.09672546	-0.614385021																															
9	9.4	9.4.1	EN_ATM_CO2	Carbon dioxide emissions from fuel combustion (millions of tonnes)	2019.Q3.G.01	466	Mali	011	Western Africa	Country	MLI	1	-3.522016039	17.35311254																															
9	9.4	9.4.1	EN_ATM_CO2	Carbon dioxide emissions from fuel combustion (millions of tonnes)	2019.Q3.G.01	470	Malta	039	Southern Europe	Country	MLT	1	14.44617519	35.89194275		TONNES_M	Millions of tonnes			G	Global			IEA (2018), CO2 Emissions from Fuel Combustion. https://www.iea.org/statistics		E: Estimated data	2.129	2.489	2.318	2.608	2.598	2.622	2.646	2.711	2.719	2.505	2.581	2.567	2.71	2.372	2.354	1.646	1.354	1.354	2016
9	9.4	9.4.1	EN_ATM_CO2	Carbon dioxide emissions from fuel combustion (millions of tonnes)	2019.Q3.G.01	474	Martinique	029	Caribbean	Country	MTQ	0	-60.91544135	14.56086108																															
9	9.4	9.4.1	EN_ATM_CO2	Carbon dioxide emissions from fuel combustion (millions of tonnes)	2019.Q3.G.01	478	Mauritania	011	Western Africa	Country	MRT	1	-10.33187259	20.26089546																															
9	9.4	9.4.1	EN_ATM_CO2	Carbon dioxide emissions from fuel combustion (millions of tonnes)	2019.Q3.G.01	480	Mauritius	014	Eastern Africa	Country	MUS	1	57.568022	-20.28581998		TONNES_M	Millions of tonnes			G	Global			IEA (2018), CO2 Emissions from Fuel Combustion. https://www.iea.org/statistics		E: Estimated data	2.432	2.566	2.613	2.749	2.77	2.962	3.304	3.395	3.467	3.423	3.662	3.639	3.735	3.828	3.959	3.968	4.036	4.036	2016
9	9.4	9.4.1	EN_ATM_CO2	Carbon dioxide emissions from fuel combustion (millions of tonnes)	2019.Q3.G.01	484	Mexico	013	Central America	Country	MEX	1	-102.5148166	23.93378032		TONNES_M	Millions of tonnes			G	Global			IEA (2018), CO2 Emissions from Fuel Combustion. https://www.iea.org/statistics		E: Estimated data	359.736	360.6	368.116	386.602	396.046	412.385	426.86	433.369	434.539	425.194	440.46	456.46	459.456	449.627	434.204	442.417	445.466	445.466	2016
9	9.4	9.4.1	EN_ATM_CO2	Carbon dioxide emissions from fuel combustion (millions of tonnes)	2019.Q3.G.01	492	Monaco	155	Western Europe	Country	MCO	1	7.424214814	43.73532918																															
9	9.4	9.4.1	EN_ATM_CO2	Carbon dioxide emissions from fuel combustion (millions of tonnes)	2019.Q3.G.01	496	Mongolia	030	Eastern Asia	Country	MNG	1	103.0728057	46.83892054		TONNES_M	Millions of tonnes			G	Global			IEA (2018), CO2 Emissions from Fuel Combustion. https://www.iea.org/statistics		E: Estimated data	8.962	8.945	9.549	9.251	9.506	10.985	12.331	12.909	12.851	13.539	14.14	15.572	16.962	18.262	17.92	17.1	17.962	17.962	2016
9	9.4	9.4.1	EN_ATM_CO2	Carbon dioxide emissions from fuel combustion (millions of tonnes)	2019.Q3.G.01	498	Republic of Moldova	151	Eastern Europe	Country	MDA	1	28.4650624	47.20236795		TONNES_M	Millions of tonnes			G	Global			IEA (2018), CO2 Emissions from Fuel Combustion. https://www.iea.org/statistics		E: Estimated data	6.537	6.844	6.963	7.52	7.493	7.81	7.516	7.377	7.336	7.271	7.908	7.883	7.699	6.704	7.248	7.58	7.713	7.713	2016
9	9.4	9.4.1	EN_ATM_CO2	Carbon dioxide emissions from fuel combustion (millions of tonnes)	2019.Q3.G.01	499	Montenegro	039	Southern Europe	Country	MNE	1	19.25214024	42.78717043		TONNES_M	Millions of tonnes			G	Global			IEA (2018), CO2 Emissions from Fuel Combustion. https://www.iea.org/statistics		E: Estimated data						2.005	2.179	2.098	2.693	1.747	2.584	2.536	2.332	2.267	2.218	2.358	2.113	2.113	2016
9	9.4	9.4.1	EN_ATM_CO2	Carbon dioxide emissions from fuel combustion (millions of tonnes)	2019.Q3.G.01	500	Montserrat	029	Caribbean	Country	MSR	0	-62.19261223	16.73558313																															
9	9.4	9.4.1	EN_ATM_CO2	Carbon dioxide emissions from fuel combustion (millions of tonnes)	2019.Q3.G.01	504	Morocco	015	Northern Africa	Country	MAR	1	-6.281942841	31.8440131		TONNES_M	Millions of tonnes			G	Global			IEA (2018), CO2 Emissions from Fuel Combustion. https://www.iea.org/statistics		E: Estimated data	29.551	32.194	33.338	33.067	36.598	39.216	40.525	41.35	43.178	43.155	46.397	50.752	52.238	51.519	53.521	55.371	55.3	55.3	2016
9	9.4	9.4.1	EN_ATM_CO2	Carbon dioxide emissions from fuel combustion (millions of tonnes)	2019.Q3.G.01	508	Mozambique	014	Eastern Africa	Country	MOZ	1	38.18479941	-14.27963886		TONNES_M	Millions of tonnes			G	Global			IEA (2018), CO2 Emissions from Fuel Combustion. https://www.iea.org/statistics		E: Estimated data	1.318	1.305	1.374	1.665	1.691	1.515	1.623	1.973	1.952	2.214	2.377	2.824	2.622	2.955	4.018	5.058	7.231	7.231	2016
9	9.4	9.4.1	EN_ATM_CO2	Carbon dioxide emissions from fuel combustion (millions of tonnes)	2019.Q3.G.01	512	Oman	145	Western Asia	Country	OMN	1	57.87743482	21.98805614		TONNES_M	Millions of tonnes			G	Global			IEA (2018), CO2 Emissions from Fuel Combustion. https://www.iea.org/statistics		E: Estimated data	20.419	23.016	24.673	25.286	25.111	25.182	33.67	37.09	35.616	38.514	42.368	48.765	54.341	56.491	59.643	63.636	63.138	63.138	2016
9	9.4	9.4.1	EN_ATM_CO2	Carbon dioxide emissions from fuel combustion (millions of tonnes)	2019.Q3.G.01	516	Namibia	018	Southern Africa	Country	NAM	1	17.21907885	-22.13817068		TONNES_M	Millions of tonnes			G	Global			IEA (2018), CO2 Emissions from Fuel Combustion. https://www.iea.org/statistics		E: Estimated data	1.903	2.433	2.117	2.242	2.338	2.493	2.498	2.581	2.912	2.973	3.062	3.117	3.226	3.424	3.579	3.808	4.058	4.058	2016
9	9.4	9.4.1	EN_ATM_CO2	Carbon dioxide emissions from fuel combustion (millions of tonnes)	2019.Q3.G.01	520	Nauru	057	Micronesia	Country	NRU	1	166.92313	-0.528742623																															
9	9.4	9.4.1	EN_ATM_CO2	Carbon dioxide emissions from fuel combustion (millions of tonnes)	2019.Q3.G.01	524	Nepal	034	Southern Asia	Country	NPL	1	83.94678863	28.25866332		TONNES_M	Millions of tonnes			G	Global			IEA (2018), CO2 Emissions from Fuel Combustion. https://www.iea.org/statistics		E: Estimated data	3.1	3.35	2.671	2.905	2.697	3.074	2.501	2.578	2.882	3.427	4.122	4.405	4.972	4.945	5.949	5.694	8.5	8.5	2016
9	9.4	9.4.1	EN_ATM_CO2	Carbon dioxide emissions from fuel combustion (millions of tonnes)	2019.Q3.G.01	528	Netherlands	155	Western Europe	Country	NLD	1	5.331480568	51.86728884		TONNES_M	Millions of tonnes			G	Global			IEA (2018), CO2 Emissions from Fuel Combustion. https://www.iea.org/statistics		E: Estimated data	161.617	166.59	166.904	169.919	171.659	167.168	162.865	163.648	164.457	159.675	170.119	158.191	156.199	155.871	148.643	156.121	157.073	157.073	2016
9	9.4	9.4.1	EN_ATM_CO2	Carbon dioxide emissions from fuel combustion (millions of tonnes)	2019.Q3.G.01	530	Netherlands Antilles	029	Caribbean	Country	ANT	0	-68.30676179	12.22720635																															
9	9.4	9.4.1	EN_ATM_CO2	Carbon dioxide emissions from fuel combustion (millions of tonnes)	2019.Q3.G.01	531	Curaçao	029	Caribbean	Country	CUW	0	-68.95033464	12.15058042		TONNES_M	Millions of tonnes			G	Global			IEA (2018), CO2 Emissions from Fuel Combustion. https://www.iea.org/statistics		E: Estimated data	5.621	5.658	5.412	5.425	5.666	5.975	5.877	6.386	6.324	5.925	4.375	5.494	4.459	4.295	4.611	4.676	4.148	4.148	2016
9	9.4	9.4.1	EN_ATM_CO2	Carbon dioxide emissions from fuel combustion (millions of tonnes)	2019.Q3.G.01	533	Aruba	029	Caribbean	Country	ABW	0	-69.97050586	12.50878756																															
9	9.4	9.4.1	EN_ATM_CO2	Carbon dioxide emissions from fuel combustion (millions of tonnes)	2019.Q3.G.01	534	Sint Maarten (Dutch part)	029	Caribbean	Country	SXM	0	-63.06198692	18.03926508																															
9	9.4	9.4.1	EN_ATM_CO2	Carbon dioxide emissions from fuel combustion (millions of tonnes)	2019.Q3.G.01	540	New Caledonia	054	Melanesia	Country	NCL	0	165.5067368	-21.41742531																															
9	9.4	9.4.1	EN_ATM_CO2	Carbon dioxide emissions from fuel combustion (millions of tonnes)	2019.Q3.G.01	548	Vanuatu	054	Melanesia	Country	VUT	1	167.0679779	-15.34445547																															
9	9.4	9.4.1	EN_ATM_CO2	Carbon dioxide emissions from fuel combustion (millions of tonnes)	2019.Q3.G.01	554	New Zealand	053	Australia and New Zealand	Country	NZL	1	170.4755673	-43.98721568		TONNES_M	Millions of tonnes			G	Global			IEA (2018), CO2 Emissions from Fuel Combustion. https://www.iea.org/statistics		E: Estimated data	28.982	31.183	31.088	32.976	32.443	33.715	33.768	32.616	33.459	30.47	30.386	29.689	31.224	30.967	31.254	31.241	30.454	30.454	2016
9	9.4	9.4.1	EN_ATM_CO2	Carbon dioxide emissions from fuel combustion (millions of tonnes)	2019.Q3.G.01	558	Nicaragua	013	Central America	Country	NIC	1	-85.03060315	12.84210839		TONNES_M	Millions of tonnes			G	Global			IEA (2018), CO2 Emissions from Fuel Combustion. https://www.iea.org/statistics		E: Estimated data	3.542	3.711	3.832	3.953	4.106	4.032	4.246	4.363	4.191	4.167	4.277	4.469	4.436	4.292	4.581	5.128	5.303	5.303	2016
9	9.4	9.4.1	EN_ATM_CO2	Carbon dioxide emissions from fuel combustion (millions of tonnes)	2019.Q3.G.01	562	Niger	011	Western Africa	Country	NER	1	9.400167877	17.42143036		TONNES_M	Millions of tonnes			G	Global			IEA (2018), CO2 Emissions from Fuel Combustion. https://www.iea.org/statistics		E: Estimated data	0.648	0.647	0.672	0.736	0.77	0.733	0.726	0.8	0.839	1.065	1.356	1.377	1.863	1.777	1.964	1.986	1.945	1.945	2016
9	9.4	9.4.1	EN_ATM_CO2	Carbon dioxide emissions from fuel combustion (millions of tonnes)	2019.Q3.G.01	566	Nigeria	011	Western Africa	Country	NGA	1	8.097363256	9.585789025		TONNES_M	Millions of tonnes			G	Global			IEA (2018), CO2 Emissions from Fuel Combustion. https://www.iea.org/statistics		E: Estimated data	43.766	49.224	50.854	54.066	54.019	56.558	51.356	47.716	52.945	44.126	54.917	59.637	61.068	80.392	87.687	82.734	85.994	85.994	2016
9	9.4	9.4.1	EN_ATM_CO2	Carbon dioxide emissions from fuel combustion (millions of tonnes)	2019.Q3.G.01	570	Niue	061	Polynesia	Country	NIU	0	-169.8601693	-19.05000475																															
9	9.4	9.4.1	EN_ATM_CO2	Carbon dioxide emissions from fuel combustion (millions of tonnes)	2019.Q3.G.01	574	Norfolk Island	053	Australia and New Zealand	Country	NFK	0	167.9515548	-29.03230018																															
9	9.4	9.4.1	EN_ATM_CO2	Carbon dioxide emissions from fuel combustion (millions of tonnes)	2019.Q3.G.01	578	Norway	154	Northern Europe	Country	NOR	1	11.47846389	61.34311134		TONNES_M	Millions of tonnes			G	Global			IEA (2018), CO2 Emissions from Fuel Combustion. https://www.iea.org/statistics		E: Estimated data	31.879	32.889	32.504	35.07	35.594	34.5	35.462	36.038	35.306	35.683	38.386	36.887	36.081	35.951	35.73	36.071	35.519	35.519	2016
9	9.4	9.4.1	EN_ATM_CO2	Carbon dioxide emissions from fuel combustion (millions of tonnes)	2019.Q3.G.01	580	Northern Mariana Islands	057	Micronesia	Country	MNP	0	145.7582114	15.19099517																															
9	9.4	9.4.1	EN_ATM_CO2	Carbon dioxide emissions from fuel combustion (millions of tonnes)	2019.Q3.G.01	581	United States Minor Outlying Islands	057	Micronesia	Country	UMI	0	-162.4343752	5.874443968																															
9	9.4	9.4.1	EN_ATM_CO2	Carbon dioxide emissions from fuel combustion (millions of tonnes)	2019.Q3.G.01	583	Micronesia (Federated States of)	057	Micronesia	Country	FSM	1	158.225216	6.880670092																															
9	9.4	9.4.1	EN_ATM_CO2	Carbon dioxide emissions from fuel combustion (millions of tonnes)	2019.Q3.G.01	584	Marshall Islands	057	Micronesia	Country	MHL	1	171.0839119	7.110213497																															
9	9.4	9.4.1	EN_ATM_CO2	Carbon dioxide emissions from fuel combustion (millions of tonnes)	2019.Q3.G.01	585	Palau	057	Micronesia	Country	PLW	1	134.5733878	7.502307591																															
9	9.4	9.4.1	EN_ATM_CO2	Carbon dioxide emissions from fuel combustion (millions of tonnes)	2019.Q3.G.01	586	Pakistan	034	Southern Asia	Country	PAK	1	68.80479684	29.36491634		TONNES_M	Millions of tonnes			G	Global			IEA (2018), CO2 Emissions from Fuel Combustion. https://www.iea.org/statistics		E: Estimated data	94.385	95.524	98.043	100.67	112.813	114.984	124.532	136.431	130.525	133.785	129.623	131.074	132.709	133.556	141.607	150.797	153.378	153.378	2016
9	9.4	9.4.1	EN_ATM_CO2	Carbon dioxide emissions from fuel combustion (millions of tonnes)	2019.Q3.G.01	591	Panama	013	Central America	Country	PAN	1	-81.26616623	8.450965746		TONNES_M	Millions of tonnes			G	Global			IEA (2018), CO2 Emissions from Fuel Combustion. https://www.iea.org/statistics		E: Estimated data	4.878	5.87	5.099	5.203	5.291	6.773	7.15	6.898	6.528	8.009	8.843	9.498	9.764	9.874	10.588	10.683	10.156	10.156	2016
9	9.4	9.4.1	EN_ATM_CO2	Carbon dioxide emissions from fuel combustion (millions of tonnes)	2019.Q3.G.01	598	Papua New Guinea	054	Melanesia	Country	PNG	1	145.8587761	-6.756057077																															
9	9.4	9.4.1	EN_ATM_CO2	Carbon dioxide emissions from fuel combustion (millions of tonnes)	2019.Q3.G.01	600	Paraguay	005	South America	Country	PRY	1	-60.54854225	-21.70216237		TONNES_M	Millions of tonnes			G	Global			IEA (2018), CO2 Emissions from Fuel Combustion. https://www.iea.org/statistics		E: Estimated data	3.282	3.415	3.59	3.713	3.766	3.47	3.599	3.731	3.946	4.098	4.659	4.871	5.044	4.936	5.189	5.682	6.407	6.407	2016
9	9.4	9.4.1	EN_ATM_CO2	Carbon dioxide emissions from fuel combustion (millions of tonnes)	2019.Q3.G.01	604	Peru	005	South America	Country	PER	1	-71.82093277	-13.58939705		TONNES_M	Millions of tonnes			G	Global			IEA (2018), CO2 Emissions from Fuel Combustion. https://www.iea.org/statistics		E: Estimated data	26.403	24.337	25.525	24.876	28.768	28.633	28.032	30.924	35.21	37.747	41.104	44.238	43.503	44.293	47.476	48.813	51.332	51.332	2016
9	9.4	9.4.1	EN_ATM_CO2	Carbon dioxide emissions from fuel combustion (millions of tonnes)	2019.Q3.G.01	608	Philippines	035	South-Eastern Asia	Country	PHL	1	120.8601418	14.16591706		TONNES_M	Millions of tonnes			G	Global			IEA (2018), CO2 Emissions from Fuel Combustion. https://www.iea.org/statistics		E: Estimated data	68.131	67.878	66.846	69.029	70.527	71.502	65.547	69.022	71.179	71.468	77.128	77.755	80.408	89.65	95.714	103.891	114.752	114.752	2016
9	9.4	9.4.1	EN_ATM_CO2	Carbon dioxide emissions from fuel combustion (millions of tonnes)	2019.Q3.G.01	612	Pitcairn	061	Polynesia	Country	PCN	0	-128.3225873	-24.37538456																															
9	9.4	9.4.1	EN_ATM_CO2	Carbon dioxide emissions from fuel combustion (millions of tonnes)	2019.Q3.G.01	616	Poland	151	Eastern Europe	Country	POL	1	19.40660158	52.1226733		TONNES_M	Millions of tonnes			G	Global			IEA (2018), CO2 Emissions from Fuel Combustion. https://www.iea.org/statistics		E: Estimated data	289.591	288.64	282.611	293.13	296.745	296.261	308.078	306.295	301.597	291.472	307.493	303.188	296.941	292.407	279.259	282.697	293.127	293.127	2016
9	9.4	9.4.1	EN_ATM_CO2	Carbon dioxide emissions from fuel combustion (millions of tonnes)	2019.Q3.G.01	620	Portugal	039	Southern Europe	Country	PRT	1	-7.961599811	39.68509315		TONNES_M	Millions of tonnes			G	Global			IEA (2018), CO2 Emissions from Fuel Combustion. https://www.iea.org/statistics		E: Estimated data	57.852	57.757	61.695	56.908	58.125	61.386	56.445	54.632	52.832	53.077	47.561	47.055	45.67	43.741	42.835	46.995	47.374	47.374	2016
9	9.4	9.4.1	EN_ATM_CO2	Carbon dioxide emissions from fuel combustion (millions of tonnes)	2019.Q3.G.01	624	Guinea-Bissau	011	Western Africa	Country	GNB	1	-14.40182514	12.11760394																															
9	9.4	9.4.1	EN_ATM_CO2	Carbon dioxide emissions from fuel combustion (millions of tonnes)	2019.Q3.G.01	626	Timor-Leste	035	South-Eastern Asia	Country	TLS	1	125.9451052	-8.797497247																															
9	9.4	9.4.1	EN_ATM_CO2	Carbon dioxide emissions from fuel combustion (millions of tonnes)	2019.Q3.G.01	630	Puerto Rico	029	Caribbean	Country	PRI	0	-66.47591017	18.22753799																															
9	9.4	9.4.1	EN_ATM_CO2	Carbon dioxide emissions from fuel combustion (millions of tonnes)	2019.Q3.G.01	634	Qatar	145	Western Asia	Country	QAT	1	51.19152467	25.28355379		TONNES_M	Millions of tonnes			G	Global			IEA (2018), CO2 Emissions from Fuel Combustion. https://www.iea.org/statistics		E: Estimated data	21.258	22.477	26.559	27.859	30.867	33.212	38.464	43.997	46.922	48.041	55.483	62.456	69.526	71.181	76.585	77.637	79.071	79.071	2016
9	9.4	9.4.1	EN_ATM_CO2	Carbon dioxide emissions from fuel combustion (millions of tonnes)	2019.Q3.G.01	638	Réunion	014	Eastern Africa	Country	REU	0	55.53171398	-21.13183266																															
9	9.4	9.4.1	EN_ATM_CO2	Carbon dioxide emissions from fuel combustion (millions of tonnes)	2019.Q3.G.01	642	Romania	151	Eastern Europe	Country	ROU	1	24.98481009	45.83893563		TONNES_M	Millions of tonnes			G	Global			IEA (2018), CO2 Emissions from Fuel Combustion. https://www.iea.org/statistics		E: Estimated data	86.222	91.341	90.898	96.974	93.734	92.633	95.286	92.382	91.071	77.431	74.725	80.859	78.578	69.186	68.368	69.472	67.889	67.889	2016
9	9.4	9.4.1	EN_ATM_CO2	Carbon dioxide emissions from fuel combustion (millions of tonnes)	2019.Q3.G.01	643	Russian Federation	151	Eastern Europe	Country	RUS	1	99.01404926	61.61899849		TONNES_M	Millions of tonnes			G	Global			IEA (2018), CO2 Emissions from Fuel Combustion. https://www.iea.org/statistics		E: Estimated data	1474.379	1474.654	1465.836	1493.88	1488.186	1481.879	1537.685	1533.707	1553.821	1440.663	1529.207	1604.722	1551.043	1513.796	1487.115	1466.33	1438.598	1438.598	2016
9	9.4	9.4.1	EN_ATM_CO2	Carbon dioxide emissions from fuel combustion (millions of tonnes)	2019.Q3.G.01	646	Rwanda	014	Eastern Africa	Country	RWA	1	29.92310194	-1.999842114																															
9	9.4	9.4.1	EN_ATM_CO2	Carbon dioxide emissions from fuel combustion (millions of tonnes)	2019.Q3.G.01	652	Saint Barthélemy	029	Caribbean	Country	BLM	0	-62.83173536	17.89513362																															
9	9.4	9.4.1	EN_ATM_CO2	Carbon dioxide emissions from fuel combustion (millions of tonnes)	2019.Q3.G.01	654	Saint Helena	011	Western Africa	Country	SHN	0	-5.705752501	-15.96503946																															
9	9.4	9.4.1	EN_ATM_CO2	Carbon dioxide emissions from fuel combustion (millions of tonnes)	2019.Q3.G.01	659	Saint Kitts and Nevis	029	Caribbean	Country	KNA	1	-62.76628613	17.33994219																															
9	9.4	9.4.1	EN_ATM_CO2	Carbon dioxide emissions from fuel combustion (millions of tonnes)	2019.Q3.G.01	660	Anguilla	029	Caribbean	Country	AIA	0	-63.05651612	18.21525315																															
9	9.4	9.4.1	EN_ATM_CO2	Carbon dioxide emissions from fuel combustion (millions of tonnes)	2019.Q3.G.01	662	Saint Lucia	029	Caribbean	Country	LCA	1	-60.96529553	13.89405601																															
9	9.4	9.4.1	EN_ATM_CO2	Carbon dioxide emissions from fuel combustion (millions of tonnes)	2019.Q3.G.01	663	Saint Martin (French Part)	029	Caribbean	Country	MAF	0	-63.04505461	18.0882685																															
9	9.4	9.4.1	EN_ATM_CO2	Carbon dioxide emissions from fuel combustion (millions of tonnes)	2019.Q3.G.01	666	Saint Pierre and Miquelon	021	Northern America	Country	SPM	0	-56.33682442	46.85812735																															
9	9.4	9.4.1	EN_ATM_CO2	Carbon dioxide emissions from fuel combustion (millions of tonnes)	2019.Q3.G.01	670	Saint Vincent and the Grenadines	029	Caribbean	Country	VCT	1	-61.19024321	13.24627968																															
9	9.4	9.4.1	EN_ATM_CO2	Carbon dioxide emissions from fuel combustion (millions of tonnes)	2019.Q3.G.01	674	San Marino	039	Southern Europe	Country	SMR	1	12.46329038	43.93841766																															
9	9.4	9.4.1	EN_ATM_CO2	Carbon dioxide emissions from fuel combustion (millions of tonnes)	2019.Q3.G.01	678	Sao Tome and Principe	017	Middle Africa	Country	STP	1	6.609772265	0.241554875																															
9	9.4	9.4.1	EN_ATM_CO2	Carbon dioxide emissions from fuel combustion (millions of tonnes)	2019.Q3.G.01	682	Saudi Arabia	145	Western Asia	Country	SAU	1	44.54763347	24.12594211		TONNES_M	Millions of tonnes			G	Global			IEA (2018), CO2 Emissions from Fuel Combustion. https://www.iea.org/statistics		E: Estimated data	234.617	238.288	255.319	266.342	282.109	298.037	316.647	333.179	364.251	379.468	419.164	434.637	463.416	471.131	506.686	531.554	527.235	527.235	2016
9	9.4	9.4.1	EN_ATM_CO2	Carbon dioxide emissions from fuel combustion (millions of tonnes)	2019.Q3.G.01	686	Senegal	011	Western Africa	Country	SEN	1	-14.46636926	14.35920905		TONNES_M	Millions of tonnes			G	Global			IEA (2018), CO2 Emissions from Fuel Combustion. https://www.iea.org/statistics		E: Estimated data	3.521	3.836	3.917	3.81	4.439	4.626	4.437	4.981	5.219	5.374	5.461	5.788	5.67	6.003	6.685	7.517	8.16	8.16	2016
9	9.4	9.4.1	EN_ATM_CO2	Carbon dioxide emissions from fuel combustion (millions of tonnes)	2019.Q3.G.01	688	Serbia	039	Southern Europe	Country	SRB	1	20.805876	44.03145697		TONNES_M	Millions of tonnes			G	Global			IEA (2018), CO2 Emissions from Fuel Combustion. https://www.iea.org/statistics		E: Estimated data	42.939	45.003	48.581	52.145	56.345	49.497	51.685	50.098	48.277	45.62	45.832	49.988	44.57	45.377	38.064	44.46	45.474	45.474	2016
9	9.4	9.4.1	EN_ATM_CO2	Carbon dioxide emissions from fuel combustion (millions of tonnes)	2019.Q3.G.01	690	Seychelles	014	Eastern Africa	Country	SYC	1	55.46561591	-4.678053059																															
9	9.4	9.4.1	EN_ATM_CO2	Carbon dioxide emissions from fuel combustion (millions of tonnes)	2019.Q3.G.01	694	Sierra Leone	011	Western Africa	Country	SLE	1	-11.78306584	8.568604164																															
9	9.4	9.4.1	EN_ATM_CO2	Carbon dioxide emissions from fuel combustion (millions of tonnes)	2019.Q3.G.01	702	Singapore	035	South-Eastern Asia	Country	SGP	1	103.8107883	1.361009155		TONNES_M	Millions of tonnes			G	Global			IEA (2018), CO2 Emissions from Fuel Combustion. https://www.iea.org/statistics		E: Estimated data	42.136	42.053	41.316	38.183	39.637	37.87	38.297	39.431	39.367	40.349	44.291	46.754	45.973	46.487	45.775	44.158	45.265	45.265	2016
9	9.4	9.4.1	EN_ATM_CO2	Carbon dioxide emissions from fuel combustion (millions of tonnes)	2019.Q3.G.01	703	Slovakia	151	Eastern Europe	Country	SVK	1	19.48495604	48.70741446		TONNES_M	Millions of tonnes			G	Global			IEA (2018), CO2 Emissions from Fuel Combustion. https://www.iea.org/statistics		E: Estimated data	36.882	37.368	36.9	37.41	36.213	37.262	36.484	35.705	35.424	32.609	34.572	32.855	31.251	31.785	29.171	29.445	30.213	30.213	2016
9	9.4	9.4.1	EN_ATM_CO2	Carbon dioxide emissions from fuel combustion (millions of tonnes)	2019.Q3.G.01	704	Viet Nam	035	South-Eastern Asia	Country	VNM	1	105.802499	10.09643079		TONNES_M	Millions of tonnes			G	Global			IEA (2018), CO2 Emissions from Fuel Combustion. https://www.iea.org/statistics		E: Estimated data	44.238	48.811	57.188	60.317	73.466	79.119	81.435	89.816	100.978	111.638	126.131	125.634	124.776	130.06	143.894	168.746	187.103	187.103	2016
9	9.4	9.4.1	EN_ATM_CO2	Carbon dioxide emissions from fuel combustion (millions of tonnes)	2019.Q3.G.01	705	Slovenia	039	Southern Europe	Country	SVN	1	14.82209486	46.11958061		TONNES_M	Millions of tonnes			G	Global			IEA (2018), CO2 Emissions from Fuel Combustion. https://www.iea.org/statistics		E: Estimated data	14.051	14.875	15.081	14.966	15.235	15.443	15.799	15.753	16.798	15.109	15.447	15.426	14.859	14.212	12.756	12.805	13.586	13.586	2016
9	9.4	9.4.1	EN_ATM_CO2	Carbon dioxide emissions from fuel combustion (millions of tonnes)	2019.Q3.G.01	706	Somalia	014	Eastern Africa	Country	SOM	1	46.20367477	4.406485729																															
9	9.4	9.4.1	EN_ATM_CO2	Carbon dioxide emissions from fuel combustion (millions of tonnes)	2019.Q3.G.01	710	South Africa	018	Southern Africa	Country	ZAF	1	24.67184355	-29.99957544		TONNES_M	Millions of tonnes			G	Global			IEA (2018), CO2 Emissions from Fuel Combustion. https://www.iea.org/statistics		E: Estimated data	280.527	316.491	326.838	348.268	375.308	372.314	373.988	391.522	423.32	400.304	406.892	393.135	411.814	421.406	434.537	410.115	414.372	414.372	2016
9	9.4	9.4.1	EN_ATM_CO2	Carbon dioxide emissions from fuel combustion (millions of tonnes)	2019.Q3.G.01	716	Zimbabwe	014	Eastern Africa	Country	ZWE	1	29.86909584	-19.00075492		TONNES_M	Millions of tonnes			G	Global			IEA (2018), CO2 Emissions from Fuel Combustion. https://www.iea.org/statistics		E: Estimated data	13.289	13.573	12.242	10.015	9.566	10.273	9.558	9.616	7.451	7.315	9.33	11.096	11.462	11.772	11.521	11.785	10.333	10.333	2016
9	9.4	9.4.1	EN_ATM_CO2	Carbon dioxide emissions from fuel combustion (millions of tonnes)	2019.Q3.G.01	724	Spain	039	Southern Europe	Country	ESP	1	-3.554078296	40.39211472		TONNES_M	Millions of tonnes			G	Global			IEA (2018), CO2 Emissions from Fuel Combustion. https://www.iea.org/statistics		E: Estimated data	278.585	279.777	297.224	302.618	319.271	333.71	325.037	337.863	309.774	276.086	262.055	264.874	260.512	235.162	232.064	247.067	238.636	238.636	2016
9	9.4	9.4.1	EN_ATM_CO2	Carbon dioxide emissions from fuel combustion (millions of tonnes)	2019.Q3.G.01	728	South Sudan	014	Eastern Africa	Country	SSD	1	30.32618773	7.290839152		TONNES_M	Millions of tonnes			G	Global			IEA (2018), CO2 Emissions from Fuel Combustion. https://www.iea.org/statistics		E: Estimated data													1.438	1.475	1.555	2.001	1.765	1.765	2016
9	9.4	9.4.1	EN_ATM_CO2	Carbon dioxide emissions from fuel combustion (millions of tonnes)	2019.Q3.G.01	729	Sudan	015	Northern Africa	Country	SDN	0	29.95650159	16.02643066		TONNES_M	Millions of tonnes			G	Global			IEA (2018), CO2 Emissions from Fuel Combustion. https://www.iea.org/statistics		E: Estimated data	5.486	6.017	7.462	7.646	8.39	9.867	12.313	13.254	14.343	14.655	14.97	14.028	13.656	13.366	13.538	15.557	18.875	18.875	2016
9	9.4	9.4.1	EN_ATM_CO2	Carbon dioxide emissions from fuel combustion (millions of tonnes)	2019.Q3.G.01	732	Western Sahara	015	Northern Africa	Country	ESH	0	-13.13515523	24.66265342																															
9	9.4	9.4.1	EN_ATM_CO2	Carbon dioxide emissions from fuel combustion (millions of tonnes)	2019.Q3.G.01	740	Suriname	005	South America	Country	SUR	1	-55.90626394	4.132603197		TONNES_M	Millions of tonnes			G	Global			IEA (2018), CO2 Emissions from Fuel Combustion. https://www.iea.org/statistics		E: Estimated data	1.454	1.484	1.08	1.199	1.359	1.653	1.494	1.376	1.42	1.418	1.696	1.788	2.003	1.965	1.993	2.066	1.906	1.906	2016
9	9.4	9.4.1	EN_ATM_CO2	Carbon dioxide emissions from fuel combustion (millions of tonnes)	2019.Q3.G.01	744	Svalbard and Jan Mayen Islands	154	Northern Europe	Country	SJM	0	13.38071013	78.82894131																															
9	9.4	9.4.1	EN_ATM_CO2	Carbon dioxide emissions from fuel combustion (millions of tonnes)	2019.Q3.G.01	748	Eswatini	018	Southern Africa	Country	SWZ	1	31.50149288	-26.56471011																															
9	9.4	9.4.1	EN_ATM_CO2	Carbon dioxide emissions from fuel combustion (millions of tonnes)	2019.Q3.G.01	752	Sweden	154	Northern Europe	Country	SWE	1	14.3775338	60.60103109		TONNES_M	Millions of tonnes			G	Global			IEA (2018), CO2 Emissions from Fuel Combustion. https://www.iea.org/statistics		E: Estimated data	51.989	51.165	52.744	53.997	52.309	49.106	46.628	44.988	42.956	40.726	46.063	42.354	39.246	37.567	37.295	37.112	37.998	37.998	2016
9	9.4	9.4.1	EN_ATM_CO2	Carbon dioxide emissions from fuel combustion (millions of tonnes)	2019.Q3.G.01	756	Switzerland	155	Western Europe	Country	CHE	1	8.223158	46.96617097		TONNES_M	Millions of tonnes			G	Global			IEA (2018), CO2 Emissions from Fuel Combustion. https://www.iea.org/statistics		E: Estimated data	41.985	43.398	41.883	43.188	43.534	44.007	43.629	41.66	43.113	41.826	43.258	39.234	40.666	41.666	37.869	37.323	37.939	37.939	2016
9	9.4	9.4.1	EN_ATM_CO2	Carbon dioxide emissions from fuel combustion (millions of tonnes)	2019.Q3.G.01	760	Syrian Arab Republic	145	Western Asia	Country	SYR	1	38.50466565	35.01676176		TONNES_M	Millions of tonnes			G	Global			IEA (2018), CO2 Emissions from Fuel Combustion. https://www.iea.org/statistics		E: Estimated data	37.028	38.907	39.815	40.036	42.492	53.466	56.694	59.617	61.363	56.683	56.594	52.148	40.266	30.805	27.153	25.962	26.093	26.093	2016
9	9.4	9.4.1	EN_ATM_CO2	Carbon dioxide emissions from fuel combustion (millions of tonnes)	2019.Q3.G.01	762	Tajikistan	143	Central Asia	Country	TJK	1	69.294998	38.43069666		TONNES_M	Millions of tonnes			G	Global			IEA (2018), CO2 Emissions from Fuel Combustion. https://www.iea.org/statistics		E: Estimated data	2.177	2.116	2.085	2.094	2.502	2.347	2.549	3.115	2.948	2.31	2.303	2.418	2.892	3.007	4.022	4.212	4.772	4.772	2016
9	9.4	9.4.1	EN_ATM_CO2	Carbon dioxide emissions from fuel combustion (millions of tonnes)	2019.Q3.G.01	764	Thailand	035	South-Eastern Asia	Country	THA	1	101.0202951	15.13089239		TONNES_M	Millions of tonnes			G	Global			IEA (2018), CO2 Emissions from Fuel Combustion. https://www.iea.org/statistics		E: Estimated data	152.285	159.994	169.402	177.112	193.81	200.204	201.676	209.446	215.179	207.212	223.419	221.78	238.972	247.459	243.898	248.098	244.559	244.559	2016
9	9.4	9.4.1	EN_ATM_CO2	Carbon dioxide emissions from fuel combustion (millions of tonnes)	2019.Q3.G.01	768	Togo	011	Western Africa	Country	TGO	1	0.97835765	8.532096072		TONNES_M	Millions of tonnes			G	Global			IEA (2018), CO2 Emissions from Fuel Combustion. https://www.iea.org/statistics		E: Estimated data	0.949	0.781	0.852	1.09	1.03	0.963	0.887	0.893	1.096	2.276	2.076	1.887	1.625	1.688	1.78	1.868	1.954	1.954	2016
9	9.4	9.4.1	EN_ATM_CO2	Carbon dioxide emissions from fuel combustion (millions of tonnes)	2019.Q3.G.01	772	Tokelau	061	Polynesia	Country	TKL	0	-171.8154473	-9.214545558																															
9	9.4	9.4.1	EN_ATM_CO2	Carbon dioxide emissions from fuel combustion (millions of tonnes)	2019.Q3.G.01	776	Tonga	061	Polynesia	Country	TON	1	-175.1959991	-21.19511329																															
9	9.4	9.4.1	EN_ATM_CO2	Carbon dioxide emissions from fuel combustion (millions of tonnes)	2019.Q3.G.01	780	Trinidad and Tobago	029	Caribbean	Country	TTO	1	-61.29389504	10.41877263		TONNES_M	Millions of tonnes			G	Global			IEA (2018), CO2 Emissions from Fuel Combustion. https://www.iea.org/statistics		E: Estimated data	10.108	11.773	13.068	15.317	15.75	17.542	19.441	21.66	21.536	20.171	22.351	22.246	22.05	22.953	23.24	21.657	21.11	21.11	2016
9	9.4	9.4.1	EN_ATM_CO2	Carbon dioxide emissions from fuel combustion (millions of tonnes)	2019.Q3.G.01	784	United Arab Emirates	145	Western Asia	Country	ARE	1	53.98279159	23.43322219		TONNES_M	Millions of tonnes			G	Global			IEA (2018), CO2 Emissions from Fuel Combustion. https://www.iea.org/statistics		E: Estimated data	79.851	92.546	94.565	98.794	105.022	111.145	115.049	124.187	146.52	148.543	154.59	158.154	168.505	176.752	176.42	186.576	191.805	191.805	2016
9	9.4	9.4.1	EN_ATM_CO2	Carbon dioxide emissions from fuel combustion (millions of tonnes)	2019.Q3.G.01	788	Tunisia	015	Northern Africa	Country	TUN	1	9.572737411	34.11439971		TONNES_M	Millions of tonnes			G	Global			IEA (2018), CO2 Emissions from Fuel Combustion. https://www.iea.org/statistics		E: Estimated data	17.638	18.508	18.526	18.341	19.046	19.473	20.164	20.978	21.058	21.139	23.294	22.245	23.474	23.645	25.036	25.615	25.167	25.167	2016
9	9.4	9.4.1	EN_ATM_CO2	Carbon dioxide emissions from fuel combustion (millions of tonnes)	2019.Q3.G.01	792	Turkey	145	Western Asia	Country	TUR	1	35.42890329	38.9899684		TONNES_M	Millions of tonnes			G	Global			IEA (2018), CO2 Emissions from Fuel Combustion. https://www.iea.org/statistics		E: Estimated data	201.222	182.686	192.605	203.147	207.401	215.893	240.255	266.198	262.367	261.279	267.846	287.199	298.433	285.183	307.172	318.974	338.763	338.763	2016
9	9.4	9.4.1	EN_ATM_CO2	Carbon dioxide emissions from fuel combustion (millions of tonnes)	2019.Q3.G.01	795	Turkmenistan	143	Central Asia	Country	TKM	1	58.9787665	40.0912346		TONNES_M	Millions of tonnes			G	Global			IEA (2018), CO2 Emissions from Fuel Combustion. https://www.iea.org/statistics		E: Estimated data	36.666	37.906	39.734	44.234	46.599	48.103	49.212	55.833	56.461	49.959	56.92	61.796	64.094	65.505	67.017	69.105	68.972	68.972	2016
9	9.4	9.4.1	EN_ATM_CO2	Carbon dioxide emissions from fuel combustion (millions of tonnes)	2019.Q3.G.01	796	Turks and Caicos Islands	029	Caribbean	Country	TCA	0	-71.745121	21.80780585																															
9	9.4	9.4.1	EN_ATM_CO2	Carbon dioxide emissions from fuel combustion (millions of tonnes)	2019.Q3.G.01	798	Tuvalu	061	Polynesia	Country	TUV	1	178.6679611	-7.460048071																															
9	9.4	9.4.1	EN_ATM_CO2	Carbon dioxide emissions from fuel combustion (millions of tonnes)	2019.Q3.G.01	800	Uganda	014	Eastern Africa	Country	UGA	1	32.39100438	1.279557331																															
9	9.4	9.4.1	EN_ATM_CO2	Carbon dioxide emissions from fuel combustion (millions of tonnes)	2019.Q3.G.01	804	Ukraine	151	Eastern Europe	Country	UKR	1	31.40270802	49.00735945		TONNES_M	Millions of tonnes			G	Global			IEA (2018), CO2 Emissions from Fuel Combustion. https://www.iea.org/statistics		E: Estimated data	295.116	298.078	301.124	326.071	302.379	290.246	298.078	305.735	294.792	249.469	266.304	279.519	273.893	265.072	234.207	187.626	197.719	197.719	2016
9	9.4	9.4.1	EN_ATM_CO2	Carbon dioxide emissions from fuel combustion (millions of tonnes)	2019.Q3.G.01	807	North Macedonia	039	Southern Europe	Country	MKD	1	21.7007909	41.60048068		TONNES_M	Millions of tonnes			G	Global			IEA (2018), CO2 Emissions from Fuel Combustion. https://www.iea.org/statistics		E: Estimated data	8.522	8.671	8.129	8.829	8.543	8.917	8.913	9.34	9.125	8.502	8.32	9.149	8.793	7.854	7.437	7.134	6.909	6.909	2016
9	9.4	9.4.1	EN_ATM_CO2	Carbon dioxide emissions from fuel combustion (millions of tonnes)	2019.Q3.G.01	818	Egypt	015	Northern Africa	Country	EGY	1	29.77468534	26.57438204		TONNES_M	Millions of tonnes			G	Global			IEA (2018), CO2 Emissions from Fuel Combustion. https://www.iea.org/statistics		E: Estimated data	99.745	111.416	113.151	117.468	128.169	144.676	152.19	163.618	170.909	174.489	176.465	182.7	189.112	189.222	193.376	199.568	204.805	204.805	2016
9	9.4	9.4.1	EN_ATM_CO2	Carbon dioxide emissions from fuel combustion (millions of tonnes)	2019.Q3.G.01	826	United Kingdom of Great Britain and Northern Ireland	154	Northern Europe	Country	GBR	1	-2.23830539	53.27691757		TONNES_M	Millions of tonnes			G	Global			IEA (2018), CO2 Emissions from Fuel Combustion. https://www.iea.org/statistics		E: Estimated data	520.563	535.303	521.177	533.472	533.391	531.649	532.9	521.733	507.897	460.084	476.626	439.179	461.442	447.003	408.663	393.462	371.139	371.139	2016
9	9.4	9.4.1	EN_ATM_CO2	Carbon dioxide emissions from fuel combustion (millions of tonnes)	2019.Q3.G.01	831	Guernsey	830	Channel Islands	Country	GGY	0	-2.200712402	49.71561166																															
9	9.4	9.4.1	EN_ATM_CO2	Carbon dioxide emissions from fuel combustion (millions of tonnes)	2019.Q3.G.01	832	Jersey	830	Channel Islands	Country	JEY	0	-2.136773508	49.22353354																															
9	9.4	9.4.1	EN_ATM_CO2	Carbon dioxide emissions from fuel combustion (millions of tonnes)	2019.Q3.G.01	833	Isle of Man	154	Northern Europe	Country	IMN	0	-4.538190305	54.22880901																															
9	9.4	9.4.1	EN_ATM_CO2	Carbon dioxide emissions from fuel combustion (millions of tonnes)	2019.Q3.G.01	834	United Republic of Tanzania	014	Eastern Africa	Country	TZA	1	34.80521182	-6.265332606		TONNES_M	Millions of tonnes			G	Global			IEA (2018), CO2 Emissions from Fuel Combustion. https://www.iea.org/statistics		E: Estimated data	2.61	2.766	3.154	3.296	4.572	5.055	5.387	5.202	5.321	5.101	6.131	7.838	9.934	10.28	10.371	11.619	10.59	10.59	2016
9	9.4	9.4.1	EN_ATM_CO2	Carbon dioxide emissions from fuel combustion (millions of tonnes)	2019.Q3.G.01	840	United States of America	021	Northern America	Country	USA	1	-99.13830311	39.5277871		TONNES_M	Millions of tonnes			G	Global			IEA (2018), CO2 Emissions from Fuel Combustion. https://www.iea.org/statistics		E: Estimated data	5729.875	5702.169	5545.478	5610.75	5688.778	5703.22	5602.45	5686.716	5512.513	5120.69	5352.12	5128.178	4903.01	5038.524	5046.565	4919.62	4833.081	4833.081	2016
9	9.4	9.4.1	EN_ATM_CO2	Carbon dioxide emissions from fuel combustion (millions of tonnes)	2019.Q3.G.01	850	United States Virgin Islands	029	Caribbean	Country	VIR	0	-64.76960113	17.73297693																															
9	9.4	9.4.1	EN_ATM_CO2	Carbon dioxide emissions from fuel combustion (millions of tonnes)	2019.Q3.G.01	854	Burkina Faso	011	Western Africa	Country	BFA	1	-1.742843829	12.27491081																															
9	9.4	9.4.1	EN_ATM_CO2	Carbon dioxide emissions from fuel combustion (millions of tonnes)	2019.Q3.G.01	858	Uruguay	005	South America	Country	URY	1	-56.01387025	-32.8002838		TONNES_M	Millions of tonnes			G	Global			IEA (2018), CO2 Emissions from Fuel Combustion. https://www.iea.org/statistics		E: Estimated data	5.091	4.546	4.15	4.076	5.202	5.152	6.083	5.572	7.468	7.453	5.96	7.224	8.187	7.115	6.268	6.375	6.326	6.326	2016
9	9.4	9.4.1	EN_ATM_CO2	Carbon dioxide emissions from fuel combustion (millions of tonnes)	2019.Q3.G.01	860	Uzbekistan	143	Central Asia	Country	UZB	1	63.11944558	41.77560518		TONNES_M	Millions of tonnes			G	Global			IEA (2018), CO2 Emissions from Fuel Combustion. https://www.iea.org/statistics		E: Estimated data	113.981	115.471	119.699	114.937	112.057	107.161	109.494	109.919	109.821	99.798	97.6	106.357	108.23	96.789	98.424	88.597	85.332	85.332	2016
9	9.4	9.4.1	EN_ATM_CO2	Carbon dioxide emissions from fuel combustion (millions of tonnes)	2019.Q3.G.01	862	Venezuela (Bolivarian Republic of)	005	South America	Country	VEN	1	-66.15642084	7.121324748		TONNES_M	Millions of tonnes			G	Global			IEA (2018), CO2 Emissions from Fuel Combustion. https://www.iea.org/statistics		E: Estimated data	116.21	123.344	122.717	122.557	127.776	137.702	133.589	129.851	159.402	160.509	171.469	145.719	164.036	152.193	151.608	140.539	127.351	127.351	2016
9	9.4	9.4.1	EN_ATM_CO2	Carbon dioxide emissions from fuel combustion (millions of tonnes)	2019.Q3.G.01	876	Wallis and Futuna Islands	061	Polynesia	Country	WLF	0	-176.2034788	-13.28471201																															
9	9.4	9.4.1	EN_ATM_CO2	Carbon dioxide emissions from fuel combustion (millions of tonnes)	2019.Q3.G.01	882	Samoa	061	Polynesia	Country	WSM	1	-172.4430749	-13.61541469																															
9	9.4	9.4.1	EN_ATM_CO2	Carbon dioxide emissions from fuel combustion (millions of tonnes)	2019.Q3.G.01	887	Yemen	145	Western Asia	Country	YEM	1	45.22389143	15.22242099		TONNES_M	Millions of tonnes			G	Global			IEA (2018), CO2 Emissions from Fuel Combustion. https://www.iea.org/statistics		E: Estimated data	13.349	14.517	14.563	16.842	17.846	18.836	18.893	20.003	21.255	23.468	22.389	19.805	18.119	24.648	24.15	11.357	9.216	9.216	2016
9	9.4	9.4.1	EN_ATM_CO2	Carbon dioxide emissions from fuel combustion (millions of tonnes)	2019.Q3.G.01	894	Zambia	014	Eastern Africa	Country	ZMB	1	27.850329	-14.59701056		TONNES_M	Millions of tonnes			G	Global			IEA (2018), CO2 Emissions from Fuel Combustion. https://www.iea.org/statistics		E: Estimated data	1.654	1.749	1.831	1.944	1.951	2.121	1.958	1.332	1.508	1.573	1.637	1.983	2.718	2.853	3.189	3.311	3.644	3.644	2016
