goal	target	indicator	seriesCode	seriesDesc	release	geoAreaCode	geoAreaName	parentCode	parentName	type	ISO3	UN_Member	X	Y	basePeriod	unitsCode	unitsDesc	unitmultiplierCode	unitmultiplierDesc	reportingTypeCode	reportingTypeDesc	valueDetails	footnotes	sources	timeDetails	nature	value_1998	value_1999	value_2000	value_2002	value_2003	value_2004	value_2005	value_2006	value_2007	value_2008	value_2009	value_2010	value_2011	value_2012	value_2013	value_2014	value_2015	value_2016	value_latest_year	latest_year
1	1.3	1.3.1	SI_COV_SOCINSPQ	[World Bank] Poorest quintile covered by social insurance programs (%)	2019.Q3.G.01	004	Afghanistan	034	Southern Asia	Country	AFG	1	66.02688198	33.83160199		PT	Percentage			G	Global		National Risk and Vulnerability Assesment (NRVA) 2007-2008	Central Statistics Organisation (CSO), Ministry of Rural Rehabilitation and Development (MRRD)		CA: Country adjusted data									0.16405										0.16405	2007
1	1.3	1.3.1	SI_COV_SOCINSPQ	[World Bank] Poorest quintile covered by social insurance programs (%)	2019.Q3.G.01	008	Albania	039	Southern Europe	Country	ALB	1	20.06660928	41.13897007		PT	Percentage			G	Global		[2008]: Living Standards Measurement Survey // [2012]: Living Standards Measurement Survey 	Institute of Statistics of Albania		CA: Country adjusted data										48.43734				38.22971					38.22971	2012
1	1.3	1.3.1	SI_COV_SOCINSPQ	[World Bank] Poorest quintile covered by social insurance programs (%)	2019.Q3.G.01	010	Antarctica	001	World	Country	ATA	0	21.47585697	-80.40897662																																
1	1.3	1.3.1	SI_COV_SOCINSPQ	[World Bank] Poorest quintile covered by social insurance programs (%)	2019.Q3.G.01	012	Algeria	015	Northern Africa	Country	DZA	1	2.678164227	28.15940032																																
1	1.3	1.3.1	SI_COV_SOCINSPQ	[World Bank] Poorest quintile covered by social insurance programs (%)	2019.Q3.G.01	016	American Samoa	061	Polynesia	Country	ASM	0	-170.7187269	-14.30587306																																
1	1.3	1.3.1	SI_COV_SOCINSPQ	[World Bank] Poorest quintile covered by social insurance programs (%)	2019.Q3.G.01	020	Andorra	039	Southern Europe	Country	AND	1	1.576257417	42.54548611																																
1	1.3	1.3.1	SI_COV_SOCINSPQ	[World Bank] Poorest quintile covered by social insurance programs (%)	2019.Q3.G.01	024	Angola	017	Middle Africa	Country	AGO	1	17.57817062	-12.33724746																																
1	1.3	1.3.1	SI_COV_SOCINSPQ	[World Bank] Poorest quintile covered by social insurance programs (%)	2019.Q3.G.01	028	Antigua and Barbuda	029	Caribbean	Country	ATG	1	-61.7999755	17.07761471																																
1	1.3	1.3.1	SI_COV_SOCINSPQ	[World Bank] Poorest quintile covered by social insurance programs (%)	2019.Q3.G.01	031	Azerbaijan	145	Western Asia	Country	AZE	1	50.01064725	40.39229544		PT	Percentage			G	Global		Azerbaijan Monitoring Survey of Social Welfare 2015	World Development Indicators database, World Bank		CA: Country adjusted data																	56.98233		56.98233	2015
1	1.3	1.3.1	SI_COV_SOCINSPQ	[World Bank] Poorest quintile covered by social insurance programs (%)	2019.Q3.G.01	032	Argentina	005	South America	Country	ARG	1	-65.14563274	-35.19446255		PT	Percentage			G	Global		Encuesta Permanente de Hogares Continua	[2006,2010]: Instituto Nacional de Estadistica y Censos // [2011-2013]: Instituto Nacional de Estadisticas y Censos		CA: Country adjusted data								11.06175				22.93796	28.89958	27.65786	22.11555				22.11555	2013
1	1.3	1.3.1	SI_COV_SOCINSPQ	[World Bank] Poorest quintile covered by social insurance programs (%)	2019.Q3.G.01	036	Australia	053	Australia and New Zealand	Country	AUS	1	134.3499412	-25.57717202																																
1	1.3	1.3.1	SI_COV_SOCINSPQ	[World Bank] Poorest quintile covered by social insurance programs (%)	2019.Q3.G.01	040	Austria	155	Western Europe	Country	AUT	1	14.14172472	47.58704857																																
1	1.3	1.3.1	SI_COV_SOCINSPQ	[World Bank] Poorest quintile covered by social insurance programs (%)	2019.Q3.G.01	044	Bahamas	029	Caribbean	Country	BHS	1	-78.05111663	24.69546597																																
1	1.3	1.3.1	SI_COV_SOCINSPQ	[World Bank] Poorest quintile covered by social insurance programs (%)	2019.Q3.G.01	048	Bahrain	145	Western Asia	Country	BHR	1	50.5490754	26.04407747																																
1	1.3	1.3.1	SI_COV_SOCINSPQ	[World Bank] Poorest quintile covered by social insurance programs (%)	2019.Q3.G.01	050	Bangladesh	034	Southern Asia	Country	BGD	1	89.17660788	22.86961622		PT	Percentage			G	Global		[2005]: Household Income and Expenditure Survey // [2010]: Household Income and Expenditure Survey 	[2005]: Bangladesh Bureau of Statistics // [2010]: Bangladesh Bureau of Statistics - Ministry of Planning		CA: Country adjusted data							0.10191					0.27228							0.27228	2010
1	1.3	1.3.1	SI_COV_SOCINSPQ	[World Bank] Poorest quintile covered by social insurance programs (%)	2019.Q3.G.01	051	Armenia	145	Western Asia	Country	ARM	1	44.93839317	40.29499741		PT	Percentage			G	Global		[2008-2012]: Integrated Living Conditions Survey // [2013-2014]: Integrated Living Conditions Survey 	National Statistical Service of the Republic of Armenia		CA: Country adjusted data										55.33722	55.07897	54.16628	53.53614	56.42332	56.69281	56.99563			56.99563	2014
1	1.3	1.3.1	SI_COV_SOCINSPQ	[World Bank] Poorest quintile covered by social insurance programs (%)	2019.Q3.G.01	052	Barbados	029	Caribbean	Country	BRB	1	-59.5346489	13.13648273																																
1	1.3	1.3.1	SI_COV_SOCINSPQ	[World Bank] Poorest quintile covered by social insurance programs (%)	2019.Q3.G.01	056	Belgium	155	Western Europe	Country	BEL	1	4.660976456	50.64104975																																
1	1.3	1.3.1	SI_COV_SOCINSPQ	[World Bank] Poorest quintile covered by social insurance programs (%)	2019.Q3.G.01	060	Bermuda	021	Northern America	Country	BMU	0	-64.78155012	32.27881922																																
1	1.3	1.3.1	SI_COV_SOCINSPQ	[World Bank] Poorest quintile covered by social insurance programs (%)	2019.Q3.G.01	064	Bhutan	034	Southern Asia	Country	BTN	1	90.45098484	27.39598568		PT	Percentage			G	Global		[2007]: Living Standards Survey 2007 - South Asia Labor Flagship Dataset // [2012]: Bhutan Living Standards Survey	[2007]: National Statistical Bureau // [2012]: National Statistics Bureau (NSB) - Royal Government of Bhutan		CA: Country adjusted data									1.29057					0.31867					0.31867	2012
1	1.3	1.3.1	SI_COV_SOCINSPQ	[World Bank] Poorest quintile covered by social insurance programs (%)	2019.Q3.G.01	068	Bolivia (Plurinational State of)	005	South America	Country	BOL	1	-64.66224284	-16.71273412		PT	Percentage			G	Global		[2006-2007]: Encuesta de Hogares // [2008-2009,2011-2012,2014]: Encuesta de Hogares 	[2006,2008-2009,2011-2012]: Instituto Nacional de Estadistica - Ministerio de Planificacion del Desarrollo - Bolivia // [2007]: Instituto Nacional de Estadistica -Ministerio de Planificacion para el Desarrollo // [2014]: World Development Indicators database, World Bank		CA: Country adjusted data								0.15097	0.27605	0.27041	0.07986		0.78307	1.42914		0.58373			0.58373	2014
1	1.3	1.3.1	SI_COV_SOCINSPQ	[World Bank] Poorest quintile covered by social insurance programs (%)	2019.Q3.G.01	070	Bosnia and Herzegovina	039	Southern Europe	Country	BIH	1	17.78584332	44.16845548		PT	Percentage			G	Global		Household Budget Survey	[2007]: Bosnia and Herzegovina Agency for Statistics - BHAS, Institute of Statistics of the Federation of Bosnia and Herzegovina - FIS, Institute of Statistics of the Republika Srpska - RSIS // [2015]: Agency for Statistics of Bosnia and Herzegovina		CA: Country adjusted data									36.91918								37.2437		37.2437	2015
1	1.3	1.3.1	SI_COV_SOCINSPQ	[World Bank] Poorest quintile covered by social insurance programs (%)	2019.Q3.G.01	072	Botswana	018	Southern Africa	Country	BWA	1	23.81380223	-22.18810073																																
1	1.3	1.3.1	SI_COV_SOCINSPQ	[World Bank] Poorest quintile covered by social insurance programs (%)	2019.Q3.G.01	074	Bouvet Island	005	South America	Country	BVT	0	3.410732868	-54.43295905																																
1	1.3	1.3.1	SI_COV_SOCINSPQ	[World Bank] Poorest quintile covered by social insurance programs (%)	2019.Q3.G.01	076	Brazil	005	South America	Country	BRA	1	-53.08432878	-10.77668561		PT	Percentage			G	Global		[2006,2009]: Pesquisa Nacional por Amostra de Domicilios // [2011-2012]: Pesquisa Nacional por Amostra de Domicilio  // [2015]: Pesquisa Nacional por Amostra de Domicílios Contínua	[2006]: Instituto Brasileiro de Geografia e Estatistica // [2009,2011-2012,2015]: Instituto Brasileiro de Geografia e Estatistica IBGE - Ministerio  do Planejamento, Orçamento e Gestao 		CA: Country adjusted data								11.55424			8.26926		9.76714	9.71582			10.58352		10.58352	2015
1	1.3	1.3.1	SI_COV_SOCINSPQ	[World Bank] Poorest quintile covered by social insurance programs (%)	2019.Q3.G.01	084	Belize	013	Central America	Country	BLZ	1	-88.70199554	17.19965901		PT	Percentage			G	Global		Living Standards Measurement Survey (LSMS)	World Development Indicators database, World Bank		CA: Country adjusted data											29.36916								29.36916	2009
1	1.3	1.3.1	SI_COV_SOCINSPQ	[World Bank] Poorest quintile covered by social insurance programs (%)	2019.Q3.G.01	086	British Indian Ocean Territory	014	Eastern Africa	Country	IOT	0	72.38715553	-7.299281071																																
1	1.3	1.3.1	SI_COV_SOCINSPQ	[World Bank] Poorest quintile covered by social insurance programs (%)	2019.Q3.G.01	090	Solomon Islands	054	Melanesia	Country	SLB	1	160.1584117	-9.622391719		PT	Percentage			G	Global		Household Income and Expenditure Survey	Solomon Islands Statistics Office (SISO) - Ministry of Finance, Government of Solomon Islands		CA: Country adjusted data							0.94646												0.94646	2005
1	1.3	1.3.1	SI_COV_SOCINSPQ	[World Bank] Poorest quintile covered by social insurance programs (%)	2019.Q3.G.01	092	British Virgin Islands	029	Caribbean	Country	VGB	0	-64.63294223	18.42256578																																
1	1.3	1.3.1	SI_COV_SOCINSPQ	[World Bank] Poorest quintile covered by social insurance programs (%)	2019.Q3.G.01	096	Brunei Darussalam	035	South-Eastern Asia	Country	BRN	1	114.6288563	4.49736984																																
1	1.3	1.3.1	SI_COV_SOCINSPQ	[World Bank] Poorest quintile covered by social insurance programs (%)	2019.Q3.G.01	100	Bulgaria	151	Eastern Europe	Country	BGR	1	25.23763153	42.75731323		PT	Percentage			G	Global		Multi-Topic Household Survey	National Statistical Institute - Government of Republic of Bulgaria		CA: Country adjusted data									48.19672										48.19672	2007
1	1.3	1.3.1	SI_COV_SOCINSPQ	[World Bank] Poorest quintile covered by social insurance programs (%)	2019.Q3.G.01	104	Myanmar	035	South-Eastern Asia	Country	MMR	1	96.51752295	21.19332882																																
1	1.3	1.3.1	SI_COV_SOCINSPQ	[World Bank] Poorest quintile covered by social insurance programs (%)	2019.Q3.G.01	108	Burundi	014	Eastern Africa	Country	BDI	1	29.89080992	-3.366387428																																
1	1.3	1.3.1	SI_COV_SOCINSPQ	[World Bank] Poorest quintile covered by social insurance programs (%)	2019.Q3.G.01	112	Belarus	151	Eastern Europe	Country	BLR	1	28.04940161	53.54193075		PT	Percentage			G	Global		[2008-2010]: Household Sample Survey // [2012-2013,2015-2016]: Household Sample Survey 	National Statistical Committee of the Republic of Belarus		CA: Country adjusted data										39.38569	36.75283	37.15201		42.49706	48.98092		40.68515	39.14599	39.14599	2016
1	1.3	1.3.1	SI_COV_SOCINSPQ	[World Bank] Poorest quintile covered by social insurance programs (%)	2019.Q3.G.01	116	Cambodia	035	South-Eastern Asia	Country	KHM	1	104.922836	12.71163737		PT	Percentage			G	Global		[2008]: Socio-Economic Survey 2008 // [2013]: Socio-Economic Survey 2013	National Institute of Statistics - Ministry of Planning		CA: Country adjusted data										1.3418					0.35887				0.35887	2013
1	1.3	1.3.1	SI_COV_SOCINSPQ	[World Bank] Poorest quintile covered by social insurance programs (%)	2019.Q3.G.01	120	Cameroon	017	Middle Africa	Country	CMR	1	12.7419827	5.692387031		PT	Percentage			G	Global		[2007]: Troisieme Enquete Camerounaise Aupres des Menages 2007 // [2014]: Quatrième Enquête Camerounaise Auprès des Ménages 2014 (ECAM4)	[2007]: Institut National de la Statistique (INS) - Ministere de l'Economie, de la Planification et de l’Amenagement du Territoire // [2014]: Institut National de la Statistique - Ministère de l'Economie, de la Planification et de l'Aménagement du Territoire		CA: Country adjusted data									0.96333							0.91225			0.91225	2014
1	1.3	1.3.1	SI_COV_SOCINSPQ	[World Bank] Poorest quintile covered by social insurance programs (%)	2019.Q3.G.01	124	Canada	021	Northern America	Country	CAN	1	-101.6575058	57.72360191																																
1	1.3	1.3.1	SI_COV_SOCINSPQ	[World Bank] Poorest quintile covered by social insurance programs (%)	2019.Q3.G.01	132	Cabo Verde	011	Western Africa	Country	CPV	1	-23.63544151	15.07791834		PT	Percentage			G	Global		Questionario Unificado de Indicadores Basicos de Bem-Estar (QUIBB)	Instituto Nacional de Estatística (INE)		CA: Country adjusted data									3.24719										3.24719	2007
1	1.3	1.3.1	SI_COV_SOCINSPQ	[World Bank] Poorest quintile covered by social insurance programs (%)	2019.Q3.G.01	136	Cayman Islands	029	Caribbean	Country	CYM	0	-81.16740559	19.32266656																																
1	1.3	1.3.1	SI_COV_SOCINSPQ	[World Bank] Poorest quintile covered by social insurance programs (%)	2019.Q3.G.01	140	Central African Republic	017	Middle Africa	Country	CAF	1	20.93559492	7.003720791																																
1	1.3	1.3.1	SI_COV_SOCINSPQ	[World Bank] Poorest quintile covered by social insurance programs (%)	2019.Q3.G.01	144	Sri Lanka	034	Southern Asia	Country	LKA	1	80.70489654	7.614693343		PT	Percentage			G	Global		[2006]: Household Income and Expenditure Survey 2006-2007 // [2009]: Household Income and Expenditure Survey 2009-2010 // [2012]: Household Income and Expenditure Survey 2012-2013	Department of Census and Statistics - Ministry of Finance and Planning		CA: Country adjusted data								1.22223			1.9879			1.76502					1.76502	2012
1	1.3	1.3.1	SI_COV_SOCINSPQ	[World Bank] Poorest quintile covered by social insurance programs (%)	2019.Q3.G.01	148	Chad	017	Middle Africa	Country	TCD	1	18.66618401	15.36279341		PT	Percentage			G	Global		Troisieme Enquete Sur La Consommation et le Secteur Informel	Institut National de la Statistique, des Etudes Economiques et Démographiques (INSEED)		CA: Country adjusted data													0.63801						0.63801	2011
1	1.3	1.3.1	SI_COV_SOCINSPQ	[World Bank] Poorest quintile covered by social insurance programs (%)	2019.Q3.G.01	152	Chile	005	South America	Country	CHL	1	-71.23029019	-35.2652885		PT	Percentage			G	Global		[2006,2009]: Encuesta de Caracterizacion Socio-Economica Nacional (CASEN) // [2011]: Encuesta de Caracterizacion Socioeconomica Nacional (CASEN) // [2013,2015]: Encuesta de Caracterización Socioeconómica Nacional (CASEN)	[2006,2009]: Ministerio de Planificacion // [2011]: Universidad de Chile - Gobierno de Chile // [2013]: Ministerio de Desarrollo Social - Gobierno de Chile // [2015]: World Development Indicators database, World Bank		CA: Country adjusted data								24.4576			36.86726		15.62684		40.72819		41.8645		41.8645	2015
1	1.3	1.3.1	SI_COV_SOCINSPQ	[World Bank] Poorest quintile covered by social insurance programs (%)	2019.Q3.G.01	156	China	030	Eastern Asia	Country	CHN	1	104.1403375	32.30955217		PT	Percentage			G	Global		Chinese Household Income Project 2013-2014	China Institute For Income Distribution		CA: Country adjusted data															33.86545				33.86545	2013
1	1.3	1.3.1	SI_COV_SOCINSPQ	[World Bank] Poorest quintile covered by social insurance programs (%)	2019.Q3.G.01	162	Christmas Island	053	Australia and New Zealand	Country	CXR	0	105.6426067	-10.4882473																																
1	1.3	1.3.1	SI_COV_SOCINSPQ	[World Bank] Poorest quintile covered by social insurance programs (%)	2019.Q3.G.01	166	Cocos (Keeling) Islands	053	Australia and New Zealand	Country	CCK	0	96.82633757	-12.18600682																																
1	1.3	1.3.1	SI_COV_SOCINSPQ	[World Bank] Poorest quintile covered by social insurance programs (%)	2019.Q3.G.01	170	Colombia	005	South America	Country	COL	1	-73.07446751	3.888209046		PT	Percentage			G	Global		Encuesta Nacional de Calidad de Vida (ENCV)	Dirección de Metodología y Producción Estadística (DIMPE) - Departamento Administrativo Nacional de Estadística (DANE)		CA: Country adjusted data												1.17068	0.5957	0.43718		0.58883			0.58883	2014
1	1.3	1.3.1	SI_COV_SOCINSPQ	[World Bank] Poorest quintile covered by social insurance programs (%)	2019.Q3.G.01	174	Comoros	014	Eastern Africa	Country	COM	1	43.34234565	-11.66121732		PT	Percentage			G	Global		Enquete Integrale aupres des Menages 2004	Direction de la Statistique - Ministere du Plan et de l’Amenagement du Territoire		CA: Country adjusted data						0.7711													0.7711	2004
1	1.3	1.3.1	SI_COV_SOCINSPQ	[World Bank] Poorest quintile covered by social insurance programs (%)	2019.Q3.G.01	175	Mayotte	014	Eastern Africa	Country	MYT	0	45.14015057	-12.82217691																																
1	1.3	1.3.1	SI_COV_SOCINSPQ	[World Bank] Poorest quintile covered by social insurance programs (%)	2019.Q3.G.01	178	Congo	011	Western Africa	Country	COG	1	15.22052612	-0.840544119		PT	Percentage			G	Global		Enquete Congolaise aupres des Menages pour l’Evaluation de la Pauvrete 2005	Centre National de la Statistique et des Etudes Economiques (CNSEE) - Ministere du Plan, de l’Amenagement du Territoire et de l'Int\u00e9gration Economique, Congo, Rep.		CA: Country adjusted data							4.88988												4.88988	2005
1	1.3	1.3.1	SI_COV_SOCINSPQ	[World Bank] Poorest quintile covered by social insurance programs (%)	2019.Q3.G.01	180	Democratic Republic of the Congo	017	Middle Africa	Country	COD	1	23.65496507	-2.877154732		PT	Percentage			G	Global		[2004]: Enquete 1-2-3 sur l'Emploi, le Secteur Informel et les Conditions de Vie des Menages  // [2012]: Troisieme Enquete Sur La Consommation et le Secteur Informel	Institut National de la Statistique (INS) - Ministere du Plan		CA: Country adjusted data						0.59015								0.64599					0.64599	2012
1	1.3	1.3.1	SI_COV_SOCINSPQ	[World Bank] Poorest quintile covered by social insurance programs (%)	2019.Q3.G.01	184	Cook Islands	061	Polynesia	Country	COK	0	-159.7711391	-21.22696458																																
1	1.3	1.3.1	SI_COV_SOCINSPQ	[World Bank] Poorest quintile covered by social insurance programs (%)	2019.Q3.G.01	188	Costa Rica	013	Central America	Country	CRI	1	-84.19712782	9.970998683		PT	Percentage			G	Global		[2008-2009]: Encuesta de Hogares de Propositos Multiples // [2010-2012,2014]: Encuesta Nacional de Hogares (ENAHO)	[2008-2009]: Instituto Nacional de Estadistica y Censos - Ente Ejecutor - Costa Rica // [2010-2012,2014]: Instituto Nacional de Estadistica  y Censos - Ente Ejecutor - Costa Rica		CA: Country adjusted data										7.5709	14.60432	4.91342	5.12052	4.61524		5.82746			5.82746	2014
1	1.3	1.3.1	SI_COV_SOCINSPQ	[World Bank] Poorest quintile covered by social insurance programs (%)	2019.Q3.G.01	191	Croatia	039	Southern Europe	Country	HRV	1	17.95874553	45.45172212		PT	Percentage			G	Global		Household Budget Survey	Croatian Bureau of Statistics - CBS 		CA: Country adjusted data										59.36819		58.13471							58.13471	2010
1	1.3	1.3.1	SI_COV_SOCINSPQ	[World Bank] Poorest quintile covered by social insurance programs (%)	2019.Q3.G.01	192	Cuba	029	Caribbean	Country	CUB	1	-79.54460144	22.10030366																																
1	1.3	1.3.1	SI_COV_SOCINSPQ	[World Bank] Poorest quintile covered by social insurance programs (%)	2019.Q3.G.01	196	Cyprus	145	Western Asia	Country	CYP	1	33.22285964	35.05659437																																
1	1.3	1.3.1	SI_COV_SOCINSPQ	[World Bank] Poorest quintile covered by social insurance programs (%)	2019.Q3.G.01	203	Czechia	151	Eastern Europe	Country	CZE	1	15.33151382	49.73913871																																
1	1.3	1.3.1	SI_COV_SOCINSPQ	[World Bank] Poorest quintile covered by social insurance programs (%)	2019.Q3.G.01	204	Benin	011	Western Africa	Country	BEN	1	2.339933594	9.65401646		PT	Percentage			G	Global		Questionnaire Unifie sur les Indicateurs de Base du Bien-etre 2003	Institut National de la Statistique et de l'Analyse economique		CA: Country adjusted data					3.60006														3.60006	2003
1	1.3	1.3.1	SI_COV_SOCINSPQ	[World Bank] Poorest quintile covered by social insurance programs (%)	2019.Q3.G.01	208	Denmark	154	Northern Europe	Country	DNK	1	9.326571283	56.03829721																																
1	1.3	1.3.1	SI_COV_SOCINSPQ	[World Bank] Poorest quintile covered by social insurance programs (%)	2019.Q3.G.01	212	Dominica	029	Caribbean	Country	DMA	1	-61.3493756	15.43391378		PT	Percentage			G	Global		Survey of Living Conditions (SLC)	Central Statistical Office (CSO) - Ministry of Finance and Planning, Government of Dominica		CA: Country adjusted data				15.4359															15.4359	2002
1	1.3	1.3.1	SI_COV_SOCINSPQ	[World Bank] Poorest quintile covered by social insurance programs (%)	2019.Q3.G.01	214	Dominican Republic	029	Caribbean	Country	DOM	1	-70.49847576	18.89832088		PT	Percentage			G	Global		Encuesta Nacional de Fuerza de Trabajo	[2007,2009]: Banco Central, Oficina Nacional de Estadistica // [2008,2010,2012-2014]: Oficina Nacional de Estadística // [2011]: Oficina Nacional de Estadistica		CA: Country adjusted data									2.34614	2.43888	2.26235	2.48835	2.65945	2.43564	2.75	2.58725			2.58725	2014
1	1.3	1.3.1	SI_COV_SOCINSPQ	[World Bank] Poorest quintile covered by social insurance programs (%)	2019.Q3.G.01	218	Ecuador	005	South America	Country	ECU	1	-78.37005241	-1.447785891		PT	Percentage			G	Global		Encuesta Nacional de Empleo Desempleo y Subempleo	Instituto Nacional de Estadisticas y Censos (INEC) - Secretaria Nacional de Planificacion y Desarrollo (SENPLADES)		CA: Country adjusted data										2.07787		2.2245	2.59678	3.33973				4.57627	4.57627	2016
1	1.3	1.3.1	SI_COV_SOCINSPQ	[World Bank] Poorest quintile covered by social insurance programs (%)	2019.Q3.G.01	222	El Salvador	013	Central America	Country	SLV	1	-88.86862995	13.73603564		PT	Percentage			G	Global		[2007-2012]: Encuesta de Hogares de Propositos Multiples // [2014]: Encuesta de Hogares de Propósitos Múltiples	Dirección General de Estadística y Censos - Ministerio de Economía		CA: Country adjusted data									0.98848	3.10097	1.02158	0.93901	1.29853	1.21811		1.06314			1.06314	2014
1	1.3	1.3.1	SI_COV_SOCINSPQ	[World Bank] Poorest quintile covered by social insurance programs (%)	2019.Q3.G.01	226	Equatorial Guinea	017	Middle Africa	Country	GNQ	1	10.46535826	1.565792376																																
1	1.3	1.3.1	SI_COV_SOCINSPQ	[World Bank] Poorest quintile covered by social insurance programs (%)	2019.Q3.G.01	231	Ethiopia	014	Eastern Africa	Country	ETH	1	39.63505296	8.631223181																																
1	1.3	1.3.1	SI_COV_SOCINSPQ	[World Bank] Poorest quintile covered by social insurance programs (%)	2019.Q3.G.01	232	Eritrea	014	Eastern Africa	Country	ERI	1	38.11074289	16.12894644																																
1	1.3	1.3.1	SI_COV_SOCINSPQ	[World Bank] Poorest quintile covered by social insurance programs (%)	2019.Q3.G.01	233	Estonia	154	Northern Europe	Country	EST	1	25.84093481	58.68487172																																
1	1.3	1.3.1	SI_COV_SOCINSPQ	[World Bank] Poorest quintile covered by social insurance programs (%)	2019.Q3.G.01	234	Faroe Islands	154	Northern Europe	Country	FRO	0	-7.122044325	62.21228119																																
1	1.3	1.3.1	SI_COV_SOCINSPQ	[World Bank] Poorest quintile covered by social insurance programs (%)	2019.Q3.G.01	238	Falkland Islands (Malvinas)	005	South America	Country	FLK	0	-58.75246778	-51.74562601																																
1	1.3	1.3.1	SI_COV_SOCINSPQ	[World Bank] Poorest quintile covered by social insurance programs (%)	2019.Q3.G.01	239	South Georgia and the South Sandwich Islands	005	South America	Country	SGS	0	-36.90662765	-54.20736749																																
1	1.3	1.3.1	SI_COV_SOCINSPQ	[World Bank] Poorest quintile covered by social insurance programs (%)	2019.Q3.G.01	242	Fiji	054	Melanesia	Country	FJI	1	177.9660884	-17.83301566		PT	Percentage			G	Global		Household Income and Expenditure Survey	Fiji Islands Bureau of Statistics (FIBoS) - Government of Fiji		CA: Country adjusted data										5.45188									5.45188	2008
1	1.3	1.3.1	SI_COV_SOCINSPQ	[World Bank] Poorest quintile covered by social insurance programs (%)	2019.Q3.G.01	246	Finland	154	Northern Europe	Country	FIN	1	23.308447	61.91586738																																
1	1.3	1.3.1	SI_COV_SOCINSPQ	[World Bank] Poorest quintile covered by social insurance programs (%)	2019.Q3.G.01	248	Åland Islands	154	Northern Europe	Country	ALA	0	19.80945969	60.1544901																																
1	1.3	1.3.1	SI_COV_SOCINSPQ	[World Bank] Poorest quintile covered by social insurance programs (%)	2019.Q3.G.01	250	France	155	Western Europe	Country	FRA	1	2.457288129	46.62660861																																
1	1.3	1.3.1	SI_COV_SOCINSPQ	[World Bank] Poorest quintile covered by social insurance programs (%)	2019.Q3.G.01	254	French Guiana	005	South America	Country	GUF	0	-53.23619089	3.922673437																																
1	1.3	1.3.1	SI_COV_SOCINSPQ	[World Bank] Poorest quintile covered by social insurance programs (%)	2019.Q3.G.01	258	French Polynesia	061	Polynesia	Country	PYF	0	-149.4052367	-17.67709294																																
1	1.3	1.3.1	SI_COV_SOCINSPQ	[World Bank] Poorest quintile covered by social insurance programs (%)	2019.Q3.G.01	260	French Southern Territories	014	Eastern Africa	Country	ATF	0	69.64849091	-49.6068576																																
1	1.3	1.3.1	SI_COV_SOCINSPQ	[World Bank] Poorest quintile covered by social insurance programs (%)	2019.Q3.G.01	262	Djibouti	014	Eastern Africa	Country	DJI	1	42.18274707	11.56004161		PT	Percentage			G	Global		Enquete Djiboutienne Aupres des Menages (EDAM 3-IS)	World Development Indicators database, World Bank		CA: Country adjusted data														5.33149					5.33149	2012
1	1.3	1.3.1	SI_COV_SOCINSPQ	[World Bank] Poorest quintile covered by social insurance programs (%)	2019.Q3.G.01	266	Gabon	017	Middle Africa	Country	GAB	1	11.78727747	-0.60687619		PT	Percentage			G	Global		Enquete Gabonaise pour l'Evaluation et le Suivi de la Pauvrete 2005	Direction Generale de la Statistique et des Etudes Economiques (DGSEE) - Ministere de la Planification, de la Programmation du developpement et de l\u2019Am\u00e9nagement du Territoire		CA: Country adjusted data							11.45231												11.45231	2005
1	1.3	1.3.1	SI_COV_SOCINSPQ	[World Bank] Poorest quintile covered by social insurance programs (%)	2019.Q3.G.01	268	Georgia	145	Western Asia	Country	GEO	1	43.3713615	42.04813028																																
1	1.3	1.3.1	SI_COV_SOCINSPQ	[World Bank] Poorest quintile covered by social insurance programs (%)	2019.Q3.G.01	270	Gambia	011	Western Africa	Country	GMB	1	-15.39944785	13.45295927		PT	Percentage			G	Global		[1998]: Household Poverty Survey // [2010]: Integrated Household Survey 2010 -2011	[1998]: Gambia Bureau of Statistics (GBOS) - Department of State for Finance and Economic Affairs // [2010]: The Gambia Bureau of Statistics - Government of The Gambia 		CA: Country adjusted data	0.98914											0.45239							0.45239	2010
1	1.3	1.3.1	SI_COV_SOCINSPQ	[World Bank] Poorest quintile covered by social insurance programs (%)	2019.Q3.G.01	275	State of Palestine	145	Western Asia	Country	PSE	0	35.25694122	31.94347933																																
1	1.3	1.3.1	SI_COV_SOCINSPQ	[World Bank] Poorest quintile covered by social insurance programs (%)	2019.Q3.G.01	276	Germany	155	Western Europe	Country	DEU	1	10.3806066	51.08862743																																
1	1.3	1.3.1	SI_COV_SOCINSPQ	[World Bank] Poorest quintile covered by social insurance programs (%)	2019.Q3.G.01	288	Ghana	011	Western Africa	Country	GHA	1	-1.205623522	7.964825185		PT	Percentage			G	Global		[2005]: Living Standards Survey V 2005-2006 // [2012]: Living Standards Survey V 2012-2013 	[2005]: Ghana Statistical Service (GSS) // [2012]: Ghana Statistical Service - Government of Ghana 		CA: Country adjusted data							2.27485							60.57968					60.57968	2012
1	1.3	1.3.1	SI_COV_SOCINSPQ	[World Bank] Poorest quintile covered by social insurance programs (%)	2019.Q3.G.01	292	Gibraltar	039	Southern Europe	Country	GIB	0	-5.347561686	36.13895036																																
1	1.3	1.3.1	SI_COV_SOCINSPQ	[World Bank] Poorest quintile covered by social insurance programs (%)	2019.Q3.G.01	296	Kiribati	057	Micronesia	Country	KIR	1	-157.5643005	1.768837732																																
1	1.3	1.3.1	SI_COV_SOCINSPQ	[World Bank] Poorest quintile covered by social insurance programs (%)	2019.Q3.G.01	300	Greece	039	Southern Europe	Country	GRC	1	22.58307827	39.47301873																																
1	1.3	1.3.1	SI_COV_SOCINSPQ	[World Bank] Poorest quintile covered by social insurance programs (%)	2019.Q3.G.01	304	Greenland	021	Northern America	Country	GRL	0	-41.39371316	74.75625681																																
1	1.3	1.3.1	SI_COV_SOCINSPQ	[World Bank] Poorest quintile covered by social insurance programs (%)	2019.Q3.G.01	308	Grenada	029	Caribbean	Country	GRD	1	-61.68248568	12.11238395																																
1	1.3	1.3.1	SI_COV_SOCINSPQ	[World Bank] Poorest quintile covered by social insurance programs (%)	2019.Q3.G.01	312	Guadeloupe	029	Caribbean	Country	GLP	0	-61.64762115	16.14416917																																
1	1.3	1.3.1	SI_COV_SOCINSPQ	[World Bank] Poorest quintile covered by social insurance programs (%)	2019.Q3.G.01	316	Guam	057	Micronesia	Country	GUM	0	144.7029305	13.35485404																																
1	1.3	1.3.1	SI_COV_SOCINSPQ	[World Bank] Poorest quintile covered by social insurance programs (%)	2019.Q3.G.01	320	Guatemala	013	Central America	Country	GTM	1	-91.2312746	15.00273719		PT	Percentage			G	Global		Encuesta Nacional de Condiciones de Vida	[2006,2011]: Instituto Nacional de Estadistica // [2014]: World Development Indicators database, World Bank		CA: Country adjusted data								0.44046					0.73941			1.48949			1.48949	2014
1	1.3	1.3.1	SI_COV_SOCINSPQ	[World Bank] Poorest quintile covered by social insurance programs (%)	2019.Q3.G.01	324	Guinea	011	Western Africa	Country	GIN	1	-11.28173419	11.00210343		PT	Percentage			G	Global		Enquête Légère pour l'Evaluation de la Pauvreté 2012	Institut National de la Statistique - Gouvernement guinéen		CA: Country adjusted data														0.74435					0.74435	2012
1	1.3	1.3.1	SI_COV_SOCINSPQ	[World Bank] Poorest quintile covered by social insurance programs (%)	2019.Q3.G.01	328	Guyana	005	South America	Country	GUY	1	-58.97322037	4.788012784																																
1	1.3	1.3.1	SI_COV_SOCINSPQ	[World Bank] Poorest quintile covered by social insurance programs (%)	2019.Q3.G.01	332	Haiti	029	Caribbean	Country	HTI	1	-72.33640958	18.40426539		PT	Percentage			G	Global		Enquête sur les Conditions de Vie des Ménages après Séisme 2012-2013	Institut Haitien de Statistique et Informatique (IHSI) - Ministere de l'Economie et des Finances		CA: Country adjusted data														0.0					0.0	2012
1	1.3	1.3.1	SI_COV_SOCINSPQ	[World Bank] Poorest quintile covered by social insurance programs (%)	2019.Q3.G.01	334	Heard Island and McDonald Islands	053	Australia and New Zealand	Country	HMD	0	73.52633626	-53.09106147																																
1	1.3	1.3.1	SI_COV_SOCINSPQ	[World Bank] Poorest quintile covered by social insurance programs (%)	2019.Q3.G.01	336	Holy See	039	Southern Europe	Country	VAT	0	12.45315803	41.90343751																																
1	1.3	1.3.1	SI_COV_SOCINSPQ	[World Bank] Poorest quintile covered by social insurance programs (%)	2019.Q3.G.01	340	Honduras	013	Central America	Country	HND	1	-86.59974381	14.82243161		PT	Percentage			G	Global		[2008-2011]: Encuesta Permanente de Hogares de Propositos Multiples // [2013]: Encuesta Permanente de Hogares de Propósitos Múltiples	Instituto Nacional de Estadistica		CA: Country adjusted data										0.32234	0.03324	0.22409	0.76794		0.56627				0.56627	2013
1	1.3	1.3.1	SI_COV_SOCINSPQ	[World Bank] Poorest quintile covered by social insurance programs (%)	2019.Q3.G.01	344	China, Hong Kong Special Administrative Region	030	Eastern Asia	Country	HKG	0	114.0266445	22.41749934																																
1	1.3	1.3.1	SI_COV_SOCINSPQ	[World Bank] Poorest quintile covered by social insurance programs (%)	2019.Q3.G.01	348	Hungary	151	Eastern Europe	Country	HUN	1	19.41221519	47.1651448		PT	Percentage			G	Global		Household Budget Survey	Hungarian Central Statistical Office		CA: Country adjusted data									49.86381										49.86381	2007
1	1.3	1.3.1	SI_COV_SOCINSPQ	[World Bank] Poorest quintile covered by social insurance programs (%)	2019.Q3.G.01	352	Iceland	154	Northern Europe	Country	ISL	1	-19.02116966	64.79134763																																
1	1.3	1.3.1	SI_COV_SOCINSPQ	[World Bank] Poorest quintile covered by social insurance programs (%)	2019.Q3.G.01	356	India	034	Southern Asia	Country	IND	1	79.3608464	22.34642074		PT	Percentage			G	Global		India Human Development Survey-II (IHDS-II)	World Development Indicators database, World Bank		CA: Country adjusted data													23.88358						23.88358	2011
1	1.3	1.3.1	SI_COV_SOCINSPQ	[World Bank] Poorest quintile covered by social insurance programs (%)	2019.Q3.G.01	360	Indonesia	035	South-Eastern Asia	Country	IDN	1	113.9174	-0.994582204		PT	Percentage			G	Global		[2014]: Survei Sosial Ekonomi Nasional 2014, Maret (SUSENAS) // [2015]: Survei Sosial Ekonomi Nasional 2015, Maret (SUSENAS)	Badan Pusat Statistik		CA: Country adjusted data																1.57925	1.53011		1.53011	2015
1	1.3	1.3.1	SI_COV_SOCINSPQ	[World Bank] Poorest quintile covered by social insurance programs (%)	2019.Q3.G.01	364	Iran (Islamic Republic of)	034	Southern Asia	Country	IRN	1	54.19766348	32.74370885																																
1	1.3	1.3.1	SI_COV_SOCINSPQ	[World Bank] Poorest quintile covered by social insurance programs (%)	2019.Q3.G.01	368	Iraq	145	Western Asia	Country	IRQ	1	43.76606267	33.05013795		PT	Percentage			G	Global		[2006]: Household Socio-Economic Survey 2006-2007 // [2012]: Household Socio Economic Survey 2012	[2006]: Central Organization for Statistics and Information Technology (COSIT), Kurdistan Regional Statistics Office (KRSO) // [2012]: Organization for Statistics and Information Technology (COSIT) - Ministry of Planning; Kurdistan Regional Statistics Office (KRSO) - Ministry of Planning 		CA: Country adjusted data								24.34425						20.06956					20.06956	2012
1	1.3	1.3.1	SI_COV_SOCINSPQ	[World Bank] Poorest quintile covered by social insurance programs (%)	2019.Q3.G.01	372	Ireland	154	Northern Europe	Country	IRL	1	-7.121425272	53.25274054																																
1	1.3	1.3.1	SI_COV_SOCINSPQ	[World Bank] Poorest quintile covered by social insurance programs (%)	2019.Q3.G.01	376	Israel	145	Western Asia	Country	ISR	1	34.62277992	31.06164552																																
1	1.3	1.3.1	SI_COV_SOCINSPQ	[World Bank] Poorest quintile covered by social insurance programs (%)	2019.Q3.G.01	380	Italy	039	Southern Europe	Country	ITA	1	12.57022427	42.79917282																																
1	1.3	1.3.1	SI_COV_SOCINSPQ	[World Bank] Poorest quintile covered by social insurance programs (%)	2019.Q3.G.01	384	Côte d'Ivoire	011	Western Africa	Country	CIV	1	-5.552690016	7.62211586		PT	Percentage			G	Global		[2002]: Enquete sur le Niveau de Vie des Menages de Cote d'Ivoire 2002 // [2008]: Enquête sur le Niveau de Vie des Ménages de Côte d'Ivoire 2008 // [2015]: Enquête sur le Niveau de Vie des Ménages de Côte d'Ivoire 2015	[2002]: Institut National de la Statistique - Ministere du Plan et du developpement // [2008,2015]: Institut National de la Statistique - Government of Côte d'Ivoire 		CA: Country adjusted data				25.20135						2.28044							5.42581		5.42581	2015
1	1.3	1.3.1	SI_COV_SOCINSPQ	[World Bank] Poorest quintile covered by social insurance programs (%)	2019.Q3.G.01	388	Jamaica	029	Caribbean	Country	JAM	1	-77.31068409	18.15616857		PT	Percentage			G	Global		Survey of Living Conditions	PDU - Planning Institute of Jamaica,Surveys Division - Statistical Institute of Jamaica		CA: Country adjusted data				6.70482								1.9287							1.9287	2010
1	1.3	1.3.1	SI_COV_SOCINSPQ	[World Bank] Poorest quintile covered by social insurance programs (%)	2019.Q3.G.01	392	Japan	030	Eastern Asia	Country	JPN	1	139.2716103	36.6554539																																
1	1.3	1.3.1	SI_COV_SOCINSPQ	[World Bank] Poorest quintile covered by social insurance programs (%)	2019.Q3.G.01	398	Kazakhstan	143	Central Asia	Country	KAZ	1	66.65359159	48.01963494		PT	Percentage			G	Global		Household Budget Survey	[2007]: The Agency of Statistics of the Republic of Kazakhstan // [2010,2014-2015]: The Agency of Statistics of the Republic of Kazakhstan - SARK		CA: Country adjusted data									28.81919			30.58772				1.07339	25.95332		25.95332	2015
1	1.3	1.3.1	SI_COV_SOCINSPQ	[World Bank] Poorest quintile covered by social insurance programs (%)	2019.Q3.G.01	400	Jordan	145	Western Asia	Country	JOR	1	37.13024774	30.65365973		PT	Percentage			G	Global		[2006]: Household Income and Expenditure Survey 2006 // [2010]: Household Income and Expenditure Survey 2010	[2006]: Department of Statistics (DoS) // [2010]: Department of Statistics - The Hashemite Kingdom of Jordan		CA: Country adjusted data								20.53495				24.92073							24.92073	2010
1	1.3	1.3.1	SI_COV_SOCINSPQ	[World Bank] Poorest quintile covered by social insurance programs (%)	2019.Q3.G.01	404	Kenya	014	Eastern Africa	Country	KEN	1	37.86096816	0.534797278		PT	Percentage			G	Global		[2005]: Integrated Household Budget Survey 2005-2006 // [2015]: Integrated Household Budget Survey 2015-2016	[2005]: Kenya National Bureau of Statistics - Ministry of Planning and National development // [2015]: Kenya National Bureau of Statistics - Ministry Of Devolution & National Planning		CA: Country adjusted data							0.48787										0.22064		0.22064	2015
1	1.3	1.3.1	SI_COV_SOCINSPQ	[World Bank] Poorest quintile covered by social insurance programs (%)	2019.Q3.G.01	408	Democratic People's Republic of Korea	030	Eastern Asia	Country	PRK	1	127.1803633	40.1462645																																
1	1.3	1.3.1	SI_COV_SOCINSPQ	[World Bank] Poorest quintile covered by social insurance programs (%)	2019.Q3.G.01	410	Republic of Korea	030	Eastern Asia	Country	KOR	1	127.8610254	36.45201023																																
1	1.3	1.3.1	SI_COV_SOCINSPQ	[World Bank] Poorest quintile covered by social insurance programs (%)	2019.Q3.G.01	414	Kuwait	145	Western Asia	Country	KWT	1	47.49305029	29.53949468																																
1	1.3	1.3.1	SI_COV_SOCINSPQ	[World Bank] Poorest quintile covered by social insurance programs (%)	2019.Q3.G.01	417	Kyrgyzstan	143	Central Asia	Country	KGZ	1	74.52324839	41.46204516		PT	Percentage			G	Global		[2006]: Kyrgyz Integrated Household Survey 2006 // [2011-2013]: Kyrgyz Integrated Household Survey 	National Statistical Committee of the Kyrgyz Republic - NSC		CA: Country adjusted data								32.70928					40.76887	46.2475	42.87702				42.87702	2013
1	1.3	1.3.1	SI_COV_SOCINSPQ	[World Bank] Poorest quintile covered by social insurance programs (%)	2019.Q3.G.01	418	Lao People's Democratic Republic	035	South-Eastern Asia	Country	LAO	1	101.9901968	20.27482773		PT	Percentage			G	Global		Expenditure and Consumption Survey	Department of Statistics (DoS) - Ministry of Planning and Investment		CA: Country adjusted data									0.29575										0.29575	2007
1	1.3	1.3.1	SI_COV_SOCINSPQ	[World Bank] Poorest quintile covered by social insurance programs (%)	2019.Q3.G.01	422	Lebanon	145	Western Asia	Country	LBN	1	35.89391711	33.92152458		PT	Percentage			G	Global		The National Survey of Household Living Conditions 2004, Multipurpose Survey	Central Administration for Statistics		CA: Country adjusted data						23.83028													23.83028	2004
1	1.3	1.3.1	SI_COV_SOCINSPQ	[World Bank] Poorest quintile covered by social insurance programs (%)	2019.Q3.G.01	426	Lesotho	018	Southern Africa	Country	LSO	1	28.25362195	-29.58041814																																
1	1.3	1.3.1	SI_COV_SOCINSPQ	[World Bank] Poorest quintile covered by social insurance programs (%)	2019.Q3.G.01	428	Latvia	154	Northern Europe	Country	LVA	1	26.42461876	56.64196636		PT	Percentage			G	Global		Household Budget Survey	Central Statistical Bureau of Latvia		CA: Country adjusted data										53.4027	46.83668								46.83668	2009
1	1.3	1.3.1	SI_COV_SOCINSPQ	[World Bank] Poorest quintile covered by social insurance programs (%)	2019.Q3.G.01	430	Liberia	011	Western Africa	Country	LBR	1	-9.311879038	6.448381009		PT	Percentage			G	Global		[2007]: Core Welfare Indicators Questionnaire 2007 // [2016]: Household Income and Expenditure Survey 2016	[2007]: Liberia Institute of Statistics and Geo_Information Services - Government of Liberia // [2016]: Liberia Institute for Statistics and Geo-Information Services - Government of Liberia		CA: Country adjusted data									0.08775									0.5887	0.5887	2016
1	1.3	1.3.1	SI_COV_SOCINSPQ	[World Bank] Poorest quintile covered by social insurance programs (%)	2019.Q3.G.01	434	Libya	015	Northern Africa	Country	LBY	1	18.0295985	27.04042819																																
1	1.3	1.3.1	SI_COV_SOCINSPQ	[World Bank] Poorest quintile covered by social insurance programs (%)	2019.Q3.G.01	438	Liechtenstein	155	Western Europe	Country	LIE	1	9.552985019	47.14167005																																
1	1.3	1.3.1	SI_COV_SOCINSPQ	[World Bank] Poorest quintile covered by social insurance programs (%)	2019.Q3.G.01	440	Lithuania	154	Northern Europe	Country	LTU	1	23.90517807	55.33680309		PT	Percentage			G	Global		Household Budget Survey	Statistics Lithuania		CA: Country adjusted data										52.56267									52.56267	2008
1	1.3	1.3.1	SI_COV_SOCINSPQ	[World Bank] Poorest quintile covered by social insurance programs (%)	2019.Q3.G.01	442	Luxembourg	155	Western Europe	Country	LUX	1	6.092656563	49.77679538																																
1	1.3	1.3.1	SI_COV_SOCINSPQ	[World Bank] Poorest quintile covered by social insurance programs (%)	2019.Q3.G.01	446	China, Macao Special Administrative Region	030	Eastern Asia	Country	MAC	0	113.5665388	22.1237259																																
1	1.3	1.3.1	SI_COV_SOCINSPQ	[World Bank] Poorest quintile covered by social insurance programs (%)	2019.Q3.G.01	450	Madagascar	014	Eastern Africa	Country	MDG	1	46.6982339	-19.38514785																																
1	1.3	1.3.1	SI_COV_SOCINSPQ	[World Bank] Poorest quintile covered by social insurance programs (%)	2019.Q3.G.01	454	Malawi	014	Eastern Africa	Country	MWI	1	33.4884625	-13.40819859		PT	Percentage			G	Global		[2004]: Second Integrated Household Survey // [2010]: Third Integrated Household Survey 2010-2011 // [2013]: Third Integrated Household Survey 2013 // [2016]: Fourth Integrated Household Panel Survey 2016-17	[2004]: National Statistical Office // [2010]: National Statistical Office (NSO) - Ministry of Economic Planning and Development (MoEPD) // [2013]: National Statistical Office - Government of Malawi // [2016]: National Statistical Office (NSO) - Ministry of Economic Planning and Development (MoEPD)		CA: Country adjusted data						0.39696						0.12295			0.51298			0.17777	0.17777	2016
1	1.3	1.3.1	SI_COV_SOCINSPQ	[World Bank] Poorest quintile covered by social insurance programs (%)	2019.Q3.G.01	458	Malaysia	035	South-Eastern Asia	Country	MYS	1	116.8346314	5.452415309		PT	Percentage			G	Global		Household Income Survey	World Development Indicators database, World Bank		CA: Country adjusted data										3.65407									3.65407	2008
1	1.3	1.3.1	SI_COV_SOCINSPQ	[World Bank] Poorest quintile covered by social insurance programs (%)	2019.Q3.G.01	462	Maldives	034	Southern Asia	Country	MDV	1	73.09672546	-0.614385021		PT	Percentage			G	Global		[2004]: Vulnerability and Poverty Assessment Survey II 2004 // [2009]: Household Income and Expenditure Survey 2009-2010	[2004]: Minister of Planning and National Development // [2009]: Department of National Planning - Ministry of Finance and Treasury		CA: Country adjusted data						1.57194					0.94395								0.94395	2009
1	1.3	1.3.1	SI_COV_SOCINSPQ	[World Bank] Poorest quintile covered by social insurance programs (%)	2019.Q3.G.01	466	Mali	011	Western Africa	Country	MLI	1	-3.522016039	17.35311254		PT	Percentage			G	Global		Enquete en Grappe à Indicateurs Multiples et de Depenses des Menages - MICS 2009	Institut National de la Statistique - Ministere de l'economie et des finances		CA: Country adjusted data											0.5587								0.5587	2009
1	1.3	1.3.1	SI_COV_SOCINSPQ	[World Bank] Poorest quintile covered by social insurance programs (%)	2019.Q3.G.01	470	Malta	039	Southern Europe	Country	MLT	1	14.44617519	35.89194275																																
1	1.3	1.3.1	SI_COV_SOCINSPQ	[World Bank] Poorest quintile covered by social insurance programs (%)	2019.Q3.G.01	474	Martinique	029	Caribbean	Country	MTQ	0	-60.91544135	14.56086108																																
1	1.3	1.3.1	SI_COV_SOCINSPQ	[World Bank] Poorest quintile covered by social insurance programs (%)	2019.Q3.G.01	478	Mauritania	011	Western Africa	Country	MRT	1	-10.33187259	20.26089546		PT	Percentage			G	Global		Enquête Permanente sur les Conditions de Vie des ménages 	Office National de la Statistique - Ministere des Affaires Economiques et du Developpement		CA: Country adjusted data										10.44699									10.44699	2008
1	1.3	1.3.1	SI_COV_SOCINSPQ	[World Bank] Poorest quintile covered by social insurance programs (%)	2019.Q3.G.01	480	Mauritius	014	Eastern Africa	Country	MUS	1	57.568022	-20.28581998		PT	Percentage			G	Global		[2006]: Household Budget Survey 2006-2007 // [2012]: Household Budget Survey	[2006]: Statistics Mauritius - Ministry of Finance and Economic Empowerment // [2012]: Central Statistics Office		CA: Country adjusted data								2.05127						13.63797					13.63797	2012
1	1.3	1.3.1	SI_COV_SOCINSPQ	[World Bank] Poorest quintile covered by social insurance programs (%)	2019.Q3.G.01	484	Mexico	013	Central America	Country	MEX	1	-102.5148166	23.93378032		PT	Percentage			G	Global		Encuesta Nacional de Ingresos y Gastos de los Hogares	Instituto Nacional de Estadistica y Geografia (INEGI), Direccion General de Estadisticas Sociodemograficas(DGES), Direccion General Adjunta de Encuestas Sociodemograficasy Registros Adm		CA: Country adjusted data										18.39764		20.37995		16.00755		14.80199			14.80199	2014
1	1.3	1.3.1	SI_COV_SOCINSPQ	[World Bank] Poorest quintile covered by social insurance programs (%)	2019.Q3.G.01	492	Monaco	155	Western Europe	Country	MCO	1	7.424214814	43.73532918																																
1	1.3	1.3.1	SI_COV_SOCINSPQ	[World Bank] Poorest quintile covered by social insurance programs (%)	2019.Q3.G.01	496	Mongolia	030	Eastern Asia	Country	MNG	1	103.0728057	46.83892054		PT	Percentage			G	Global		[2007]: Household Socio-Economic Survey 2007-2008 // [2009]: Household Socio-Economic Survey 2008-2009 // [2010]: Household Socio-Economic Survey 2010 // [2011]: Household Socio-Economic Survey 2011 // [2012]: Household Socio-Economic Survey 2012	[2007]: National Statistical Office (NSO) - Government of Mongolia // [2009-2012]: National Statistical Office of Mongolia - NSO		CA: Country adjusted data									41.41258		43.35264	44.47445	38.68062	44.98031					44.98031	2012
1	1.3	1.3.1	SI_COV_SOCINSPQ	[World Bank] Poorest quintile covered by social insurance programs (%)	2019.Q3.G.01	498	Republic of Moldova	151	Eastern Europe	Country	MDA	1	28.4650624	47.20236795		PT	Percentage			G	Global		Household Budget Survey	[2010,2013]: National Bureau of Statistics of the Republic of Moldova // [2012]: National Bureau of Statistics of the Republic of Moldova 		CA: Country adjusted data												41.76811		47.27366	43.69588				43.69588	2013
1	1.3	1.3.1	SI_COV_SOCINSPQ	[World Bank] Poorest quintile covered by social insurance programs (%)	2019.Q3.G.01	499	Montenegro	039	Southern Europe	Country	MNE	1	19.25214024	42.78717043		PT	Percentage			G	Global		Household Budget Survey	Statistical Office of Montenegro		CA: Country adjusted data													41.20343	43.56684	38.93858	51.86142			51.86142	2014
1	1.3	1.3.1	SI_COV_SOCINSPQ	[World Bank] Poorest quintile covered by social insurance programs (%)	2019.Q3.G.01	500	Montserrat	029	Caribbean	Country	MSR	0	-62.19261223	16.73558313																																
1	1.3	1.3.1	SI_COV_SOCINSPQ	[World Bank] Poorest quintile covered by social insurance programs (%)	2019.Q3.G.01	504	Morocco	015	Northern Africa	Country	MAR	1	-6.281942841	31.8440131																																
1	1.3	1.3.1	SI_COV_SOCINSPQ	[World Bank] Poorest quintile covered by social insurance programs (%)	2019.Q3.G.01	508	Mozambique	014	Eastern Africa	Country	MOZ	1	38.18479941	-14.27963886		PT	Percentage			G	Global		[2008]: Inquerito Sobre Orçamento Familiar 2008-2009 // [2014]: Inquérito Sobre Orçamento Familiar  2014-2015	[2008]: Direcçao  de Censos e Inqueritos - Instituto Nacional de Estatistica (INE) - Ministry of Planning and Development // [2014]: Instituto Nacional de Estatística - Governo de Moçambique		CA: Country adjusted data										0.56178						6.09614			6.09614	2014
1	1.3	1.3.1	SI_COV_SOCINSPQ	[World Bank] Poorest quintile covered by social insurance programs (%)	2019.Q3.G.01	512	Oman	145	Western Asia	Country	OMN	1	57.87743482	21.98805614																																
1	1.3	1.3.1	SI_COV_SOCINSPQ	[World Bank] Poorest quintile covered by social insurance programs (%)	2019.Q3.G.01	516	Namibia	018	Southern Africa	Country	NAM	1	17.21907885	-22.13817068		PT	Percentage			G	Global		National Household Income and Expenditure Survey 2009-2010	Namibia Statistics Agency		CA: Country adjusted data											0.43386								0.43386	2009
1	1.3	1.3.1	SI_COV_SOCINSPQ	[World Bank] Poorest quintile covered by social insurance programs (%)	2019.Q3.G.01	520	Nauru	057	Micronesia	Country	NRU	1	166.92313	-0.528742623																																
1	1.3	1.3.1	SI_COV_SOCINSPQ	[World Bank] Poorest quintile covered by social insurance programs (%)	2019.Q3.G.01	524	Nepal	034	Southern Asia	Country	NPL	1	83.94678863	28.25866332		PT	Percentage			G	Global		Living Standards Survey 2010-2011, Third Round	Central Bureau of Statistics - National Planning Commission Secretariat, Government of Nepal		CA: Country adjusted data												0.56878							0.56878	2010
1	1.3	1.3.1	SI_COV_SOCINSPQ	[World Bank] Poorest quintile covered by social insurance programs (%)	2019.Q3.G.01	528	Netherlands	155	Western Europe	Country	NLD	1	5.331480568	51.86728884																																
1	1.3	1.3.1	SI_COV_SOCINSPQ	[World Bank] Poorest quintile covered by social insurance programs (%)	2019.Q3.G.01	530	Netherlands Antilles	029	Caribbean	Country	ANT	0	-68.30676179	12.22720635																																
1	1.3	1.3.1	SI_COV_SOCINSPQ	[World Bank] Poorest quintile covered by social insurance programs (%)	2019.Q3.G.01	531	Curaçao	029	Caribbean	Country	CUW	0	-68.95033464	12.15058042																																
1	1.3	1.3.1	SI_COV_SOCINSPQ	[World Bank] Poorest quintile covered by social insurance programs (%)	2019.Q3.G.01	533	Aruba	029	Caribbean	Country	ABW	0	-69.97050586	12.50878756																																
1	1.3	1.3.1	SI_COV_SOCINSPQ	[World Bank] Poorest quintile covered by social insurance programs (%)	2019.Q3.G.01	534	Sint Maarten (Dutch part)	029	Caribbean	Country	SXM	0	-63.06198692	18.03926508																																
1	1.3	1.3.1	SI_COV_SOCINSPQ	[World Bank] Poorest quintile covered by social insurance programs (%)	2019.Q3.G.01	540	New Caledonia	054	Melanesia	Country	NCL	0	165.5067368	-21.41742531																																
1	1.3	1.3.1	SI_COV_SOCINSPQ	[World Bank] Poorest quintile covered by social insurance programs (%)	2019.Q3.G.01	548	Vanuatu	054	Melanesia	Country	VUT	1	167.0679779	-15.34445547																																
1	1.3	1.3.1	SI_COV_SOCINSPQ	[World Bank] Poorest quintile covered by social insurance programs (%)	2019.Q3.G.01	554	New Zealand	053	Australia and New Zealand	Country	NZL	1	170.4755673	-43.98721568																																
1	1.3	1.3.1	SI_COV_SOCINSPQ	[World Bank] Poorest quintile covered by social insurance programs (%)	2019.Q3.G.01	558	Nicaragua	013	Central America	Country	NIC	1	-85.03060315	12.84210839		PT	Percentage			G	Global		Encuesta Nacional de Hogares sobre Medición de Nivel de Vida	[2005]: National Institute of Statistics and Census // [2009]: Instituto Nacional de Estadisticas y Censos // [2014]: National Institute of Development Information		CA: Country adjusted data							13.25427				1.44331					3.12432			3.12432	2014
1	1.3	1.3.1	SI_COV_SOCINSPQ	[World Bank] Poorest quintile covered by social insurance programs (%)	2019.Q3.G.01	562	Niger	011	Western Africa	Country	NER	1	9.400167877	17.42143036		PT	Percentage			G	Global		[2011]: Enquete Nationale sur les Conditions de Vie des Menages 2010-2011 // [2014]: Enquête Nationale sur les Conditions de Vie des Ménages et l'Agriculture	Institut National de la Statistique		CA: Country adjusted data													0.2309			0.00356			0.00356	2014
1	1.3	1.3.1	SI_COV_SOCINSPQ	[World Bank] Poorest quintile covered by social insurance programs (%)	2019.Q3.G.01	566	Nigeria	011	Western Africa	Country	NGA	1	8.097363256	9.585789025		PT	Percentage			G	Global		[2012]: General Household Survey Panel 2012-2013 // [2015]: General Household Survey, Panel 2015-2016 - Wave 3	National Bureau of Statistics (NBS) - Federal Government of Nigeria (FGN)		CA: Country adjusted data														0.06654			1.16246		1.16246	2015
1	1.3	1.3.1	SI_COV_SOCINSPQ	[World Bank] Poorest quintile covered by social insurance programs (%)	2019.Q3.G.01	570	Niue	061	Polynesia	Country	NIU	0	-169.8601693	-19.05000475																																
1	1.3	1.3.1	SI_COV_SOCINSPQ	[World Bank] Poorest quintile covered by social insurance programs (%)	2019.Q3.G.01	574	Norfolk Island	053	Australia and New Zealand	Country	NFK	0	167.9515548	-29.03230018																																
1	1.3	1.3.1	SI_COV_SOCINSPQ	[World Bank] Poorest quintile covered by social insurance programs (%)	2019.Q3.G.01	578	Norway	154	Northern Europe	Country	NOR	1	11.47846389	61.34311134																																
1	1.3	1.3.1	SI_COV_SOCINSPQ	[World Bank] Poorest quintile covered by social insurance programs (%)	2019.Q3.G.01	580	Northern Mariana Islands	057	Micronesia	Country	MNP	0	145.7582114	15.19099517																																
1	1.3	1.3.1	SI_COV_SOCINSPQ	[World Bank] Poorest quintile covered by social insurance programs (%)	2019.Q3.G.01	581	United States Minor Outlying Islands	057	Micronesia	Country	UMI	0	-162.4343752	5.874443968																																
1	1.3	1.3.1	SI_COV_SOCINSPQ	[World Bank] Poorest quintile covered by social insurance programs (%)	2019.Q3.G.01	583	Micronesia (Federated States of)	057	Micronesia	Country	FSM	1	158.225216	6.880670092		PT	Percentage			G	Global		Population and Housing Census 2000	FSM Division of Statistics		CA: Country adjusted data			7.49548																7.49548	2000
1	1.3	1.3.1	SI_COV_SOCINSPQ	[World Bank] Poorest quintile covered by social insurance programs (%)	2019.Q3.G.01	584	Marshall Islands	057	Micronesia	Country	MHL	1	171.0839119	7.110213497		PT	Percentage			G	Global		Census of Population and Housing	World Development Indicators database, World Bank		CA: Country adjusted data		10.24922																	10.24922	1999
1	1.3	1.3.1	SI_COV_SOCINSPQ	[World Bank] Poorest quintile covered by social insurance programs (%)	2019.Q3.G.01	585	Palau	057	Micronesia	Country	PLW	1	134.5733878	7.502307591		PT	Percentage			G	Global		Household Income and Expenditure Survey	Office of Planning & Statistics, Bureau of Budget and Planning - Ministry of Finance		CA: Country adjusted data								38.90261											38.90261	2006
1	1.3	1.3.1	SI_COV_SOCINSPQ	[World Bank] Poorest quintile covered by social insurance programs (%)	2019.Q3.G.01	586	Pakistan	034	Southern Asia	Country	PAK	1	68.80479684	29.36491634		PT	Percentage			G	Global		[2007]: Social and Living Standards Measurement Survey 2007-2008 // [2009]: Social and Living Standards Measurement Survey 2009-2010  - Panel component // [2013]: Social and Living Standards Measurement (PSLM_HIES) 2013-2014	Federal Bureau of Statistics - Government of Pakistan		CA: Country adjusted data									2.95581		2.4423				1.72927				1.72927	2013
1	1.3	1.3.1	SI_COV_SOCINSPQ	[World Bank] Poorest quintile covered by social insurance programs (%)	2019.Q3.G.01	591	Panama	013	Central America	Country	PAN	1	-81.26616623	8.450965746		PT	Percentage			G	Global		[2008]: Encuesta de Niveles de Vida // [2009]: Encuesta de Hogares // [2010-2014]: Encuesta de Mercado Laboral	[2008]: Ministerio de Economia y Finanzas (MEF) // [2009]: Instituto Nacional de Estadistica y Censos // [2010]: Instituto Nacional de Estadistica y Censos - Contraloria General de Republica de Panama // [2011]: Instituto Nacional de Estadistica y Censo // [2012-2014]: Instituto Nacional de Estadistica y Censos 		CA: Country adjusted data										2.63201	5.10678	4.7518	5.56511	5.16893	4.96182	6.06938			6.06938	2014
1	1.3	1.3.1	SI_COV_SOCINSPQ	[World Bank] Poorest quintile covered by social insurance programs (%)	2019.Q3.G.01	598	Papua New Guinea	054	Melanesia	Country	PNG	1	145.8587761	-6.756057077		PT	Percentage			G	Global		Household Income and Expenditure Survey 2009-2010	National Statistical Office - Government of Papua New Guinea		CA: Country adjusted data											0.17591								0.17591	2009
1	1.3	1.3.1	SI_COV_SOCINSPQ	[World Bank] Poorest quintile covered by social insurance programs (%)	2019.Q3.G.01	600	Paraguay	005	South America	Country	PRY	1	-60.54854225	-21.70216237		PT	Percentage			G	Global		Encuesta Permanente de Hogares	[2007-2009]: Direccion General de Estadistica, Encuestas y Censos // [2010-2011]: Direccion General de Estadistica, Encuestas y Censos - Republica del Paraguay // [2014]: Dirección General de Estadística, Encuestas y Censos		CA: Country adjusted data									0.65834	0.10169	0.15443	0.55664	0.74733			4.21921			4.21921	2014
1	1.3	1.3.1	SI_COV_SOCINSPQ	[World Bank] Poorest quintile covered by social insurance programs (%)	2019.Q3.G.01	604	Peru	005	South America	Country	PER	1	-71.82093277	-13.58939705		PT	Percentage			G	Global		[2008-2009]: Encuesta Nacional de Hogares- Condiciones de Vida y Pobreza // [2010-2014]: Encuesta Nacional de Hogares	[2008]: Instituto Nacional de Estadistica e Informatica (INEI) // [2009,2012-2014]: Instituto Nacional de Estadistica e Informatica - Presidencia del Consejo de Ministros - Peru // [2010]: Instituto Nacional de Estadistica e Informatica // [2011]: Instituto Nacional de Estadistica e Informatica - Republica del Peru		CA: Country adjusted data										0.26132	0.4446	0.75259	0.8847	1.52679	0.83861	1.17412			1.17412	2014
1	1.3	1.3.1	SI_COV_SOCINSPQ	[World Bank] Poorest quintile covered by social insurance programs (%)	2019.Q3.G.01	608	Philippines	035	South-Eastern Asia	Country	PHL	1	120.8601418	14.16591706		PT	Percentage			G	Global		[2006]: Family Income and Expenditure Survey 2006 // [2013]: Annual Poverty Indicators Survey // [2015]: Family Income and Expenditure Survey 2015-2016	[2006]: National Statistics Office // [2013]: World Development Indicators database, World Bank // [2015]: National Statistical Office - Government of Philippines		CA: Country adjusted data								1.05242							4.06021		3.26944		3.26944	2015
1	1.3	1.3.1	SI_COV_SOCINSPQ	[World Bank] Poorest quintile covered by social insurance programs (%)	2019.Q3.G.01	612	Pitcairn	061	Polynesia	Country	PCN	0	-128.3225873	-24.37538456																																
1	1.3	1.3.1	SI_COV_SOCINSPQ	[World Bank] Poorest quintile covered by social insurance programs (%)	2019.Q3.G.01	616	Poland	151	Eastern Europe	Country	POL	1	19.40660158	52.1226733		PT	Percentage			G	Global		Household Budget Survey	Central Statistical Office of Poland - CSO		CA: Country adjusted data							39.25168	39.79638	42.15918	43.20438	43.284	42.37389	42.30273	40.12679					40.12679	2012
1	1.3	1.3.1	SI_COV_SOCINSPQ	[World Bank] Poorest quintile covered by social insurance programs (%)	2019.Q3.G.01	620	Portugal	039	Southern Europe	Country	PRT	1	-7.961599811	39.68509315																																
1	1.3	1.3.1	SI_COV_SOCINSPQ	[World Bank] Poorest quintile covered by social insurance programs (%)	2019.Q3.G.01	624	Guinea-Bissau	011	Western Africa	Country	GNB	1	-14.40182514	12.11760394																																
1	1.3	1.3.1	SI_COV_SOCINSPQ	[World Bank] Poorest quintile covered by social insurance programs (%)	2019.Q3.G.01	626	Timor-Leste	035	South-Eastern Asia	Country	TLS	1	125.9451052	-8.797497247		PT	Percentage			G	Global		Household Income and Expenditure Survey 2011 -2012	National Statistics Directorate (NSD) - Ministry of Finance		CA: Country adjusted data													1.65013						1.65013	2011
1	1.3	1.3.1	SI_COV_SOCINSPQ	[World Bank] Poorest quintile covered by social insurance programs (%)	2019.Q3.G.01	630	Puerto Rico	029	Caribbean	Country	PRI	0	-66.47591017	18.22753799																																
1	1.3	1.3.1	SI_COV_SOCINSPQ	[World Bank] Poorest quintile covered by social insurance programs (%)	2019.Q3.G.01	634	Qatar	145	Western Asia	Country	QAT	1	51.19152467	25.28355379																																
1	1.3	1.3.1	SI_COV_SOCINSPQ	[World Bank] Poorest quintile covered by social insurance programs (%)	2019.Q3.G.01	638	Réunion	014	Eastern Africa	Country	REU	0	55.53171398	-21.13183266																																
1	1.3	1.3.1	SI_COV_SOCINSPQ	[World Bank] Poorest quintile covered by social insurance programs (%)	2019.Q3.G.01	642	Romania	151	Eastern Europe	Country	ROU	1	24.98481009	45.83893563		PT	Percentage			G	Global		Household Budget Survey	[2008,2012]: National Institute of Statistics - NIS // [2011]: National Institute of Statistics - NIS 		CA: Country adjusted data										39.42234			33.14628	35.36956					35.36956	2012
1	1.3	1.3.1	SI_COV_SOCINSPQ	[World Bank] Poorest quintile covered by social insurance programs (%)	2019.Q3.G.01	643	Russian Federation	151	Eastern Europe	Country	RUS	1	99.01404926	61.61899849		PT	Percentage			G	Global		[2007]: Household Budget Survey // [2014-2016]: Statistical Survey of Income and Participation in Social Programs	[2007]: Federal State Statistics Service (ROSSTAT) // [2014-2016]: State Committee of the Russian Federation on Statistics		CA: Country adjusted data									45.50243							53.65061	48.93392	54.63931	54.63931	2016
1	1.3	1.3.1	SI_COV_SOCINSPQ	[World Bank] Poorest quintile covered by social insurance programs (%)	2019.Q3.G.01	646	Rwanda	014	Eastern Africa	Country	RWA	1	29.92310194	-1.999842114		PT	Percentage			G	Global		[2005]: Enquete Integrale sur les Conditions de Vie des menages (EICV) // [2010]: Integrated Household Living Conditions Survey 2010-2011 // [2013]: Integrated Household Living Conditions Survey 2013-2014	National Institute of Statistics of Rwanda (NISR) - Ministry of Finance and Economic Planning (MINECOFIN)		CA: Country adjusted data							0.0					0.01331			17.27199				17.27199	2013
1	1.3	1.3.1	SI_COV_SOCINSPQ	[World Bank] Poorest quintile covered by social insurance programs (%)	2019.Q3.G.01	652	Saint Barthélemy	029	Caribbean	Country	BLM	0	-62.83173536	17.89513362																																
1	1.3	1.3.1	SI_COV_SOCINSPQ	[World Bank] Poorest quintile covered by social insurance programs (%)	2019.Q3.G.01	654	Saint Helena	011	Western Africa	Country	SHN	0	-5.705752501	-15.96503946																																
1	1.3	1.3.1	SI_COV_SOCINSPQ	[World Bank] Poorest quintile covered by social insurance programs (%)	2019.Q3.G.01	659	Saint Kitts and Nevis	029	Caribbean	Country	KNA	1	-62.76628613	17.33994219																																
1	1.3	1.3.1	SI_COV_SOCINSPQ	[World Bank] Poorest quintile covered by social insurance programs (%)	2019.Q3.G.01	660	Anguilla	029	Caribbean	Country	AIA	0	-63.05651612	18.21525315																																
1	1.3	1.3.1	SI_COV_SOCINSPQ	[World Bank] Poorest quintile covered by social insurance programs (%)	2019.Q3.G.01	662	Saint Lucia	029	Caribbean	Country	LCA	1	-60.96529553	13.89405601																																
1	1.3	1.3.1	SI_COV_SOCINSPQ	[World Bank] Poorest quintile covered by social insurance programs (%)	2019.Q3.G.01	663	Saint Martin (French Part)	029	Caribbean	Country	MAF	0	-63.04505461	18.0882685																																
1	1.3	1.3.1	SI_COV_SOCINSPQ	[World Bank] Poorest quintile covered by social insurance programs (%)	2019.Q3.G.01	666	Saint Pierre and Miquelon	021	Northern America	Country	SPM	0	-56.33682442	46.85812735																																
1	1.3	1.3.1	SI_COV_SOCINSPQ	[World Bank] Poorest quintile covered by social insurance programs (%)	2019.Q3.G.01	670	Saint Vincent and the Grenadines	029	Caribbean	Country	VCT	1	-61.19024321	13.24627968																																
1	1.3	1.3.1	SI_COV_SOCINSPQ	[World Bank] Poorest quintile covered by social insurance programs (%)	2019.Q3.G.01	674	San Marino	039	Southern Europe	Country	SMR	1	12.46329038	43.93841766																																
1	1.3	1.3.1	SI_COV_SOCINSPQ	[World Bank] Poorest quintile covered by social insurance programs (%)	2019.Q3.G.01	678	Sao Tome and Principe	017	Middle Africa	Country	STP	1	6.609772265	0.241554875																																
1	1.3	1.3.1	SI_COV_SOCINSPQ	[World Bank] Poorest quintile covered by social insurance programs (%)	2019.Q3.G.01	682	Saudi Arabia	145	Western Asia	Country	SAU	1	44.54763347	24.12594211																																
1	1.3	1.3.1	SI_COV_SOCINSPQ	[World Bank] Poorest quintile covered by social insurance programs (%)	2019.Q3.G.01	686	Senegal	011	Western Africa	Country	SEN	1	-14.46636926	14.35920905		PT	Percentage			G	Global		Enquete de Suivi de la Pauvrete au Senegal 2011	Agence Nationale de la Statistique et de la Demographie - Ministere de l Economie  et des Finances (MEF)		CA: Country adjusted data													0.93626						0.93626	2011
1	1.3	1.3.1	SI_COV_SOCINSPQ	[World Bank] Poorest quintile covered by social insurance programs (%)	2019.Q3.G.01	688	Serbia	039	Southern Europe	Country	SRB	1	20.805876	44.03145697		PT	Percentage			G	Global		Household Budget Survey	Statistical Office of the Republic of Serbia - SORS		CA: Country adjusted data									51.91541			52.82341			54.21211		54.33775		54.33775	2015
1	1.3	1.3.1	SI_COV_SOCINSPQ	[World Bank] Poorest quintile covered by social insurance programs (%)	2019.Q3.G.01	690	Seychelles	014	Eastern Africa	Country	SYC	1	55.46561591	-4.678053059																																
1	1.3	1.3.1	SI_COV_SOCINSPQ	[World Bank] Poorest quintile covered by social insurance programs (%)	2019.Q3.G.01	694	Sierra Leone	011	Western Africa	Country	SLE	1	-11.78306584	8.568604164																																
1	1.3	1.3.1	SI_COV_SOCINSPQ	[World Bank] Poorest quintile covered by social insurance programs (%)	2019.Q3.G.01	702	Singapore	035	South-Eastern Asia	Country	SGP	1	103.8107883	1.361009155																																
1	1.3	1.3.1	SI_COV_SOCINSPQ	[World Bank] Poorest quintile covered by social insurance programs (%)	2019.Q3.G.01	703	Slovakia	151	Eastern Europe	Country	SVK	1	19.48495604	48.70741446		PT	Percentage			G	Global		Household Income and Living Conditions Survey	Eurostat - European Commission 		CA: Country adjusted data											37.03137								37.03137	2009
1	1.3	1.3.1	SI_COV_SOCINSPQ	[World Bank] Poorest quintile covered by social insurance programs (%)	2019.Q3.G.01	704	Viet Nam	035	South-Eastern Asia	Country	VNM	1	105.802499	10.09643079		PT	Percentage			G	Global		[2006,2012,2014]: Household Living Standard Survey // [2010]: Household Living Standards Survey 2010, 7th round	[2006]: Social and Environmental Statistics Departerment - General Statistics Office // [2010,2012,2014]: General Statistics Office (GSO) - Ministry of Planning and Investment		CA: Country adjusted data								5.51185				2.15204		2.82493		3.11494			3.11494	2014
1	1.3	1.3.1	SI_COV_SOCINSPQ	[World Bank] Poorest quintile covered by social insurance programs (%)	2019.Q3.G.01	705	Slovenia	039	Southern Europe	Country	SVN	1	14.82209486	46.11958061																																
1	1.3	1.3.1	SI_COV_SOCINSPQ	[World Bank] Poorest quintile covered by social insurance programs (%)	2019.Q3.G.01	706	Somalia	014	Eastern Africa	Country	SOM	1	46.20367477	4.406485729																																
1	1.3	1.3.1	SI_COV_SOCINSPQ	[World Bank] Poorest quintile covered by social insurance programs (%)	2019.Q3.G.01	710	South Africa	018	Southern Africa	Country	ZAF	1	24.67184355	-29.99957544		PT	Percentage			G	Global		[2005,2010]: Income and Expenditure Survey // [2014]: Income and Expenditure Survey 2014-2015	[2005,2010]: Statistics South Africa // [2014]: World Development Indicators database, World Bank		CA: Country adjusted data							1.05328					0.73974				0.90756			0.90756	2014
1	1.3	1.3.1	SI_COV_SOCINSPQ	[World Bank] Poorest quintile covered by social insurance programs (%)	2019.Q3.G.01	716	Zimbabwe	014	Eastern Africa	Country	ZWE	1	29.86909584	-19.00075492		PT	Percentage			G	Global		[2007]: Income, Consumption and Expenditure Survey 2007-2008 // [2011]: Income, Consumption and Expenditure Survey 2011-2012	[2007]: Central Statistical Office (CSO) - Government of Zimbabwe  // [2011]: Zimbabwe National Statistics Agency (ZIMSTAT) - Government of Zimbabwe		CA: Country adjusted data									1.02456				0.44657						0.44657	2011
1	1.3	1.3.1	SI_COV_SOCINSPQ	[World Bank] Poorest quintile covered by social insurance programs (%)	2019.Q3.G.01	724	Spain	039	Southern Europe	Country	ESP	1	-3.554078296	40.39211472																																
1	1.3	1.3.1	SI_COV_SOCINSPQ	[World Bank] Poorest quintile covered by social insurance programs (%)	2019.Q3.G.01	728	South Sudan	014	Eastern Africa	Country	SSD	1	30.32618773	7.290839152																																
1	1.3	1.3.1	SI_COV_SOCINSPQ	[World Bank] Poorest quintile covered by social insurance programs (%)	2019.Q3.G.01	729	Sudan	015	Northern Africa	Country	SDN	0	29.95650159	16.02643066																																
1	1.3	1.3.1	SI_COV_SOCINSPQ	[World Bank] Poorest quintile covered by social insurance programs (%)	2019.Q3.G.01	732	Western Sahara	015	Northern Africa	Country	ESH	0	-13.13515523	24.66265342																																
1	1.3	1.3.1	SI_COV_SOCINSPQ	[World Bank] Poorest quintile covered by social insurance programs (%)	2019.Q3.G.01	740	Suriname	005	South America	Country	SUR	1	-55.90626394	4.132603197																																
1	1.3	1.3.1	SI_COV_SOCINSPQ	[World Bank] Poorest quintile covered by social insurance programs (%)	2019.Q3.G.01	744	Svalbard and Jan Mayen Islands	154	Northern Europe	Country	SJM	0	13.38071013	78.82894131																																
1	1.3	1.3.1	SI_COV_SOCINSPQ	[World Bank] Poorest quintile covered by social insurance programs (%)	2019.Q3.G.01	748	Eswatini	018	Southern Africa	Country	SWZ	1	31.50149288	-26.56471011																																
1	1.3	1.3.1	SI_COV_SOCINSPQ	[World Bank] Poorest quintile covered by social insurance programs (%)	2019.Q3.G.01	752	Sweden	154	Northern Europe	Country	SWE	1	14.3775338	60.60103109																																
1	1.3	1.3.1	SI_COV_SOCINSPQ	[World Bank] Poorest quintile covered by social insurance programs (%)	2019.Q3.G.01	756	Switzerland	155	Western Europe	Country	CHE	1	8.223158	46.96617097																																
1	1.3	1.3.1	SI_COV_SOCINSPQ	[World Bank] Poorest quintile covered by social insurance programs (%)	2019.Q3.G.01	760	Syrian Arab Republic	145	Western Asia	Country	SYR	1	38.50466565	35.01676176		PT	Percentage			G	Global		Household Income and Expenditure Survey 2003	Central Bureau of Statistics		CA: Country adjusted data					3.56638														3.56638	2003
1	1.3	1.3.1	SI_COV_SOCINSPQ	[World Bank] Poorest quintile covered by social insurance programs (%)	2019.Q3.G.01	762	Tajikistan	143	Central Asia	Country	TJK	1	69.294998	38.43069666		PT	Percentage			G	Global		Panorama	National Statistical Office - Ministry of Information and Communication Technology		CA: Country adjusted data													39.02356						39.02356	2011
1	1.3	1.3.1	SI_COV_SOCINSPQ	[World Bank] Poorest quintile covered by social insurance programs (%)	2019.Q3.G.01	764	Thailand	035	South-Eastern Asia	Country	THA	1	101.0202951	15.13089239		PT	Percentage			G	Global		Household Socio-Economic Survey	[2006]: National Statistical Office // [2009,2011,2013]: National Statistical Office - Ministry of Information and Communication Technology		CA: Country adjusted data								8.14442			9.56434		11.68215		12.27948				12.27948	2013
1	1.3	1.3.1	SI_COV_SOCINSPQ	[World Bank] Poorest quintile covered by social insurance programs (%)	2019.Q3.G.01	768	Togo	011	Western Africa	Country	TGO	1	0.97835765	8.532096072		PT	Percentage			G	Global		Questionnaire des Indicateurs Base du Bien-être (QUIBB)	Direction Générale de la Statistique et de la Comptabilité Nationale - Gouvernement Togolais		CA: Country adjusted data													0.0						0.0	2011
1	1.3	1.3.1	SI_COV_SOCINSPQ	[World Bank] Poorest quintile covered by social insurance programs (%)	2019.Q3.G.01	772	Tokelau	061	Polynesia	Country	TKL	0	-171.8154473	-9.214545558																																
1	1.3	1.3.1	SI_COV_SOCINSPQ	[World Bank] Poorest quintile covered by social insurance programs (%)	2019.Q3.G.01	776	Tonga	061	Polynesia	Country	TON	1	-175.1959991	-21.19511329		PT	Percentage			G	Global		Household Income and Expenditure Survey 2009	Statistics Department - Office of the Prime Minister		CA: Country adjusted data											0.0								0.0	2009
1	1.3	1.3.1	SI_COV_SOCINSPQ	[World Bank] Poorest quintile covered by social insurance programs (%)	2019.Q3.G.01	780	Trinidad and Tobago	029	Caribbean	Country	TTO	1	-61.29389504	10.41877263																																
1	1.3	1.3.1	SI_COV_SOCINSPQ	[World Bank] Poorest quintile covered by social insurance programs (%)	2019.Q3.G.01	784	United Arab Emirates	145	Western Asia	Country	ARE	1	53.98279159	23.43322219																																
1	1.3	1.3.1	SI_COV_SOCINSPQ	[World Bank] Poorest quintile covered by social insurance programs (%)	2019.Q3.G.01	788	Tunisia	015	Northern Africa	Country	TUN	1	9.572737411	34.11439971																																
1	1.3	1.3.1	SI_COV_SOCINSPQ	[World Bank] Poorest quintile covered by social insurance programs (%)	2019.Q3.G.01	792	Turkey	145	Western Asia	Country	TUR	1	35.42890329	38.9899684		PT	Percentage			G	Global		[2004]: Household Income and Consumption Expenditures Survey 2004 // [2005]: Household Income and Consumption Expenditures Survey 2005 // [2006]: Household Income and Consumption Expenditures Survey 2006 // [2007]: Household Income and Consumption Expenditures Survey 2007 // [2008]: Household Income and Consumption Expenditures Survey 2008 // [2009]: Household Income and Consumption Expenditures Survey 2009 // [2010]: Household Income and Consumption Expenditures Survey 2010 // [2011]: Household Income and Consumption Expenditures Survey 2011 // [2012]: Household Income and Consumption Expenditures Survey 2012 // [2013]: Household Income and Consumption Expenditures Survey 2013 // [2014]: Household Income and Consumption Expenditures Survey 2014 // [2015]: Household Income and Consumption Expenditures Survey 2015 // [2016]: Household Income and Consumption Expenditures Survey 2016	[2004-2014]: Turkish Statistical Institute // [2015-2016]: State Institute of Statistics of Prime Ministry of Turkey - TURKSTAT		CA: Country adjusted data						10.20627	12.52796	14.56179	13.71986	18.61754	19.41439	20.75345	17.47794	24.8178	27.42889	29.86824	25.12815	24.93845	24.93845	2016
1	1.3	1.3.1	SI_COV_SOCINSPQ	[World Bank] Poorest quintile covered by social insurance programs (%)	2019.Q3.G.01	795	Turkmenistan	143	Central Asia	Country	TKM	1	58.9787665	40.0912346																																
1	1.3	1.3.1	SI_COV_SOCINSPQ	[World Bank] Poorest quintile covered by social insurance programs (%)	2019.Q3.G.01	796	Turks and Caicos Islands	029	Caribbean	Country	TCA	0	-71.745121	21.80780585																																
1	1.3	1.3.1	SI_COV_SOCINSPQ	[World Bank] Poorest quintile covered by social insurance programs (%)	2019.Q3.G.01	798	Tuvalu	061	Polynesia	Country	TUV	1	178.6679611	-7.460048071																																
1	1.3	1.3.1	SI_COV_SOCINSPQ	[World Bank] Poorest quintile covered by social insurance programs (%)	2019.Q3.G.01	800	Uganda	014	Eastern Africa	Country	UGA	1	32.39100438	1.279557331		PT	Percentage			G	Global		[2005]: National Household Survey 2005-2006 // [2009]: National Household Survey 2009-2010 // [2012]: National Household Survey 2012-2013	[2005]: Uganda Bureau of Statistics (UBOS) - Ministry of Finance, Planning and Economic Development  // [2009]: Uganda Bureau of Statistics (UBOS) - Ministry of Finance Planning and Economic Development  // [2012]: Uganda Bureau of Statistics - Government of Uganda 		CA: Country adjusted data							0.0				0.00906			0.01562					0.01562	2012
1	1.3	1.3.1	SI_COV_SOCINSPQ	[World Bank] Poorest quintile covered by social insurance programs (%)	2019.Q3.G.01	804	Ukraine	151	Eastern Europe	Country	UKR	1	31.40270802	49.00735945		PT	Percentage			G	Global		Household Living Conditions Survey	[2006]: State Statistics Committee of Ukraine // [2011-2012]: State Statistics Service of Ukraine  // [2013]: State Statistics Committee of Ukraine - UKRSTAT // [2015]: State Statistics Committe of Ukraine - UKRSTAT		CA: Country adjusted data								49.61937					53.96686	51.6594	50.24238		51.18166		51.18166	2015
1	1.3	1.3.1	SI_COV_SOCINSPQ	[World Bank] Poorest quintile covered by social insurance programs (%)	2019.Q3.G.01	807	North Macedonia	039	Southern Europe	Country	MKD	1	21.7007909	41.60048068																																
1	1.3	1.3.1	SI_COV_SOCINSPQ	[World Bank] Poorest quintile covered by social insurance programs (%)	2019.Q3.G.01	818	Egypt	015	Northern Africa	Country	EGY	1	29.77468534	26.57438204		PT	Percentage			G	Global		Household Income, Expenditure, and Consumption Survey 2008-2009	OAMDI, 2014. Harmonized Household Income and Expenditure Surveys (HHIES),http://www.erf.org.eg/cms.php?id=erfdataportal. Version 2.0 of Licensed Data Files; HIECS 2008/2009 - Central Agency for Public Mobilization and Statistics (CAPMAS). Egypt: Economic Research Forum (ERF).		CA: Country adjusted data										17.72657									17.72657	2008
1	1.3	1.3.1	SI_COV_SOCINSPQ	[World Bank] Poorest quintile covered by social insurance programs (%)	2019.Q3.G.01	826	United Kingdom of Great Britain and Northern Ireland	154	Northern Europe	Country	GBR	1	-2.23830539	53.27691757																																
1	1.3	1.3.1	SI_COV_SOCINSPQ	[World Bank] Poorest quintile covered by social insurance programs (%)	2019.Q3.G.01	831	Guernsey	830	Channel Islands	Country	GGY	0	-2.200712402	49.71561166																																
1	1.3	1.3.1	SI_COV_SOCINSPQ	[World Bank] Poorest quintile covered by social insurance programs (%)	2019.Q3.G.01	832	Jersey	830	Channel Islands	Country	JEY	0	-2.136773508	49.22353354																																
1	1.3	1.3.1	SI_COV_SOCINSPQ	[World Bank] Poorest quintile covered by social insurance programs (%)	2019.Q3.G.01	833	Isle of Man	154	Northern Europe	Country	IMN	0	-4.538190305	54.22880901																																
1	1.3	1.3.1	SI_COV_SOCINSPQ	[World Bank] Poorest quintile covered by social insurance programs (%)	2019.Q3.G.01	834	United Republic of Tanzania	014	Eastern Africa	Country	TZA	1	34.80521182	-6.265332606		PT	Percentage			G	Global		[2010]: LSMS - National Panel Survey 2010-2011, Wave 2 // [2012]: LSMS - National Panel Survey 2012-2013, Wave 3 // [2014]: LSMS - National Panel Survey 2014-2015, Wave 4	National Bureau of Statistics - Ministry of Finance and Planning		CA: Country adjusted data												0.0		0.10366		0.25501			0.25501	2014
1	1.3	1.3.1	SI_COV_SOCINSPQ	[World Bank] Poorest quintile covered by social insurance programs (%)	2019.Q3.G.01	840	United States of America	021	Northern America	Country	USA	1	-99.13830311	39.5277871																																
1	1.3	1.3.1	SI_COV_SOCINSPQ	[World Bank] Poorest quintile covered by social insurance programs (%)	2019.Q3.G.01	850	United States Virgin Islands	029	Caribbean	Country	VIR	0	-64.76960113	17.73297693																																
1	1.3	1.3.1	SI_COV_SOCINSPQ	[World Bank] Poorest quintile covered by social insurance programs (%)	2019.Q3.G.01	854	Burkina Faso	011	Western Africa	Country	BFA	1	-1.742843829	12.27491081		PT	Percentage			G	Global		Enquete Multisectorielle Continue 	Institut National de la Statistique et de la Démographie - Ministère de l'Economie et des Finances		CA: Country adjusted data																0.24394			0.24394	2014
1	1.3	1.3.1	SI_COV_SOCINSPQ	[World Bank] Poorest quintile covered by social insurance programs (%)	2019.Q3.G.01	858	Uruguay	005	South America	Country	URY	1	-56.01387025	-32.8002838		PT	Percentage			G	Global		Encuesta Continua de Hogares	[2008]: World Development Indicators database, World Bank // [2009-2010]: Instituto Nacional de Estadistica - Gobierno de Uruguay // [2011-2012]: Instituto Nacional de Estadistica - Republica Oriental del Uruguay		CA: Country adjusted data										22.77653	21.09338	20.778	21.92021	23.25327					23.25327	2012
1	1.3	1.3.1	SI_COV_SOCINSPQ	[World Bank] Poorest quintile covered by social insurance programs (%)	2019.Q3.G.01	860	Uzbekistan	143	Central Asia	Country	UZB	1	63.11944558	41.77560518																																
1	1.3	1.3.1	SI_COV_SOCINSPQ	[World Bank] Poorest quintile covered by social insurance programs (%)	2019.Q3.G.01	862	Venezuela (Bolivarian Republic of)	005	South America	Country	VEN	1	-66.15642084	7.121324748		PT	Percentage			G	Global		Encuesta de Hogares por Muestreo 2006 - SEDLAC - Base de Datos Armonizada	Instituto Nacional de Estadisticas		CA: Country adjusted data								4.45525											4.45525	2006
1	1.3	1.3.1	SI_COV_SOCINSPQ	[World Bank] Poorest quintile covered by social insurance programs (%)	2019.Q3.G.01	876	Wallis and Futuna Islands	061	Polynesia	Country	WLF	0	-176.2034788	-13.28471201																																
1	1.3	1.3.1	SI_COV_SOCINSPQ	[World Bank] Poorest quintile covered by social insurance programs (%)	2019.Q3.G.01	882	Samoa	061	Polynesia	Country	WSM	1	-172.4430749	-13.61541469		PT	Percentage			G	Global		Household Income and Expenditure Survey 2008	Bureau of Statistics - Government of Samoa 		CA: Country adjusted data										31.81088									31.81088	2008
1	1.3	1.3.1	SI_COV_SOCINSPQ	[World Bank] Poorest quintile covered by social insurance programs (%)	2019.Q3.G.01	887	Yemen	145	Western Asia	Country	YEM	1	45.22389143	15.22242099		PT	Percentage			G	Global		Household Budget Survey	Central Statistical Organization (CSO) - Ministry of Planning and International Cooperation		CA: Country adjusted data							9.12827												9.12827	2005
1	1.3	1.3.1	SI_COV_SOCINSPQ	[World Bank] Poorest quintile covered by social insurance programs (%)	2019.Q3.G.01	894	Zambia	014	Eastern Africa	Country	ZMB	1	27.850329	-14.59701056		PT	Percentage			G	Global		Living Conditions Monitoring Survey VI (LCMS VI)	Central Statistical Office - Government of the Republic of Zambia		CA: Country adjusted data												0.17261							0.17261	2010
